# Blender 5.0.1
# www.blender.org
mtllib Character_ForFamelygame_RAID.mtl
o Cube
v 2.074263 1.823918 7.226782
v 1.964795 -0.112190 7.123492
v 0.918440 1.818400 7.226782
v 0.930999 -0.086838 7.126690
v 0.909688 -0.031930 8.275650
v 2.360091 1.862033 8.274648
v 0.626356 1.853756 8.274648
v 1.954326 -0.044295 8.274648
v 2.021984 0.705979 7.200750
v 0.862926 0.711200 7.200750
v 2.311123 0.710143 8.274648
v 0.572536 0.717975 8.274648
v 0.595166 3.474500 8.274648
v 2.419175 3.489538 8.274648
v 0.511678 4.405451 8.274648
v 0.837866 4.356353 6.987878
v 2.140116 4.349871 6.987492
v 2.465053 4.395727 8.274648
v 0.470431 5.054355 8.274648
v 0.822938 5.005065 6.899843
v 2.232967 4.925343 6.897913
v 2.585474 4.934772 8.274648
v 0.475470 5.574584 8.274648
v 0.809735 5.573825 6.750574
v 2.146795 5.523833 6.748644
v 2.481061 5.499592 8.274648
v 0.846182 6.179029 8.274648
v 1.010933 6.171510 7.633290
v 1.669936 6.068582 7.633290
v 1.834687 6.024637 8.274648
v 1.998675 -0.885238 7.097138
v 0.950441 -0.822553 7.106776
v 2.000095 -0.904099 8.029787
v 0.951986 -0.843734 8.039260
v 1.743226 -2.364148 7.058543
v 0.722762 -2.207041 7.084843
v 1.748876 -2.394588 7.990799
v 0.729419 -2.236988 8.017258
v 1.408904 -3.723069 7.049658
v 0.494400 -3.571585 7.073173
v 1.416023 -3.753439 7.920640
v 0.501520 -3.601954 7.944155
v 1.104302 -5.590072 7.159099
v 0.401542 -5.449999 7.222964
v 1.108570 -5.612012 7.724270
v 0.405059 -5.467706 7.684371
v 1.091103 -6.055000 7.137383
v 0.315405 -5.920627 7.249678
v 1.095669 -6.076141 7.715146
v 0.318461 -5.934193 7.629698
v 2.010469 -5.981558 7.691570
v 2.006407 -5.959691 7.142407
v 2.024854 -6.216370 7.691339
v 2.020606 -6.194160 7.124550
v 0.582106 5.963548 8.274648
v 0.841878 5.972319 6.914237
v 1.880964 5.915308 6.913851
v 2.140736 5.878035 8.274648
v 0.954501 6.471111 8.274648
v 1.091343 6.485842 7.700730
v 1.680431 6.319505 7.720788
v 1.828252 6.237165 8.274648
v 0.899980 6.893180 8.274648
v 1.045507 6.989063 7.512417
v 1.836216 6.588385 7.612706
v 2.036638 6.369968 8.274648
v 0.810620 8.540845 8.274648
v 1.083578 8.524089 7.528676
v 2.292714 8.418169 7.656445
v 2.506590 8.510814 8.274648
v 1.256118 8.962946 8.274648
v 1.349400 8.841127 7.699135
v 2.039680 8.810152 7.738846
v 2.145451 8.920774 8.274648
v 1.020493 7.224745 7.464430
v 2.019879 6.692582 7.594285
v 2.184667 6.360136 8.274648
v 0.851844 7.131310 8.274648
v 0.994321 7.837351 7.455163
v 0.740899 7.827702 8.274648
v 2.107699 7.541064 7.442644
v 2.109895 7.489772 8.274648
v 2.620699 7.891031 7.909664
v 2.642139 7.898220 8.274648
v 2.603977 7.181074 7.871817
v 2.529319 6.524295 7.930953
v 2.661946 7.083951 8.274648
v 2.567924 6.381553 8.274648
v 0.485276 -4.557453 7.178014
v 0.489879 -4.580307 7.778186
v 1.119028 -4.665174 7.164271
v 1.123631 -4.688028 7.764443
v 1.157656 4.279397 6.470218
v 1.204636 5.005381 6.786576
v 1.112540 4.788221 5.975363
v 1.155019 5.618121 6.564390
v 1.949616 4.283782 6.475001
v 1.839728 4.999873 6.793184
v 1.929842 4.787894 5.987932
v 1.813314 5.616325 6.575269
v 1.286631 3.811794 5.492740
v 1.375668 3.488404 5.963044
v 2.014873 3.830043 5.495209
v 2.076517 3.529565 5.963867
v 2.380484 0.952323 4.438518
v 2.386495 0.954216 4.607062
v 2.634051 1.009432 4.462345
v 2.647809 1.004696 4.597576
v 1.667159 2.783650 5.564954
v 2.247205 2.884076 5.562848
v 2.183654 3.124621 5.163954
v 1.588019 3.038156 5.157845
v 2.374306 0.736307 4.403463
v 2.369222 0.754484 4.600343
v 2.719219 0.768128 4.404524
v 2.748939 0.776611 4.595803
v 2.796128 0.976963 4.584379
v 2.771945 0.972536 4.505482
v 2.887915 0.821687 4.607336
v 2.847133 0.809430 4.490292
v 2.912843 0.555686 4.693166
v 2.890486 0.544544 4.593429
v 2.993255 0.575326 4.688439
v 2.959947 0.559201 4.595584
v 2.969027 0.463045 4.721167
v 2.956110 0.454779 4.667037
v 3.016494 0.474648 4.714660
v 2.998394 0.464418 4.661634
v 2.364163 0.448609 4.423280
v 2.363196 0.477861 4.575199
v 2.745783 0.450691 4.444258
v 2.742383 0.479853 4.578769
v 2.229107 1.389603 4.834157
v 2.526401 1.515377 4.635354
v 2.550653 1.456893 4.824142
v 2.200666 1.444789 4.606304
v 2.438757 0.134519 4.547684
v 2.443038 0.157712 4.666055
v 2.723925 0.128350 4.566293
v 2.723999 0.152670 4.678029
v 2.074263 1.823919 9.322514
v 1.960156 -0.114011 9.426497
v 0.918440 1.818400 9.322514
v 0.915820 -0.105612 9.425870
v 2.021984 0.705979 9.348545
v 0.862926 0.711200 9.348545
v 0.837866 4.356353 9.561418
v 2.140116 4.349871 9.561803
v 0.822938 5.005065 9.649452
v 2.232967 4.925343 9.651382
v 0.809735 5.573825 9.798721
v 2.146796 5.523833 9.800651
v 1.010933 6.171511 8.916005
v 1.669936 6.068583 8.916005
v 1.986955 -0.903160 9.454944
v 0.932462 -0.890214 9.449906
v 1.986955 -0.917170 8.522088
v 0.932463 -0.904224 8.517051
v 1.928639 -2.461753 9.476205
v 0.887482 -2.449250 9.463577
v 1.928639 -2.475762 8.543349
v 0.887482 -2.463260 8.530722
v 1.818553 -3.859144 9.461330
v 0.891387 -3.851309 9.450456
v 1.818553 -3.872715 8.589895
v 0.891387 -3.864879 8.579021
v 1.806078 -5.748585 9.318792
v 1.089296 -5.718386 9.265112
v 1.806078 -5.759651 8.753286
v 1.089296 -5.727214 8.803437
v 1.865521 -6.210219 9.331590
v 1.076923 -6.196139 9.230154
v 1.865521 -6.220229 8.753510
v 1.076923 -6.202379 8.849932
v 2.754774 -5.984982 8.769232
v 2.754774 -5.973676 9.318729
v 2.805445 -6.214669 8.764740
v 2.805445 -6.203362 9.331866
v 0.841878 5.972318 9.635057
v 1.880964 5.915309 9.635444
v 1.091343 6.485842 8.848565
v 1.680431 6.319506 8.828507
v 1.045507 6.989062 9.036879
v 1.836216 6.588385 8.936589
v 1.083578 8.524089 9.020619
v 2.292714 8.418169 8.892850
v 1.349400 8.841127 8.850161
v 2.039680 8.810150 8.810449
v 1.020493 7.224745 9.084866
v 2.019879 6.692582 8.955010
v 0.994321 7.837351 9.094131
v 2.107699 7.541064 9.106652
v 2.620699 7.891032 8.639631
v 2.603977 7.181074 8.677479
v 2.529319 6.524295 8.618342
v 1.034031 -4.824606 9.326542
v 1.034031 -4.835907 8.726024
v 1.676950 -4.832700 9.331473
v 1.676950 -4.844002 8.730955
v 1.157656 4.279397 10.079077
v 1.204636 5.005381 9.762718
v 1.112540 4.788221 10.573932
v 1.155019 5.618121 9.984904
v 1.949615 4.283783 10.074293
v 1.839728 4.999873 9.756111
v 1.929841 4.787894 10.561361
v 1.813314 5.616325 9.974026
v 1.286631 3.811794 11.056556
v 1.375668 3.488404 10.586251
v 2.014873 3.830043 11.054087
v 2.076517 3.529564 10.585428
v 2.380484 0.952324 12.110777
v 2.386495 0.954217 11.942234
v 2.634051 1.009433 12.086950
v 2.647808 1.004696 11.951719
v 1.667158 2.783650 10.984342
v 2.247204 2.884076 10.986447
v 2.183653 3.124621 11.385342
v 1.588019 3.038156 11.391451
v 2.374305 0.736309 12.145833
v 2.369221 0.754486 11.948953
v 2.719219 0.768128 12.144772
v 2.748939 0.776611 11.953492
v 2.796127 0.976963 11.964917
v 2.771945 0.972536 12.043815
v 2.887915 0.821686 11.941960
v 2.847133 0.809430 12.059004
v 2.912843 0.555687 11.856130
v 2.890486 0.544544 11.955867
v 2.993255 0.575327 11.860857
v 2.959946 0.559202 11.953712
v 2.969027 0.463045 11.828129
v 2.956110 0.454780 11.882258
v 3.016494 0.474649 11.834636
v 2.998394 0.464418 11.887661
v 2.364163 0.448610 12.126016
v 2.363196 0.477861 11.974097
v 2.745783 0.450692 12.105039
v 2.742383 0.479854 11.970528
v 2.229107 1.389604 11.715137
v 2.526401 1.515378 11.913941
v 2.550653 1.456894 11.725152
v 2.200666 1.444790 11.942991
v 2.438757 0.134519 12.001613
v 2.443038 0.157712 11.883241
v 2.723924 0.128351 11.983003
v 2.723998 0.152670 11.871267
v 1.449707 -0.097641 6.952813
v 1.983332 0.267169 7.158422
v 0.888628 0.281555 7.159939
v 0.664274 1.832806 7.672125
v 1.496820 1.815649 7.069602
v 2.160979 -0.114575 7.606669
v 0.728510 -0.083652 7.610759
v 2.325770 1.840738 7.672125
v 2.225442 0.269387 8.274648
v 1.434580 -0.147526 8.275540
v 0.636724 0.279777 8.274648
v 1.493224 1.857894 8.274648
v 2.050765 1.194736 7.232629
v 0.886059 1.194700 7.232629
v 2.340065 1.215995 8.274648
v 0.593006 1.215939 8.274648
v 2.275262 0.707161 7.657157
v 1.442549 0.707769 7.039666
v 1.441830 0.714059 8.274648
v 0.609117 0.714667 7.657157
v 1.507171 3.482020 8.274648
v 0.625537 2.679877 8.274648
v 0.923332 2.634053 7.166507
v 2.100125 2.642332 7.166507
v 2.390727 2.692294 8.274648
v 0.552733 4.377949 7.534813
v 1.489085 4.345992 6.794641
v 2.424717 4.368630 7.534475
v 1.488366 4.400589 8.274648
v 2.434439 4.038826 8.274648
v 0.552251 4.023717 8.274648
v 0.867826 3.974214 7.028487
v 2.122618 3.984286 7.028439
v 0.514494 5.034981 7.484424
v 1.527952 4.960801 6.692513
v 2.541410 4.920382 7.482736
v 1.527952 4.994563 8.274648
v 2.190755 4.642660 6.950932
v 2.531865 4.672133 8.274648
v 0.484735 4.743627 8.274648
v 0.826001 4.690322 6.952089
v 0.517253 5.579771 7.398595
v 1.478265 5.550590 6.520853
v 2.439277 5.507906 7.396906
v 1.478265 5.537087 8.274648
v 2.220112 5.231039 6.817894
v 2.570894 5.221467 8.274648
v 0.466203 5.329851 8.274648
v 0.816985 5.303295 6.820113
v 0.614578 5.975005 7.492469
v 1.361421 5.947266 6.709954
v 2.108264 5.893053 7.492132
v 1.361421 5.920793 8.274648
v 2.326568 5.725019 8.274648
v 0.506642 5.791292 8.274648
v 0.809963 5.801896 6.750172
v 2.023247 5.757713 6.749015
v 1.474031 -0.852038 6.926924
v 2.200369 -0.901792 7.562544
v 0.754953 -0.819727 7.574987
v 1.476133 -0.879322 8.209229
v 0.953761 -0.402866 7.110969
v 0.951391 -0.417946 8.060881
v 1.983257 -0.439944 7.105844
v 1.980497 -0.450969 8.056080
v 1.232765 -2.279312 6.897038
v 1.934947 -2.409541 7.519393
v 0.534077 -2.192885 7.555875
v 1.241960 -2.321028 8.179071
v 1.921825 -1.561983 7.083221
v 0.876962 -1.430644 7.103085
v 0.882294 -1.456234 8.035679
v 1.927078 -1.588811 8.015710
v 0.950317 -3.641632 6.898107
v 1.583932 -3.766657 7.480740
v 0.326491 -3.558367 7.513073
v 0.960106 -3.683391 8.095707
v 0.582838 -2.969611 7.991098
v 1.575037 -3.135483 7.964464
v 1.567408 -3.103687 7.039758
v 0.575210 -2.937815 7.066392
v 0.680204 -5.492699 7.123873
v 1.235321 -5.542604 7.441814
v 0.305533 -5.443934 7.455136
v 0.685160 -5.517712 7.774775
v 0.465150 -5.026946 7.215574
v 0.484670 -4.117163 7.864699
v 1.022023 -5.123858 7.200593
v 1.263209 -4.246874 7.845972
v 0.581002 -5.981522 7.183922
v 1.090313 -6.125290 7.424137
v 0.250439 -5.950377 7.439520
v 0.585050 -5.999372 7.685824
v 0.319572 -5.777072 7.675410
v 1.103822 -5.905471 7.814023
v 1.097905 -5.876810 7.050725
v 0.315936 -5.760165 7.214491
v 2.079391 -5.960450 7.416345
v 2.096010 -6.246481 7.405282
v 2.090299 -6.117352 7.760972
v 2.085102 -6.089580 7.060653
v 1.659432 -6.149584 7.087504
v 1.664431 -6.174660 7.742278
v 1.645771 -5.834920 7.115356
v 1.650414 -5.859466 7.737916
v 0.866776 6.186285 7.905867
v 1.340435 6.122777 7.537086
v 1.814093 6.038327 7.905867
v 1.340435 6.101834 8.274648
v 0.712338 6.081288 8.274648
v 0.920784 6.081361 7.282172
v 1.754570 5.999878 7.282124
v 1.963016 5.959064 8.274648
v 0.966666 6.498683 7.941637
v 1.385064 6.409956 7.626176
v 1.809774 6.265408 7.959187
v 1.391377 6.354137 8.274648
v 1.645715 6.176877 7.754201
v 1.789371 6.125998 8.274648
v 0.929083 6.299181 8.274648
v 1.071367 6.293629 7.751694
v 0.893468 6.995335 7.821321
v 1.436744 6.812298 7.455749
v 2.011585 6.448537 7.909075
v 1.468309 6.631573 8.274648
v 1.932620 6.320624 8.274648
v 0.933555 6.698225 8.274648
v 1.073716 6.754187 7.599692
v 1.759522 6.471331 7.659866
v 0.844740 8.538849 7.829677
v 1.642258 8.486711 7.478548
v 2.485027 8.500140 7.965704
v 1.629346 8.496028 8.274648
v 1.018865 8.206687 7.479307
v 1.884794 6.641869 7.593081
v 2.094126 6.385110 8.274648
v 0.742255 8.208940 8.274648
v 1.271774 8.899870 7.918996
v 1.698645 8.837439 7.682850
v 2.127656 8.859636 7.944306
v 1.710152 8.999052 8.274648
v 2.160968 8.696222 7.685245
v 2.390989 8.748705 8.274648
v 0.962565 8.802240 8.274648
v 1.196811 8.738052 7.604145
v 1.031140 7.104511 7.474550
v 2.044314 7.089278 7.472301
v 2.062433 6.976909 8.274648
v 0.880583 6.994044 8.274648
v 1.491008 6.838350 8.274648
v 0.848222 7.234298 7.793577
v 2.167712 6.448539 7.932006
v 1.469901 7.026797 7.401797
v 1.002180 7.482868 7.455028
v 0.792531 7.433358 8.274648
v 2.182642 7.997166 7.504364
v 2.199363 7.978288 8.274648
v 1.501985 7.665102 8.274648
v 0.767637 7.859791 7.795856
v 2.454988 7.340678 7.639889
v 1.528448 7.722142 7.353439
v 2.638573 7.906467 8.063335
v 2.578712 6.763647 7.899694
v 2.650303 6.667700 8.274648
v 2.561174 6.422801 8.084576
v 2.620049 7.604423 7.878454
v 2.661366 7.509499 8.274648
v 2.654700 7.106451 8.082306
v 2.368885 6.553135 7.796872
v 2.550006 8.113195 7.804226
v 2.587792 8.229589 8.274648
v 2.376648 6.315322 8.274648
v 2.462509 7.293227 8.274648
v 0.478739 -4.090178 7.119666
v 0.468898 -5.046445 7.714526
v 1.257278 -4.219889 7.100939
v 1.025839 -5.143746 7.708943
v 1.240158 -4.696799 7.461780
v 0.807618 -4.638453 7.883847
v 0.801289 -4.607028 7.058610
v 0.368749 -4.548682 7.480677
v 0.984230 4.533429 6.221163
v 1.133060 4.683007 6.685124
v 1.106587 5.369969 6.708447
v 1.076278 5.350722 6.317823
v 1.515107 4.883020 5.889592
v 1.478114 5.756899 6.591086
v 1.902427 5.350549 6.332117
v 2.090597 4.536219 6.233094
v 1.899283 5.365020 6.719243
v 1.921340 4.678114 6.691705
v 1.559720 4.186627 6.564665
v 1.527756 4.978089 6.836603
v 1.197172 3.644529 5.727583
v 1.636626 3.879406 5.405947
v 2.179672 3.685374 5.729847
v 1.740219 3.450497 6.051484
v 1.964382 4.238622 5.701056
v 1.193760 4.236935 5.693620
v 1.255809 3.856436 6.203520
v 2.003519 3.874305 6.206073
v 2.340379 0.944472 4.522321
v 2.495680 0.978588 4.421278
v 2.671730 1.038064 4.539395
v 2.506818 0.976373 4.627808
v 2.359198 1.061356 4.654047
v 2.145637 3.279717 5.789535
v 2.596374 1.128783 4.507956
v 1.395628 3.501983 5.344115
v 1.489988 3.203020 5.789695
v 2.407166 2.163630 5.187487
v 2.075221 3.557269 5.345187
v 1.902499 2.227859 4.873059
v 1.517369 2.893381 5.361024
v 2.325649 3.021869 5.363776
v 1.872459 3.127799 5.085337
v 1.970559 2.787452 5.639464
v 2.315027 0.737910 4.505099
v 2.525146 0.755562 4.367867
v 2.779889 0.720648 4.504027
v 2.532399 0.774440 4.620793
v 2.678335 0.906782 4.609562
v 2.651284 0.904085 4.407964
v 2.382658 0.853405 4.418041
v 2.381900 0.863059 4.604237
v 2.787607 0.985178 4.549805
v 2.884079 0.818198 4.554379
v 2.836899 0.924166 4.593963
v 2.801006 0.915651 4.487094
v 2.746083 0.989813 4.588549
v 2.722103 0.988159 4.484244
v 2.843355 0.812495 4.622964
v 2.793743 0.800428 4.441004
v 2.887614 0.546900 4.643538
v 2.990652 0.570479 4.641770
v 2.958268 0.568063 4.708858
v 2.919998 0.549316 4.576451
v 2.855047 0.668274 4.638831
v 2.944994 0.692231 4.645198
v 2.906268 0.677189 4.535976
v 2.826116 0.659187 4.508668
v 2.960443 0.453851 4.696633
v 3.013756 0.466477 4.689545
v 2.996312 0.465678 4.724902
v 2.977886 0.454650 4.661276
v 2.990103 0.490094 4.637480
v 2.932176 0.477210 4.643382
v 3.016799 0.504557 4.711970
v 2.949301 0.487938 4.720480
v 2.292354 0.462853 4.496938
v 2.555382 0.444173 4.406917
v 2.815409 0.465653 4.513814
v 2.552380 0.484333 4.603837
v 2.359928 0.632354 4.576463
v 2.722063 0.649201 4.562040
v 2.715616 0.629131 4.407449
v 2.364755 0.607307 4.400245
v 1.955712 2.072263 5.193741
v 2.362529 2.314871 4.891198
v 2.608982 1.113360 4.643205
v 2.345235 1.070561 4.476982
v 2.154204 1.404270 4.718447
v 2.599209 1.499061 4.731532
v 2.358593 1.490740 4.581768
v 2.394820 1.412591 4.868210
v 2.413115 0.120946 4.615894
v 2.582952 0.103105 4.553750
v 2.756177 0.114152 4.634427
v 2.586340 0.131993 4.696571
v 2.389725 0.289484 4.627650
v 2.753072 0.284295 4.640137
v 2.756248 0.253215 4.507372
v 2.385996 0.260160 4.482298
v 1.437988 -0.107687 9.598658
v 1.983332 0.267169 9.390873
v 0.881123 0.274539 9.390795
v 0.664274 1.832806 8.877171
v 1.496820 1.815650 9.479693
v 2.160979 -0.114575 8.942626
v 0.713575 -0.103055 8.941821
v 2.325770 1.840738 8.877171
v 2.050765 1.194737 9.316667
v 0.886059 1.194700 9.316667
v 2.275262 0.707162 8.892138
v 1.442549 0.707769 9.509629
v 0.609117 0.714667 8.892138
v 0.923332 2.634053 9.382789
v 2.100125 2.642332 9.382789
v 0.552733 4.377949 9.014482
v 1.489085 4.345992 9.754655
v 2.424717 4.368630 9.014820
v 0.867826 3.974214 9.520809
v 2.122618 3.984286 9.520857
v 0.514494 5.034981 9.064871
v 1.527952 4.960801 9.856783
v 2.541410 4.920382 9.066560
v 2.190755 4.642660 9.598364
v 0.826001 4.690322 9.597206
v 0.517253 5.579772 9.150701
v 1.478265 5.550592 10.028441
v 2.439277 5.507906 9.152389
v 2.220112 5.231039 9.731401
v 0.816985 5.303295 9.729182
v 0.614578 5.975006 9.056826
v 1.361421 5.947266 9.839341
v 2.108264 5.893053 9.057163
v 0.809963 5.801896 9.799123
v 2.023247 5.757714 9.800280
v 1.459709 -0.894060 9.627336
v 2.184673 -0.912592 8.989460
v 0.734745 -0.894792 8.982534
v 1.459709 -0.913324 8.344659
v 0.934708 -0.435767 9.443148
v 0.933839 -0.444135 8.492537
v 1.972212 -0.446413 9.445269
v 1.971301 -0.454672 8.494598
v 1.408060 -2.452874 9.644802
v 2.123856 -2.471102 9.012145
v 0.692265 -2.453910 8.994781
v 1.408060 -2.472138 8.362124
v 1.969594 -1.625359 9.465288
v 0.912659 -1.611727 9.455985
v 0.912659 -1.625736 8.523129
v 1.969594 -1.639369 8.532433
v 1.354970 -3.852682 9.619287
v 1.992397 -3.867399 9.027652
v 0.717543 -3.856625 9.012699
v 1.354970 -3.871341 8.421064
v 0.872898 -3.226855 8.543540
v 1.879086 -3.236876 8.556430
v 1.879086 -3.222921 9.481608
v 0.872898 -3.212900 9.468719
v 1.372519 -5.718973 9.360397
v 1.924313 -5.676357 9.035683
v 0.990386 -5.723243 9.034132
v 1.372519 -5.731461 8.709115
v 1.086540 -5.290785 9.280064
v 0.955809 -4.377758 8.648604
v 1.651859 -5.300179 9.287256
v 1.745227 -4.385145 8.656556
v 1.349617 -6.216143 9.291896
v 1.871786 -6.274722 9.043547
v 1.014809 -6.232285 9.040468
v 1.349617 -6.224317 8.789726
v 1.053008 -6.046218 8.807278
v 1.845741 -6.048654 8.657893
v 1.845741 -6.034691 9.421624
v 1.053008 -6.038191 9.268452
v 2.823290 -5.958259 9.044071
v 2.884265 -6.238377 9.049387
v 2.853778 -6.105470 8.696358
v 2.853778 -6.091166 9.397100
v 2.442263 -6.216146 9.373596
v 2.442263 -6.228619 8.718443
v 2.379537 -5.906993 9.352022
v 2.379537 -5.919565 8.729088
v 0.866776 6.186285 8.643428
v 1.340435 6.122778 9.012209
v 1.814093 6.038327 8.643429
v 0.920784 6.081360 9.267123
v 1.754570 5.999878 9.267171
v 0.966666 6.498683 8.607659
v 1.385064 6.409956 8.923120
v 1.809774 6.265409 8.590108
v 1.645715 6.176877 8.795094
v 1.071367 6.293628 8.797602
v 0.893468 6.995335 8.727974
v 1.436744 6.812296 9.093547
v 2.011585 6.448537 8.640221
v 1.073716 6.754186 8.949603
v 1.759522 6.471332 8.889430
v 0.844740 8.538848 8.719618
v 1.642258 8.486711 9.070747
v 2.485027 8.500140 8.583591
v 1.018865 8.206687 9.069989
v 1.884794 6.641869 8.956215
v 1.271774 8.899870 8.630299
v 1.698645 8.837439 8.866446
v 2.127656 8.859636 8.604989
v 2.160968 8.696221 8.864051
v 1.196811 8.738052 8.945150
v 1.031140 7.104511 9.074745
v 2.044314 7.089277 9.076995
v 0.848222 7.234299 8.755718
v 2.167712 6.448539 8.617289
v 1.469901 7.026797 9.147499
v 1.002180 7.482867 9.094268
v 2.182642 7.997166 9.044931
v 0.767637 7.859791 8.753439
v 2.454988 7.340678 8.909407
v 1.528448 7.722143 9.195856
v 2.638573 7.906467 8.485960
v 2.578712 6.763647 8.649602
v 2.561174 6.422801 8.464720
v 2.620049 7.604423 8.670841
v 2.654700 7.106450 8.466990
v 2.368885 6.553134 8.752423
v 2.550006 8.113194 8.745070
v 0.955809 -4.365131 9.394043
v 1.086540 -5.300684 8.780815
v 1.745227 -4.372518 9.401995
v 1.651859 -5.310288 8.778604
v 1.797498 -4.839869 9.032139
v 1.355491 -4.842074 8.615892
v 1.355491 -4.826534 9.441605
v 0.913484 -4.828740 9.025358
v 0.984230 4.533429 10.328131
v 1.133060 4.683007 9.864171
v 1.106587 5.369969 9.840848
v 1.076278 5.350722 10.231471
v 1.515107 4.883020 10.659702
v 1.478114 5.756899 9.958208
v 1.902427 5.350549 10.217177
v 2.090596 4.536219 10.316200
v 1.899283 5.365020 9.830051
v 1.921339 4.678114 9.857590
v 1.559719 4.186628 9.984631
v 1.527756 4.978089 9.712691
v 1.197172 3.644529 10.821712
v 1.636626 3.879405 11.143349
v 2.179672 3.685374 10.819448
v 1.740218 3.450497 10.497811
v 1.964382 4.238622 10.848239
v 1.193760 4.236935 10.855676
v 1.255808 3.856435 10.345776
v 2.003519 3.874305 10.343223
v 2.340378 0.944474 12.026974
v 2.495680 0.978589 12.128018
v 2.671730 1.038064 12.009901
v 2.506818 0.976374 11.921488
v 2.359198 1.061357 11.895247
v 2.145637 3.279717 10.759761
v 2.596373 1.128784 12.041340
v 1.395627 3.501983 11.205181
v 1.489987 3.203021 10.759601
v 2.407166 2.163631 11.361808
v 2.075221 3.557269 11.204109
v 1.902499 2.227860 11.676235
v 1.517368 2.893381 11.188271
v 2.325649 3.021870 11.185519
v 1.872459 3.127799 11.463959
v 1.970559 2.787452 10.909831
v 2.315027 0.737912 12.044196
v 2.525146 0.755563 12.181428
v 2.779889 0.720649 12.045268
v 2.532399 0.774442 11.928502
v 2.678334 0.906782 11.939734
v 2.651284 0.904085 12.141332
v 2.382658 0.853406 12.131254
v 2.381899 0.863060 11.945059
v 2.787607 0.985178 11.999491
v 2.884078 0.818197 11.994917
v 2.836899 0.924166 11.955334
v 2.801006 0.915651 12.062202
v 2.746083 0.989813 11.960747
v 2.722103 0.988159 12.065052
v 2.843355 0.812495 11.926332
v 2.793743 0.800427 12.108292
v 2.887614 0.546900 11.905757
v 2.990651 0.570480 11.907526
v 2.958267 0.568064 11.840438
v 2.919998 0.549316 11.972845
v 2.855047 0.668274 11.910465
v 2.944994 0.692232 11.904098
v 2.906268 0.677190 12.013319
v 2.826115 0.659188 12.040627
v 2.960442 0.453852 11.852663
v 3.013755 0.466478 11.859751
v 2.996312 0.465679 11.824394
v 2.977886 0.454651 11.888020
v 2.990103 0.490095 11.911816
v 2.932175 0.477211 11.905914
v 3.016799 0.504558 11.837325
v 2.949300 0.487939 11.828815
v 2.292354 0.462853 12.052357
v 2.555382 0.444174 12.142380
v 2.815409 0.465654 12.035482
v 2.552380 0.484334 11.945458
v 2.359927 0.632356 11.972833
v 2.722062 0.649202 11.987255
v 2.715615 0.629132 12.141847
v 2.364755 0.607309 12.149051
v 1.955712 2.072264 11.355553
v 2.362529 2.314872 11.658096
v 2.608982 1.113362 11.906090
v 2.345235 1.070562 12.072313
v 2.154204 1.404271 11.830849
v 2.599209 1.499062 11.817762
v 2.358593 1.490741 11.967526
v 2.394820 1.412592 11.681085
v 2.413115 0.120946 11.933402
v 2.582952 0.103105 11.995546
v 2.756176 0.114153 11.914869
v 2.586339 0.131993 11.852725
v 2.389725 0.289485 11.921645
v 2.753072 0.284295 11.909159
v 2.756248 0.253215 12.041924
v 2.385995 0.260160 12.066998
v 0.630482 1.203722 7.675487
v 1.466536 1.215967 8.274648
v 1.468694 1.191531 7.076326
v 2.304747 1.203775 7.675487
v 0.759609 -0.403805 7.582058
v 0.664380 2.652596 7.637466
v 2.218847 0.264506 7.632739
v 1.434404 0.273204 6.991428
v 1.431079 0.262309 8.274648
v 0.651548 0.281438 7.634090
v 1.493345 4.031272 8.274648
v 1.512268 2.631007 7.000286
v 1.508132 2.686085 8.274648
v 2.356020 2.664496 7.637467
v 2.489261 4.649824 7.513337
v 1.495503 3.971447 6.841535
v 2.396306 4.008599 7.558070
v 0.592543 3.994119 7.558112
v 2.527046 5.218841 7.436681
v 0.527428 4.718339 7.514350
v 1.508300 4.707880 8.274648
v 1.508390 4.660283 6.753040
v 1.416605 5.758154 8.274648
v 0.510051 5.322709 7.438623
v 1.518548 5.275658 8.274648
v 1.518548 5.265893 6.600657
v 1.771414 6.142070 7.975767
v 1.416605 5.783052 6.520835
v 2.288653 5.738847 7.397235
v 0.544557 5.802359 7.398248
v 1.398243 -1.490085 6.918385
v 1.468800 -0.419668 6.933771
v 1.466158 -0.446201 8.223412
v 2.176373 -0.451072 7.575458
v 1.080368 -3.058509 8.151163
v 1.405645 -1.526335 8.200627
v 2.127113 -1.605658 7.546110
v 0.683649 -1.419286 7.573061
v 0.366083 -5.019414 7.466909
v 1.757260 -3.150686 7.497117
v 0.392987 -2.922612 7.533740
v 1.069879 -3.014789 6.879694
v 0.625638 -5.823502 7.776839
v 0.737139 -5.070721 7.115807
v 0.742309 -5.097628 7.804215
v 1.131197 -5.146350 7.452943
v 0.560357 -6.049173 7.433035
v 1.671938 -6.220100 7.412588
v 0.211391 -5.759413 7.446232
v 0.620341 -5.798783 7.104309
v 2.239045 -6.136039 7.407343
v 1.657484 -5.993464 6.979806
v 1.662613 -5.789406 7.428522
v 1.664134 -6.027722 7.861189
v 0.738393 6.090497 7.703981
v 1.337677 6.043686 7.133273
v 1.936960 5.973366 7.703939
v 1.337677 6.020176 8.274648
v 1.433088 6.509424 8.274648
v 0.946251 6.309172 7.973573
v 1.359227 6.212589 8.274648
v 1.358438 6.238652 7.674693
v 1.582197 8.135384 7.400480
v 1.414149 6.628260 7.533049
v 1.910983 6.374292 7.930174
v 0.936254 6.763391 7.877522
v 2.363394 8.717285 7.946286
v 2.505072 7.786427 7.680787
v 0.776213 8.222864 7.805096
v 1.552295 8.109608 8.274648
v 1.708707 8.923927 7.933627
v 0.991519 8.770245 7.874434
v 1.675392 8.778965 8.274648
v 1.675710 8.711340 7.551761
v 1.484962 6.698791 8.274648
v 0.870994 7.110135 7.797273
v 2.068803 6.475004 7.903692
v 1.450050 6.904773 7.421384
v 1.484149 7.204249 8.274648
v 0.803915 7.501070 7.793406
v 2.404289 6.892937 7.677851
v 1.491729 7.322407 7.364642
v 2.656149 7.530553 8.075885
v 2.641359 6.692290 8.095879
v 2.581758 8.225636 8.017580
v 2.373609 6.380588 8.014468
v 2.415467 6.806037 8.274648
v 2.515769 7.765540 8.274648
v 1.406220 -4.257702 7.469944
v 0.875052 -4.187078 7.995029
v 0.866896 -4.149974 6.970609
v 0.335728 -4.079350 7.495694
v 0.952398 5.023071 6.502847
v 1.481854 5.485523 6.262459
v 2.064107 5.019477 6.517240
v 1.534651 4.557025 6.757627
v 1.569585 4.307604 5.602189
v 1.502432 5.488309 6.785176
v 2.485856 1.084521 4.677570
v 1.082441 4.044852 5.947634
v 2.126294 4.058297 5.954501
v 1.639150 3.795543 6.299945
v 2.727718 1.013253 4.542485
v 2.467705 1.101438 4.463027
v 2.648576 1.132918 4.578190
v 2.305720 1.055893 4.563750
v 1.317629 3.340128 5.566819
v 2.235608 3.430867 5.567446
v 1.719977 3.583675 5.261220
v 1.833260 3.187320 5.873045
v 2.538986 0.646053 4.599075
v 2.334438 0.849638 4.513184
v 2.518524 0.885105 4.625102
v 2.508921 0.877642 4.388258
v 2.835597 0.922235 4.546782
v 2.786353 0.920103 4.607473
v 2.906831 0.683842 4.663759
v 2.744424 0.913535 4.441632
v 2.957278 0.480910 4.626558
v 2.860419 0.667364 4.501732
v 2.829089 0.655823 4.571642
v 2.941053 0.687955 4.593335
v 2.991491 0.451647 4.697211
v 3.015297 0.499664 4.673582
v 2.987324 0.498189 4.730486
v 2.929305 0.479435 4.683461
v 2.571749 0.290020 4.661367
v 2.784551 0.637995 4.484999
v 2.296639 0.615794 4.489273
v 1.843654 2.133338 5.032286
v 2.470299 2.255974 5.040457
v 2.123340 2.300131 4.824287
v 2.190612 2.089180 5.248456
v 2.538715 0.614941 4.373116
v 2.589297 0.063482 4.647500
v 2.571208 0.248476 4.469460
v 2.823627 0.265078 4.578324
v 2.319330 0.273419 4.552504
v 0.630482 1.203722 8.873809
v 1.468693 1.191531 9.472969
v 2.304747 1.203776 8.873809
v 0.740003 -0.438949 8.972299
v 0.664380 2.652597 8.911829
v 2.218847 0.264506 8.916557
v 1.432239 0.271858 9.558230
v 0.645187 0.274990 8.916464
v 1.512268 2.631008 9.549010
v 2.356020 2.664497 8.911829
v 2.489261 4.649824 9.035958
v 1.495503 3.971447 9.707761
v 2.396306 4.008599 8.991225
v 0.592543 3.994119 8.991183
v 2.527046 5.218841 9.112614
v 0.527428 4.718338 9.034945
v 1.508390 4.660283 9.796255
v 0.510051 5.322709 9.110672
v 1.518548 5.265893 9.948638
v 1.771414 6.142069 8.573528
v 1.416605 5.783052 10.028460
v 2.288653 5.738847 9.152061
v 0.544557 5.802360 9.151047
v 1.441126 -1.615916 9.635547
v 1.453460 -0.438526 9.618814
v 1.452389 -0.459311 8.328542
v 2.166561 -0.453559 8.975200
v 1.375992 -3.234482 8.376514
v 1.441126 -1.635180 8.352871
v 2.167769 -1.634920 9.000605
v 0.714483 -1.616175 8.987813
v 0.984124 -5.294330 9.029986
v 2.067746 -3.231777 9.021436
v 0.684237 -3.217999 9.003712
v 1.375992 -3.215294 9.648634
v 1.361175 -6.042702 8.701728
v 1.363348 -5.293484 9.376074
v 1.363348 -5.307148 8.687256
v 1.759787 -5.300980 9.033375
v 1.336367 -6.281789 9.041745
v 2.461181 -6.278131 9.047087
v 0.946498 -6.049628 9.037889
v 1.361175 -6.030939 9.374630
v 3.008377 -6.107019 9.047961
v 2.417552 -6.064145 9.484328
v 2.384882 -5.853913 9.039640
v 2.417552 -6.081448 8.602425
v 0.738393 6.090497 8.845314
v 1.337677 6.043686 9.416022
v 1.936960 5.973366 8.845356
v 0.946251 6.309172 8.575722
v 1.358438 6.238652 8.874602
v 1.582197 8.135384 9.148815
v 1.414149 6.628259 9.016247
v 1.910983 6.374293 8.619122
v 0.936253 6.763391 8.671773
v 2.363394 8.717285 8.603009
v 2.505072 7.786427 8.868509
v 0.776213 8.222864 8.744199
v 1.708707 8.923927 8.615669
v 0.991519 8.770245 8.674861
v 1.675710 8.711340 8.997535
v 0.870995 7.110136 8.752023
v 2.068803 6.475004 8.645603
v 1.450050 6.904773 9.127912
v 0.803916 7.501069 8.755889
v 2.404289 6.892937 8.871445
v 1.491729 7.322407 9.184653
v 2.656149 7.530553 8.473411
v 2.641359 6.692290 8.453417
v 2.581758 8.225636 8.531715
v 2.373609 6.380588 8.534827
v 1.893243 -4.380217 9.030766
v 1.350518 -4.383819 8.512811
v 1.350518 -4.366457 9.537788
v 0.807793 -4.370059 9.019833
v 0.952397 5.023070 10.046448
v 1.481854 5.485522 10.286835
v 2.064107 5.019477 10.032055
v 1.534650 4.557025 9.791668
v 1.569585 4.307604 10.947105
v 1.502432 5.488308 9.764118
v 2.485856 1.084522 11.871724
v 1.082441 4.044852 10.601662
v 2.126294 4.058297 10.594794
v 1.639150 3.795544 10.249351
v 2.727718 1.013253 12.006811
v 2.467704 1.101439 12.086268
v 2.648576 1.132920 11.971106
v 2.305720 1.055894 11.985544
v 1.317629 3.340128 10.982476
v 2.235608 3.430867 10.981850
v 1.719977 3.583675 11.288075
v 1.833260 3.187320 10.676250
v 2.538985 0.646054 11.950220
v 2.334437 0.849640 12.036112
v 2.518523 0.885106 11.924193
v 2.508921 0.877644 12.161037
v 2.835596 0.922235 12.002514
v 2.786353 0.920103 11.941823
v 2.906831 0.683843 11.885536
v 2.744424 0.913535 12.107664
v 2.957278 0.480911 11.922737
v 2.860418 0.667364 12.047564
v 2.829088 0.655824 11.977654
v 2.941053 0.687956 11.955960
v 2.991491 0.451648 11.852084
v 3.015297 0.499665 11.875713
v 2.987323 0.498190 11.818810
v 2.929304 0.479436 11.865835
v 2.571748 0.290021 11.887928
v 2.784550 0.637996 12.064297
v 2.296639 0.615796 12.060022
v 1.843654 2.133338 11.517009
v 2.470299 2.255974 11.508838
v 2.123340 2.300132 11.725007
v 2.190612 2.089181 11.300839
v 2.538715 0.614942 12.176180
v 2.589296 0.063482 11.901794
v 2.571208 0.248477 12.079836
v 2.823627 0.265078 11.970972
v 2.319330 0.273419 11.996792
vn -0.9972 0.0434 -0.0613
vn -0.9966 0.0526 -0.0640
vn -0.8661 0.0421 -0.4982
vn -0.8679 0.0651 -0.4925
vn -0.0000 -0.0000 1.0000
vn -0.2621 0.0815 -0.9616
vn -0.2607 0.0029 -0.9654
vn 0.2611 -0.0204 -0.9651
vn 0.2632 0.0530 -0.9633
vn 0.8708 -0.0265 -0.4909
vn 0.8690 -0.0341 -0.4936
vn 0.9979 -0.0321 -0.0569
vn 0.9967 -0.0570 -0.0576
vn -0.9290 -0.2025 0.3096
vn -0.9224 -0.0514 -0.3829
vn -0.9236 0.0140 -0.3831
vn -0.9246 -0.0085 0.3808
vn -0.8726 -0.0256 -0.4877
vn -0.9981 -0.0017 -0.0617
vn -0.8806 -0.0797 -0.4671
vn -0.2775 -0.1131 -0.9540
vn 0.9099 -0.0586 -0.4106
vn 0.8837 -0.0602 -0.4642
vn 0.9869 -0.1579 -0.0323
vn 0.8893 -0.4283 0.1604
vn -0.3044 0.0686 -0.9501
vn -0.2790 0.0928 -0.9558
vn 0.2787 0.0843 -0.9567
vn 0.3028 0.0917 -0.9486
vn 0.0006 0.0010 1.0000
vn 0.0004 0.0028 1.0000
vn -0.8790 -0.4588 0.1296
vn -0.9919 -0.1203 -0.0404
vn -0.8840 -0.0353 -0.4662
vn -0.9030 -0.1150 -0.4139
vn 0.2678 -0.0829 -0.9599
vn -0.2666 -0.0730 -0.9610
vn 0.2795 -0.1062 -0.9543
vn 0.8835 -0.0583 -0.4649
vn 0.9978 -0.0379 -0.0541
vn 0.8744 -0.0577 -0.4817
vn 0.9980 -0.0327 -0.0542
vn -0.9974 -0.0556 0.0464
vn 0.9719 -0.2307 -0.0461
vn 0.8658 -0.2190 -0.4500
vn 0.8632 -0.2162 -0.4563
vn 0.9791 -0.1971 -0.0500
vn -0.2839 -0.1236 -0.9508
vn 0.2843 -0.1172 -0.9516
vn 0.8852 -0.0965 -0.4552
vn 0.9952 -0.0836 -0.0503
vn -0.9931 -0.1058 -0.0513
vn -0.8826 -0.1184 -0.4549
vn 0.9975 0.0451 -0.0543
vn 0.8887 -0.0549 -0.4552
vn 0.8924 0.1687 -0.4185
vn 0.9542 0.2955 -0.0466
vn -0.8832 -0.0871 -0.4609
vn -0.9955 -0.0782 -0.0528
vn -0.9975 -0.0459 -0.0545
vn -0.8825 -0.0826 -0.4629
vn 0.2764 -0.1540 -0.9486
vn -0.2836 -0.1105 -0.9526
vn -0.2854 -0.1654 -0.9440
vn 0.2654 -0.2113 -0.9407
vn -0.8866 -0.1119 -0.4489
vn -0.9984 -0.0197 -0.0536
vn -0.9983 0.0288 -0.0500
vn -0.9010 -0.0883 -0.4247
vn 0.2669 -0.2520 -0.9302
vn -0.2939 -0.2684 -0.9174
vn -0.3107 -0.2716 -0.9109
vn 0.2962 -0.1837 -0.9373
vn 0.9141 0.4040 -0.0348
vn 0.7616 0.5495 -0.3436
vn 0.8027 -0.3157 -0.5061
vn 0.9452 -0.3169 -0.0789
vn 0.3385 0.1351 -0.9312
vn -0.3397 -0.0462 -0.9394
vn -0.2334 0.6981 -0.6769
vn 0.2575 0.7821 -0.5674
vn 0.8309 0.5556 -0.0307
vn 0.8110 0.4789 -0.3361
vn 0.5870 0.7820 -0.2096
vn 0.6405 0.7678 -0.0138
vn -0.9170 0.0554 -0.3950
vn -0.9903 0.1318 -0.0438
vn -0.9175 0.3962 -0.0336
vn -0.8101 0.4867 -0.3268
vn -0.3254 0.0482 -0.9444
vn 0.3027 -0.0189 -0.9529
vn 0.2958 -0.0363 -0.9546
vn -0.3280 0.0908 -0.9403
vn -0.3207 0.0305 -0.9467
vn 0.3172 0.0717 -0.9456
vn 0.3139 0.0242 -0.9491
vn -0.3246 0.0115 -0.9458
vn 0.1824 -0.3392 0.9228
vn -0.1935 -0.3742 0.9069
vn -0.3069 -0.0434 0.9507
vn 0.3158 -0.0328 0.9483
vn 0.9235 0.0747 -0.3763
vn 0.9409 -0.0594 0.3334
vn 0.9223 0.0278 0.3855
vn 0.9206 0.0498 -0.3873
vn 0.3339 -0.1101 0.9361
vn -0.2992 0.0276 0.9538
vn -0.3141 -0.0269 0.9490
vn 0.3315 -0.1489 0.9316
vn 0.3249 -0.0511 0.9444
vn -0.3022 0.0244 0.9529
vn -0.2959 0.0352 0.9546
vn 0.3281 -0.0974 0.9396
vn 0.9100 -0.0900 -0.4048
vn 0.9139 -0.1049 0.3921
vn 0.9000 -0.2192 0.3767
vn 0.8945 -0.1936 -0.4031
vn -0.9122 0.1043 0.3963
vn -0.9174 0.1118 -0.3819
vn -0.9085 0.1866 -0.3739
vn -0.9017 0.1663 0.3991
vn -0.9253 -0.0080 0.3792
vn -0.9317 0.0134 -0.3630
vn -0.9174 0.1363 -0.3740
vn -0.9101 0.1141 0.3983
vn 0.8968 -0.2032 -0.3931
vn 0.9043 -0.2264 0.3620
vn 0.8983 -0.2592 0.3548
vn 0.8899 -0.2370 -0.3897
vn -0.9037 0.1647 0.3952
vn -0.9110 0.1902 -0.3660
vn -0.9260 0.1114 -0.3608
vn -0.9184 0.0865 0.3860
vn -0.3355 0.0939 -0.9374
vn 0.2966 -0.0447 -0.9539
vn 0.2946 -0.0874 -0.9516
vn -0.3504 0.0370 -0.9359
vn 0.0433 0.1468 0.9882
vn -0.3015 0.0604 0.9516
vn -0.3095 -0.3278 0.8926
vn -0.1331 -0.4618 0.8769
vn -0.3573 -0.0624 -0.9319
vn 0.2739 -0.1443 -0.9509
vn 0.1754 0.0420 -0.9836
vn -0.3352 0.0306 -0.9416
vn 0.3035 -0.1920 0.9333
vn -0.3307 -0.1142 0.9368
vn -0.3130 -0.0222 0.9495
vn 0.2001 -0.0098 0.9797
vn 0.8932 -0.2145 -0.3952
vn 0.9024 -0.2319 0.3631
vn 0.8917 0.1947 0.4085
vn 0.8868 0.2166 -0.4082
vn -0.2884 -0.9213 -0.2607
vn -0.1509 -0.9559 -0.2521
vn -0.1464 -0.9718 0.1849
vn -0.2839 -0.9379 0.1991
vn -0.1659 -0.9750 0.1480
vn -0.1699 -0.9611 -0.2179
vn -0.0814 -0.9790 -0.1867
vn -0.0777 -0.9907 0.1116
vn -0.8759 0.2398 0.4186
vn -0.8838 0.2646 -0.3859
vn -0.9167 -0.1311 -0.3776
vn -0.9107 -0.1568 0.3821
vn -0.3208 0.1185 -0.9397
vn 0.0207 0.2087 -0.9778
vn -0.1527 -0.3973 -0.9049
vn -0.3264 -0.2655 -0.9072
vn 0.7362 0.6399 -0.2205
vn 0.7408 0.6199 0.2588
vn 0.6335 -0.7240 0.2730
vn 0.6262 -0.7020 -0.3394
vn -0.1833 -0.4921 -0.8510
vn 0.0665 0.4800 -0.8748
vn 0.2762 0.6321 -0.7240
vn 0.0256 -0.5539 -0.8322
vn 0.4277 0.8709 -0.2420
vn 0.4331 0.8493 0.3018
vn 0.3591 0.9133 0.1922
vn 0.3549 0.9265 -0.1249
vn 0.0906 0.4187 0.9036
vn -0.1623 -0.5553 0.8157
vn 0.0483 -0.6157 0.7865
vn 0.2969 0.5746 0.7626
vn -0.5863 0.8100 -0.0149
vn -0.3236 0.9281 -0.1842
vn -0.4354 0.8802 -0.1888
vn -0.6682 0.7438 -0.0175
vn 0.0395 0.9740 -0.2232
vn 0.1829 0.9684 -0.1697
vn 0.1511 0.9695 -0.1930
vn -0.0292 0.9680 -0.2493
vn 0.3558 0.9301 -0.0913
vn 0.4633 0.8862 0.0034
vn 0.4203 0.9074 0.0015
vn 0.3380 0.9366 -0.0928
vn -0.6407 0.6617 -0.3895
vn -0.8269 0.5614 -0.0322
vn -0.9917 0.1223 -0.0386
vn -0.8802 -0.0099 -0.4745
vn 0.3118 0.7216 -0.6182
vn -0.0634 0.7405 -0.6690
vn -0.2920 -0.2174 -0.9314
vn 0.2055 -0.2845 -0.9364
vn 0.1858 0.0949 -0.9780
vn -0.1442 0.1039 -0.9841
vn -0.0924 0.2030 -0.9748
vn 0.2494 0.2257 -0.9417
vn 0.1490 -0.4168 -0.8967
vn -0.3076 -0.3464 -0.8863
vn -0.2956 -0.3527 -0.8878
vn 0.1307 -0.4152 -0.9003
vn 0.6673 -0.7331 -0.1316
vn 0.6111 -0.6005 -0.5157
vn 0.4965 -0.6610 -0.5627
vn 0.4931 -0.8489 -0.1905
vn -0.8756 -0.2132 -0.4334
vn -0.9936 -0.1082 -0.0340
vn -0.9832 -0.1799 -0.0310
vn -0.8683 -0.2616 -0.4215
vn 0.8841 0.4567 -0.0984
vn 0.7260 0.3823 -0.5716
vn 0.4884 0.7650 -0.4197
vn 0.5409 0.8270 -0.1535
vn 0.5006 0.0291 -0.8652
vn 0.5909 0.1682 -0.7890
vn 0.8814 0.0529 -0.4694
vn 0.8392 -0.0342 -0.5428
vn -0.8143 0.0631 -0.5771
vn -0.9979 0.0141 -0.0632
vn -0.9755 0.2088 -0.0699
vn -0.7660 0.2312 -0.5998
vn 0.1405 0.9402 -0.3104
vn -0.0253 0.9542 -0.2981
vn -0.0629 0.9787 -0.1954
vn 0.1637 0.9659 -0.2007
vn -0.6494 0.5271 -0.5482
vn -0.8487 0.5221 -0.0843
vn -0.4386 0.8881 -0.1376
vn -0.3484 0.8648 -0.3615
vn 0.2731 0.2423 -0.9310
vn -0.0715 0.3416 -0.9371
vn -0.0318 0.7142 -0.6993
vn 0.2017 0.6479 -0.7346
vn -0.8691 -0.2533 -0.4248
vn -0.9807 -0.1936 -0.0284
vn -0.9806 -0.1936 -0.0307
vn -0.8827 -0.1460 -0.4467
vn 0.3221 -0.9179 -0.2320
vn 0.3937 -0.7053 -0.5895
vn 0.1562 -0.7962 -0.5846
vn -0.2241 -0.9485 -0.2237
vn 0.1300 -0.3920 -0.9107
vn -0.2706 -0.3171 -0.9089
vn -0.1820 -0.1129 -0.9768
vn 0.1869 -0.2682 -0.9451
vn -0.8707 -0.1126 -0.4787
vn -0.9830 -0.1791 -0.0397
vn -0.9920 -0.1156 -0.0514
vn -0.8480 -0.0506 -0.5276
vn 0.3561 -0.3166 -0.8792
vn 0.4384 -0.1225 -0.8904
vn 0.7727 -0.1153 -0.6242
vn 0.6340 -0.2799 -0.7209
vn 0.1432 -0.2308 -0.9624
vn -0.1904 -0.0810 -0.9784
vn -0.1863 -0.0073 -0.9825
vn 0.1480 -0.0647 -0.9869
vn 0.9995 -0.0013 -0.0320
vn 0.9764 -0.0201 -0.2151
vn 0.9887 0.0294 -0.1471
vn 0.9987 0.0478 -0.0180
vn 0.9563 -0.2780 -0.0903
vn 0.8994 -0.2433 -0.3632
vn 0.9560 -0.0587 -0.2876
vn 0.9984 -0.0308 -0.0475
vn 0.8147 0.3345 -0.4737
vn 0.9524 0.2999 -0.0542
vn 0.9858 0.1671 -0.0187
vn 0.9660 0.1741 -0.1913
vn -0.2199 -0.9470 -0.2341
vn 0.0108 -0.7985 -0.6020
vn 0.3659 -0.7311 -0.5758
vn 0.3064 -0.9248 -0.2254
vn 0.8711 -0.3062 -0.3839
vn 0.8803 -0.3255 0.3451
vn 0.8754 -0.3391 0.3446
vn 0.8654 -0.3217 -0.3842
vn 0.3163 -0.2370 0.9186
vn -0.3334 -0.1317 0.9335
vn -0.3398 -0.1766 0.9238
vn 0.3065 -0.2683 0.9133
vn -0.3672 -0.0720 -0.9274
vn 0.2805 -0.1817 -0.9425
vn 0.2727 -0.2187 -0.9369
vn -0.3701 -0.1222 -0.9209
vn -0.9275 -0.0280 0.3727
vn -0.9345 -0.0042 -0.3560
vn -0.9331 -0.0558 -0.3552
vn -0.9268 -0.0780 0.3674
vn -0.8911 -0.2622 0.3704
vn -0.7480 -0.0513 0.6618
vn -0.9468 0.3164 0.0579
vn -0.9269 0.1453 -0.3461
vn -0.2831 0.4895 -0.8248
vn -0.2939 0.7164 -0.6327
vn 0.3063 0.7181 -0.6249
vn 0.3026 0.5109 -0.8046
vn 0.9065 0.2508 -0.3397
vn 0.9217 0.3880 -0.0070
vn 0.7759 -0.0004 0.6309
vn 0.9080 -0.1635 0.3857
vn 0.2929 -0.4355 0.8512
vn 0.1929 -0.2099 0.9585
vn -0.2066 -0.2137 0.9548
vn -0.2989 -0.4598 0.8362
vn -0.2839 0.4049 -0.8692
vn 0.2966 0.4528 -0.8408
vn 0.2756 0.4475 -0.8508
vn -0.2866 0.3596 -0.8880
vn 0.2897 0.5642 0.7731
vn -0.3038 0.5316 0.7906
vn -0.1869 0.1181 0.9753
vn 0.1697 0.1332 0.9764
vn 0.3432 -0.3951 0.8521
vn -0.0874 -0.5121 0.8544
vn -0.0838 -0.4240 0.9018
vn 0.2896 -0.3174 0.9030
vn -0.8855 -0.3628 0.2903
vn -0.9178 0.0518 -0.3937
vn -0.9172 -0.0281 -0.3973
vn -0.8475 -0.4383 0.2995
vn 0.8976 0.2581 -0.3573
vn 0.9187 -0.1360 0.3708
vn 0.9241 -0.0804 0.3737
vn 0.8719 0.3200 -0.3706
vn 0.3123 -0.4903 0.8136
vn -0.2976 -0.5665 0.7684
vn -0.2658 -0.5998 0.7547
vn 0.3206 -0.4940 0.8082
vn 0.3420 0.8307 -0.4393
vn 0.2364 0.8478 0.4746
vn 0.3319 0.9105 0.2468
vn 0.4264 0.8166 -0.3889
vn -0.1970 0.2431 -0.9498
vn 0.2413 0.3436 -0.9076
vn 0.2071 0.3811 -0.9010
vn -0.1879 0.2654 -0.9457
vn 0.7668 0.3275 -0.5521
vn 0.8833 -0.0833 0.4614
vn 0.8747 0.0673 0.4799
vn 0.7302 0.4198 -0.5390
vn -0.7347 -0.5208 0.4346
vn -0.8808 -0.1905 -0.4335
vn -0.8932 -0.1213 -0.4330
vn -0.7757 -0.4129 0.4772
vn -0.8129 -0.4963 0.3048
vn -0.8994 -0.1249 -0.4190
vn -0.8774 -0.1878 -0.4414
vn -0.8035 -0.5057 0.3140
vn 0.8420 0.4001 -0.3619
vn 0.9259 -0.0222 0.3771
vn 0.9245 0.0164 0.3809
vn 0.8374 0.3780 -0.3947
vn -0.2993 0.3373 -0.8925
vn 0.2478 0.4946 -0.8331
vn 0.2326 0.4207 -0.8769
vn -0.3045 0.2479 -0.9197
vn 0.3380 -0.4584 0.8220
vn -0.2328 -0.5858 0.7763
vn -0.2093 -0.5374 0.8169
vn 0.3553 -0.3859 0.8514
vn 0.1525 -0.2210 0.9633
vn -0.1057 -0.1770 0.9785
vn -0.1380 0.0037 0.9904
vn 0.1639 0.0805 0.9832
vn -0.8836 0.0200 0.4677
vn -0.8957 0.0842 -0.4366
vn -0.8681 0.1521 -0.4726
vn -0.8800 0.1030 0.4636
vn 0.1371 0.0790 0.9874
vn -0.1537 -0.0359 0.9875
vn -0.1312 -0.0378 0.9906
vn 0.1093 -0.0362 0.9934
vn -0.2329 0.2347 -0.9438
vn 0.1147 0.4018 -0.9085
vn 0.1480 0.1387 -0.9792
vn -0.2472 0.1322 -0.9599
vn 0.7149 0.5392 -0.4451
vn 0.7939 0.6061 -0.0488
vn 0.9015 0.4273 -0.0694
vn 0.7978 0.3332 -0.5024
vn 0.0542 0.2032 0.9776
vn -0.1103 -0.0520 0.9925
vn 0.2502 0.2569 0.9335
vn 0.1916 0.3409 0.9204
vn 0.2775 0.3963 0.8752
vn -0.3575 0.0734 0.9310
vn -0.4235 0.1837 0.8871
vn 0.3399 0.4576 0.8216
vn 0.3423 0.1762 -0.9229
vn 0.2833 0.5025 -0.8169
vn 0.5006 0.5175 -0.6940
vn 0.6153 0.2590 -0.7445
vn -0.3101 -0.6744 -0.6701
vn 0.4340 -0.3442 -0.8326
vn 0.3643 -0.6024 -0.7102
vn -0.1956 -0.8213 -0.5359
vn 0.3607 -0.3344 -0.8706
vn 0.6441 -0.0014 -0.7649
vn 0.5502 -0.1977 -0.8113
vn -0.1639 -0.6156 -0.7708
vn -0.7919 -0.5695 0.2202
vn -0.7973 -0.5900 0.1277
vn -0.8753 -0.4836 -0.0035
vn -0.8784 -0.2192 0.4247
vn 0.8295 0.1987 -0.5219
vn 0.9215 0.3762 -0.0962
vn 0.9313 0.3519 -0.0944
vn 0.8289 0.1121 -0.5481
vn -0.0237 -0.9112 0.4113
vn -0.0486 -0.9977 -0.0465
vn 0.4577 -0.8614 -0.2204
vn 0.5525 -0.7937 0.2546
vn 0.8240 0.0246 -0.5660
vn 0.9527 0.2932 -0.0796
vn 0.9973 -0.0461 -0.0571
vn 0.8396 -0.2369 -0.4889
vn 0.4051 0.4134 0.8155
vn -0.3322 0.1717 0.9275
vn -0.1710 -0.1684 0.9708
vn 0.4943 0.0285 0.8688
vn -0.8392 -0.2431 0.4865
vn -0.8422 -0.5385 -0.0263
vn -0.6674 -0.7442 0.0279
vn -0.6814 -0.5559 0.4762
vn 0.1262 0.2983 0.9461
vn -0.1649 0.2541 0.9530
vn -0.1744 0.2038 0.9633
vn 0.1092 0.2381 0.9651
vn 0.8108 0.0463 -0.5834
vn 0.8133 -0.2213 0.5382
vn 0.7266 0.1966 0.6583
vn 0.7281 -0.0016 -0.6855
vn -0.8413 0.0075 0.5404
vn -0.8208 0.1334 -0.5555
vn -0.7607 -0.0518 -0.6470
vn -0.7782 0.0156 0.6279
vn -0.7988 -0.4958 0.3407
vn -0.8792 -0.1876 -0.4380
vn -0.8807 -0.1875 -0.4350
vn -0.7738 -0.5034 0.3844
vn 0.8325 0.3372 -0.4395
vn 0.9234 0.0089 0.3837
vn 0.9105 -0.0202 0.4130
vn 0.8058 0.3300 -0.4917
vn -0.2914 0.2104 -0.9332
vn 0.2319 0.3560 -0.9053
vn 0.2365 0.3405 -0.9100
vn -0.2505 0.2178 -0.9433
vn 0.3654 -0.3647 0.8564
vn -0.1809 -0.5175 0.8364
vn -0.1373 -0.5103 0.8490
vn 0.3596 -0.3701 0.8566
vn -0.1888 -0.0102 -0.9820
vn 0.1894 -0.0219 -0.9816
vn 0.1979 -0.1687 -0.9656
vn -0.1149 -0.1743 -0.9780
vn -0.2166 -0.9196 -0.3278
vn 0.2232 -0.9078 -0.3550
vn 0.2199 -0.5963 0.7721
vn -0.3015 -0.6120 0.7312
vn -0.0867 -0.3083 -0.9473
vn 0.1965 -0.2865 -0.9377
vn 0.1771 -0.4714 -0.8640
vn -0.0828 -0.4968 -0.8639
vn 0.7212 -0.1806 -0.6688
vn 0.6727 0.2530 0.6953
vn 0.7132 -0.0105 0.7008
vn 0.7122 -0.4737 -0.5181
vn -0.7416 0.0852 0.6655
vn -0.7172 -0.2854 -0.6358
vn -0.6824 -0.5709 -0.4564
vn -0.7405 -0.1485 0.6554
vn -0.9972 0.0434 0.0613
vn -0.8679 0.0651 0.4925
vn -0.8661 0.0421 0.4982
vn -0.9966 0.0526 0.0640
vn -0.2621 0.0815 0.9616
vn 0.2632 0.0530 0.9633
vn 0.2611 -0.0204 0.9651
vn -0.2607 0.0029 0.9654
vn 0.8708 -0.0265 0.4909
vn 0.9967 -0.0570 0.0576
vn 0.9979 -0.0321 0.0569
vn 0.8690 -0.0341 0.4936
vn -0.9298 -0.1707 -0.3262
vn -0.9239 -0.0078 -0.3826
vn -0.9225 0.0148 0.3857
vn -0.9228 -0.0353 0.3836
vn -0.8726 -0.0256 0.4877
vn -0.2775 -0.1131 0.9540
vn -0.8806 -0.0797 0.4671
vn -0.9981 -0.0017 0.0617
vn 0.9082 -0.0632 0.4138
vn 0.8893 -0.4283 -0.1604
vn 0.9869 -0.1579 0.0323
vn 0.8837 -0.0602 0.4642
vn -0.3009 0.0784 0.9504
vn 0.3013 0.0880 0.9495
vn 0.2784 0.0839 0.9568
vn -0.2772 0.0970 0.9559
vn -0.8834 -0.4430 -0.1525
vn -0.9059 -0.0902 0.4139
vn -0.8848 -0.0194 0.4655
vn -0.9930 -0.1124 0.0348
vn 0.2678 -0.0829 0.9599
vn 0.8835 -0.0583 0.4649
vn 0.2795 -0.1062 0.9543
vn -0.2666 -0.0730 0.9610
vn 0.9978 -0.0379 0.0541
vn 0.9980 -0.0327 0.0542
vn 0.8744 -0.0577 0.4817
vn 0.9719 -0.2307 0.0461
vn 0.9791 -0.1971 0.0500
vn 0.8632 -0.2162 0.4563
vn 0.8658 -0.2190 0.4500
vn 0.2843 -0.1172 0.9516
vn -0.2839 -0.1236 0.9508
vn 0.9952 -0.0836 0.0503
vn 0.8852 -0.0965 0.4552
vn -0.8826 -0.1184 0.4549
vn -0.9931 -0.1058 0.0513
vn 0.9975 0.0451 0.0543
vn 0.9542 0.2955 0.0466
vn 0.8924 0.1687 0.4185
vn 0.8887 -0.0549 0.4552
vn -0.8832 -0.0871 0.4609
vn -0.8825 -0.0826 0.4629
vn -0.9975 -0.0459 0.0545
vn -0.9955 -0.0782 0.0528
vn 0.2764 -0.1540 0.9486
vn 0.2654 -0.2113 0.9407
vn -0.2854 -0.1654 0.9440
vn -0.2836 -0.1105 0.9526
vn -0.8866 -0.1119 0.4489
vn -0.9010 -0.0883 0.4247
vn -0.9983 0.0288 0.0500
vn -0.9984 -0.0197 0.0536
vn 0.2669 -0.2520 0.9302
vn 0.2962 -0.1837 0.9373
vn -0.3107 -0.2716 0.9109
vn -0.2939 -0.2684 0.9174
vn 0.9141 0.4040 0.0348
vn 0.9452 -0.3169 0.0789
vn 0.8027 -0.3157 0.5061
vn 0.7616 0.5495 0.3436
vn 0.3385 0.1351 0.9312
vn 0.2575 0.7821 0.5674
vn -0.2334 0.6981 0.6769
vn -0.3397 -0.0462 0.9394
vn 0.8309 0.5556 0.0307
vn 0.6405 0.7678 0.0138
vn 0.5870 0.7820 0.2096
vn 0.8110 0.4789 0.3361
vn -0.9170 0.0554 0.3950
vn -0.8101 0.4867 0.3268
vn -0.9175 0.3962 0.0336
vn -0.9903 0.1318 0.0438
vn -0.3202 0.0179 0.9472
vn -0.3250 0.0208 0.9455
vn 0.3073 -0.0021 0.9516
vn 0.3088 0.0045 0.9511
vn -0.3171 0.0372 0.9477
vn -0.3197 0.0145 0.9474
vn 0.3143 0.0262 0.9490
vn 0.3153 0.0686 0.9465
vn 0.1820 -0.3400 -0.9227
vn 0.3118 -0.0374 -0.9494
vn -0.3068 -0.0443 -0.9507
vn -0.1884 -0.3526 -0.9166
vn 0.9227 0.0534 0.3818
vn 0.9217 0.0431 0.3855
vn 0.9236 0.0165 -0.3830
vn 0.9389 -0.0842 -0.3336
vn 0.3323 -0.0348 -0.9425
vn 0.3380 -0.0791 -0.9378
vn -0.3189 -0.0588 -0.9460
vn -0.3116 -0.0074 -0.9502
vn 0.3201 -0.0201 -0.9472
vn 0.3249 -0.0258 -0.9454
vn -0.3074 0.0011 -0.9516
vn -0.3087 -0.0012 -0.9511
vn 0.9199 -0.0160 0.3918
vn 0.9197 -0.0414 0.3904
vn 0.9210 -0.0519 -0.3862
vn 0.9207 -0.0276 -0.3893
vn -0.9197 0.0225 -0.3919
vn -0.9204 0.0226 -0.3903
vn -0.9217 0.0294 0.3867
vn -0.9207 0.0286 0.3893
vn -0.9178 -0.1451 -0.3695
vn -0.9221 -0.0218 -0.3864
vn -0.9223 -0.0146 0.3862
vn -0.9175 -0.1380 0.3730
vn 0.9214 -0.0603 0.3839
vn 0.9211 -0.1026 0.3755
vn 0.9228 -0.1101 -0.3693
vn 0.9229 -0.0696 -0.3787
vn -0.9234 0.0082 -0.3837
vn -0.9258 -0.0506 -0.3745
vn -0.9271 -0.0403 0.3727
vn -0.9248 0.0172 0.3800
vn -0.3326 0.0157 0.9429
vn -0.3393 -0.0344 0.9401
vn 0.3174 -0.0572 0.9466
vn 0.3114 -0.0109 0.9502
vn 0.0066 0.1691 -0.9856
vn -0.0716 -0.4614 -0.8843
vn -0.2668 -0.3562 -0.8955
vn -0.3200 0.0295 -0.9470
vn -0.3306 -0.1335 0.9343
vn -0.3232 -0.0385 0.9455
vn 0.1800 0.0515 0.9823
vn 0.3057 -0.1166 0.9449
vn 0.3170 -0.1260 -0.9400
vn 0.1859 0.0387 -0.9818
vn -0.3185 -0.0539 -0.9464
vn -0.3216 -0.1478 -0.9353
vn 0.9209 -0.0799 0.3815
vn 0.8479 0.3446 0.4029
vn 0.8451 0.3382 -0.4141
vn 0.9225 -0.0823 -0.3771
vn -0.1383 -0.9594 0.2457
vn -0.1375 -0.9670 -0.2143
vn 0.0038 -0.9793 -0.2022
vn 0.0027 -0.9720 0.2350
vn -0.0144 -0.9862 -0.1652
vn 0.0756 -0.9886 -0.1301
vn 0.0741 -0.9829 0.1685
vn -0.0157 -0.9795 0.2010
vn -0.9081 0.1081 -0.4045
vn -0.8804 -0.2898 -0.3754
vn -0.8800 -0.2786 0.3846
vn -0.9088 0.1172 0.4004
vn -0.3226 0.0506 0.9452
vn -0.2689 -0.3290 0.9052
vn -0.0769 -0.4321 0.8985
vn 0.0012 0.1921 0.9814
vn 0.6308 0.7426 0.2251
vn 0.7321 -0.6019 0.3190
vn 0.7345 -0.6118 -0.2937
vn 0.6320 0.7320 -0.2545
vn -0.0932 -0.5295 0.8432
vn 0.1225 -0.5577 0.8209
vn 0.1845 0.6545 0.7332
vn 0.0030 0.4690 0.8832
vn 0.2906 0.9224 0.2544
vn 0.2084 0.9681 0.1392
vn 0.2103 0.9612 -0.1782
vn 0.2918 0.9115 -0.2898
vn 0.0123 0.4435 -0.8962
vn 0.1938 0.6271 -0.7544
vn 0.1327 -0.5868 -0.7988
vn -0.0851 -0.5593 -0.8246
vn -0.5863 0.8100 0.0149
vn -0.6682 0.7438 0.0175
vn -0.4354 0.8802 0.1888
vn -0.3236 0.9281 0.1842
vn 0.0395 0.9740 0.2232
vn -0.0292 0.9680 0.2493
vn 0.1511 0.9695 0.1930
vn 0.1829 0.9684 0.1697
vn 0.3558 0.9301 0.0913
vn 0.3380 0.9366 0.0928
vn 0.4203 0.9074 -0.0015
vn 0.4633 0.8862 -0.0034
vn -0.6407 0.6617 0.3895
vn -0.8802 -0.0099 0.4745
vn -0.9917 0.1223 0.0386
vn -0.8269 0.5614 0.0322
vn 0.3118 0.7216 0.6182
vn 0.2055 -0.2845 0.9364
vn -0.2920 -0.2174 0.9314
vn -0.0634 0.7405 0.6690
vn 0.1858 0.0949 0.9780
vn 0.2494 0.2257 0.9417
vn -0.0924 0.2030 0.9748
vn -0.1442 0.1039 0.9841
vn 0.1490 -0.4168 0.8967
vn 0.1307 -0.4152 0.9003
vn -0.2956 -0.3527 0.8878
vn -0.3076 -0.3464 0.8863
vn 0.6673 -0.7331 0.1316
vn 0.4931 -0.8489 0.1905
vn 0.4965 -0.6610 0.5627
vn 0.6111 -0.6005 0.5157
vn -0.8756 -0.2132 0.4334
vn -0.8683 -0.2616 0.4215
vn -0.9832 -0.1799 0.0310
vn -0.9936 -0.1082 0.0340
vn 0.8841 0.4568 0.0984
vn 0.5409 0.8270 0.1535
vn 0.4884 0.7650 0.4198
vn 0.7260 0.3823 0.5716
vn 0.5006 0.0291 0.8652
vn 0.8392 -0.0342 0.5428
vn 0.8814 0.0529 0.4694
vn 0.5909 0.1682 0.7890
vn -0.8143 0.0631 0.5771
vn -0.7660 0.2312 0.5998
vn -0.9755 0.2088 0.0699
vn -0.9979 0.0141 0.0632
vn 0.1405 0.9402 0.3104
vn 0.1637 0.9659 0.2007
vn -0.0629 0.9787 0.1954
vn -0.0253 0.9542 0.2981
vn -0.6494 0.5271 0.5482
vn -0.3484 0.8648 0.3615
vn -0.4386 0.8881 0.1376
vn -0.8487 0.5221 0.0843
vn 0.2731 0.2423 0.9310
vn 0.2017 0.6479 0.7346
vn -0.0318 0.7142 0.6993
vn -0.0715 0.3416 0.9371
vn -0.8691 -0.2533 0.4248
vn -0.8827 -0.1460 0.4467
vn -0.9806 -0.1936 0.0307
vn -0.9807 -0.1936 0.0284
vn 0.3221 -0.9179 0.2320
vn -0.2241 -0.9485 0.2237
vn 0.1562 -0.7962 0.5846
vn 0.3937 -0.7053 0.5895
vn 0.1300 -0.3920 0.9107
vn 0.1869 -0.2682 0.9451
vn -0.1820 -0.1129 0.9768
vn -0.2706 -0.3171 0.9090
vn -0.8707 -0.1126 0.4787
vn -0.8480 -0.0506 0.5276
vn -0.9920 -0.1156 0.0514
vn -0.9830 -0.1791 0.0397
vn 0.3561 -0.3166 0.8792
vn 0.6340 -0.2799 0.7209
vn 0.7727 -0.1153 0.6242
vn 0.4384 -0.1225 0.8904
vn 0.1432 -0.2308 0.9624
vn 0.1480 -0.0647 0.9869
vn -0.1863 -0.0073 0.9825
vn -0.1904 -0.0810 0.9784
vn 0.9995 -0.0013 0.0320
vn 0.9987 0.0478 0.0180
vn 0.9887 0.0294 0.1471
vn 0.9764 -0.0201 0.2151
vn 0.9563 -0.2780 0.0903
vn 0.9984 -0.0308 0.0475
vn 0.9560 -0.0587 0.2876
vn 0.8994 -0.2433 0.3632
vn 0.8147 0.3345 0.4737
vn 0.9660 0.1741 0.1913
vn 0.9858 0.1671 0.0187
vn 0.9524 0.2999 0.0542
vn -0.2199 -0.9470 0.2341
vn 0.3064 -0.9248 0.2254
vn 0.3659 -0.7311 0.5758
vn 0.0108 -0.7985 0.6020
vn 0.9132 -0.1737 0.3686
vn 0.9099 -0.1900 0.3687
vn 0.9127 -0.1927 -0.3603
vn 0.9155 -0.1786 -0.3606
vn 0.3368 -0.1687 -0.9263
vn 0.3321 -0.2013 -0.9215
vn -0.3207 -0.2110 -0.9234
vn -0.3215 -0.1655 -0.9323
vn -0.3390 -0.1445 0.9296
vn -0.3342 -0.1944 0.9222
vn 0.3159 -0.1901 0.9295
vn 0.3180 -0.1524 0.9358
vn -0.9169 -0.1653 -0.3634
vn -0.9083 -0.2147 -0.3590
vn -0.9082 -0.2065 0.3639
vn -0.9176 -0.1557 0.3657
vn -0.8911 -0.2622 -0.3704
vn -0.9269 0.1453 0.3461
vn -0.9468 0.3164 -0.0579
vn -0.7480 -0.0513 -0.6618
vn -0.2831 0.4895 0.8248
vn 0.3026 0.5109 0.8046
vn 0.3063 0.7181 0.6249
vn -0.2939 0.7164 0.6327
vn 0.9065 0.2508 0.3397
vn 0.9080 -0.1635 -0.3857
vn 0.7759 -0.0004 -0.6309
vn 0.9217 0.3880 0.0070
vn 0.2929 -0.4355 -0.8512
vn -0.2989 -0.4598 -0.8362
vn -0.2066 -0.2137 -0.9548
vn 0.1929 -0.2099 -0.9585
vn -0.2839 0.4049 0.8692
vn -0.2866 0.3596 0.8880
vn 0.2756 0.4475 0.8508
vn 0.2966 0.4528 0.8408
vn 0.2897 0.5642 -0.7731
vn 0.1697 0.1332 -0.9764
vn -0.1869 0.1181 -0.9753
vn -0.3038 0.5316 -0.7906
vn 0.3432 -0.3951 -0.8521
vn 0.2896 -0.3174 -0.9030
vn -0.0838 -0.4240 -0.9018
vn -0.0874 -0.5121 -0.8544
vn -0.8855 -0.3628 -0.2903
vn -0.8475 -0.4383 -0.2995
vn -0.9172 -0.0281 0.3973
vn -0.9178 0.0518 0.3937
vn 0.8976 0.2581 0.3573
vn 0.8719 0.3200 0.3706
vn 0.9241 -0.0804 -0.3737
vn 0.9187 -0.1360 -0.3708
vn 0.3123 -0.4903 -0.8136
vn 0.3206 -0.4940 -0.8082
vn -0.2658 -0.5998 -0.7547
vn -0.2976 -0.5665 -0.7684
vn 0.3420 0.8307 0.4393
vn 0.4264 0.8166 0.3889
vn 0.3319 0.9105 -0.2468
vn 0.2364 0.8478 -0.4746
vn -0.1970 0.2431 0.9498
vn -0.1879 0.2653 0.9457
vn 0.2071 0.3811 0.9010
vn 0.2413 0.3436 0.9076
vn 0.7668 0.3275 0.5521
vn 0.7302 0.4198 0.5390
vn 0.8747 0.0673 -0.4799
vn 0.8833 -0.0833 -0.4614
vn -0.7347 -0.5208 -0.4346
vn -0.7757 -0.4130 -0.4772
vn -0.8932 -0.1213 0.4330
vn -0.8808 -0.1905 0.4335
vn -0.8129 -0.4963 -0.3048
vn -0.8035 -0.5057 -0.3140
vn -0.8774 -0.1878 0.4414
vn -0.8994 -0.1249 0.4190
vn 0.8420 0.4001 0.3619
vn 0.8374 0.3780 0.3947
vn 0.9245 0.0164 -0.3809
vn 0.9259 -0.0222 -0.3771
vn -0.2993 0.3373 0.8925
vn -0.3045 0.2479 0.9197
vn 0.2326 0.4207 0.8769
vn 0.2478 0.4946 0.8331
vn 0.3380 -0.4584 -0.8220
vn 0.3553 -0.3859 -0.8514
vn -0.2093 -0.5374 -0.8169
vn -0.2328 -0.5858 -0.7763
vn 0.1525 -0.2210 -0.9633
vn 0.1639 0.0805 -0.9832
vn -0.1380 0.0037 -0.9904
vn -0.1057 -0.1770 -0.9785
vn -0.8836 0.0200 -0.4677
vn -0.8800 0.1030 -0.4636
vn -0.8681 0.1521 0.4726
vn -0.8957 0.0842 0.4366
vn 0.1371 0.0790 -0.9874
vn 0.1093 -0.0362 -0.9934
vn -0.1312 -0.0378 -0.9906
vn -0.1537 -0.0359 -0.9875
vn -0.2329 0.2346 0.9438
vn -0.2472 0.1322 0.9599
vn 0.1480 0.1387 0.9792
vn 0.1147 0.4018 0.9085
vn 0.7149 0.5392 0.4451
vn 0.7978 0.3332 0.5024
vn 0.9015 0.4273 0.0694
vn 0.7939 0.6061 0.0488
vn 0.0542 0.2032 -0.9776
vn 0.1916 0.3409 -0.9204
vn 0.2502 0.2569 -0.9335
vn -0.1103 -0.0520 -0.9925
vn 0.2775 0.3963 -0.8752
vn 0.3399 0.4576 -0.8216
vn -0.4235 0.1837 -0.8871
vn -0.3575 0.0734 -0.9310
vn 0.3423 0.1762 0.9229
vn 0.6153 0.2590 0.7445
vn 0.5006 0.5175 0.6940
vn 0.2833 0.5025 0.8168
vn -0.3101 -0.6744 0.6701
vn -0.1956 -0.8213 0.5359
vn 0.3643 -0.6024 0.7102
vn 0.4340 -0.3442 0.8326
vn 0.3607 -0.3344 0.8706
vn -0.1639 -0.6156 0.7708
vn 0.5502 -0.1977 0.8113
vn 0.6441 -0.0014 0.7649
vn -0.7919 -0.5695 -0.2202
vn -0.8784 -0.2192 -0.4247
vn -0.8753 -0.4836 0.0035
vn -0.7973 -0.5900 -0.1277
vn 0.8295 0.1987 0.5219
vn 0.8289 0.1121 0.5481
vn 0.9313 0.3519 0.0944
vn 0.9215 0.3762 0.0962
vn -0.0237 -0.9112 -0.4113
vn 0.5525 -0.7937 -0.2546
vn 0.4577 -0.8614 0.2204
vn -0.0486 -0.9977 0.0465
vn 0.8240 0.0246 0.5660
vn 0.8396 -0.2369 0.4889
vn 0.9973 -0.0461 0.0571
vn 0.9527 0.2932 0.0796
vn 0.4051 0.4134 -0.8155
vn 0.4943 0.0285 -0.8688
vn -0.1710 -0.1683 -0.9708
vn -0.3322 0.1717 -0.9275
vn -0.8392 -0.2431 -0.4865
vn -0.6814 -0.5559 -0.4762
vn -0.6674 -0.7442 -0.0279
vn -0.8422 -0.5385 0.0263
vn 0.1262 0.2983 -0.9461
vn 0.1092 0.2381 -0.9651
vn -0.1744 0.2038 -0.9633
vn -0.1649 0.2541 -0.9530
vn 0.8108 0.0463 0.5834
vn 0.7281 -0.0016 0.6855
vn 0.7266 0.1966 -0.6583
vn 0.8133 -0.2213 -0.5382
vn -0.8413 0.0075 -0.5404
vn -0.7782 0.0156 -0.6279
vn -0.7607 -0.0518 0.6470
vn -0.8208 0.1334 0.5555
vn -0.7988 -0.4958 -0.3407
vn -0.7738 -0.5034 -0.3844
vn -0.8807 -0.1875 0.4350
vn -0.8792 -0.1876 0.4380
vn 0.8325 0.3372 0.4395
vn 0.8058 0.3300 0.4917
vn 0.9105 -0.0202 -0.4130
vn 0.9234 0.0089 -0.3837
vn -0.2914 0.2104 0.9332
vn -0.2505 0.2178 0.9433
vn 0.2365 0.3405 0.9100
vn 0.2319 0.3560 0.9053
vn 0.3654 -0.3647 -0.8564
vn 0.3596 -0.3701 -0.8566
vn -0.1373 -0.5103 -0.8490
vn -0.1809 -0.5175 -0.8364
vn -0.1888 -0.0102 0.9820
vn -0.1149 -0.1743 0.9780
vn 0.1979 -0.1687 0.9656
vn 0.1894 -0.0219 0.9816
vn -0.2166 -0.9196 0.3278
vn -0.3015 -0.6120 -0.7312
vn 0.2199 -0.5963 -0.7721
vn 0.2232 -0.9078 0.3550
vn -0.0867 -0.3083 0.9473
vn -0.0828 -0.4968 0.8639
vn 0.1771 -0.4714 0.8640
vn 0.1965 -0.2865 0.9377
vn 0.7212 -0.1806 0.6688
vn 0.7122 -0.4737 0.5181
vn 0.7132 -0.0105 -0.7008
vn 0.6727 0.2530 -0.6953
vn -0.7416 0.0852 -0.6655
vn -0.7405 -0.1485 -0.6554
vn -0.6824 -0.5709 0.4564
vn -0.7172 -0.2854 0.6358
vn -0.9974 -0.0556 -0.0464
vt 0.500000 0.125000
vt 0.562500 0.125000
vt 0.560330 0.190104
vt 0.500000 0.190104
vt 0.625000 0.125000
vt 0.605903 0.190104
vt 0.604167 0.270833
vt 0.559896 0.270833
vt 0.500000 0.270833
vt 0.500000 0.625000
vt 0.562500 0.625000
vt 0.531250 0.437500
vt 0.437500 0.500000
vt 0.625000 0.625000
vt 0.625000 0.375000
vt 0.500000 0.250000
vt 0.375000 0.375000
vt 0.559896 0.375000
vt 0.500000 0.375000
vt 0.604167 0.375000
vt 0.604167 0.479167
vt 0.559896 0.479167
vt 0.500000 0.479167
vt 0.560330 0.559896
vt 0.500000 0.559896
vt 0.605903 0.559896
vt 0.375000 0.125000
vt 0.394097 0.190104
vt 0.377170 0.190104
vt 0.375000 0.125000
vt 0.395833 0.270833
vt 0.377604 0.270833
vt 0.375000 0.270833
vt 0.375000 0.190104
vt 0.622830 0.190104
vt 0.622396 0.270833
vt 0.625000 0.125000
vt 0.625000 0.190104
vt 0.625000 0.270833
vt 0.625000 0.375000
vt 0.622396 0.375000
vt 0.395833 0.479167
vt 0.440104 0.479167
vt 0.439670 0.559896
vt 0.393229 0.559462
vt 0.437500 0.625000
vt 0.375000 0.625000
vt 0.440104 0.270833
vt 0.440104 0.375000
vt 0.395833 0.375000
vt 0.343750 0.562500
vt 0.250000 0.625000
vt 0.250000 0.500000
vt 0.125000 0.625000
vt 0.437500 0.125000
vt 0.439670 0.190104
vt 0.625000 0.625000
vt 0.622396 0.479167
vt 0.625000 0.479167
vt 0.625000 0.559896
vt 0.622830 0.559896
vt 0.625000 0.189670
vt 0.625000 0.479167
vt 0.625000 0.270833
vt 0.625000 0.375000
vt 0.680105 0.599511
vt 0.674981 0.563865
vt 0.682109 0.563976
vt 0.680105 0.599511
vt 0.697281 0.534994
vt 0.702638 0.537472
vt 0.703404 0.537826
vt 0.683018 0.564042
vt 0.680105 0.599511
vt 0.625191 0.480903
vt 0.625000 0.269097
vt 0.625000 0.250000
vt 0.625000 0.500000
vt 0.625765 0.560330
vt 0.633330 0.562412
vt 0.625000 0.187500
vt 0.375000 0.375000
vt 0.375000 0.375000
vt 0.375000 0.270833
vt 0.375000 0.479167
vt 0.375000 0.479167
vt 0.377604 0.375000
vt 0.377604 0.479167
vt 0.245660 0.622830
vt 0.337240 0.605903
vt 0.125000 0.625000
vt 0.244792 0.622396
vt 0.333333 0.604167
vt 0.372830 0.557726
vt 0.369792 0.557292
vt 0.369792 0.557292
vt 0.375000 0.125000
vt 0.375000 0.187500
vt 0.375000 0.189236
vt 0.375000 0.250000
vt 0.375000 0.267361
vt 0.375000 0.250000
vt 0.375000 0.187500
vt 0.249132 0.625000
vt 0.245660 0.622830
vt 0.336806 0.621962
vt 0.244792 0.605903
vt 0.333333 0.604167
vt 0.375000 0.375000
vt 0.375000 0.375000
vt 0.375000 0.500000
vt 0.375000 0.482639
vt 0.375000 0.500000
vt 0.375000 0.375000
vt 0.249132 0.624566
vt 0.250000 0.625000
vt 0.375000 0.625000
vt 0.375000 0.562500
vt 0.375000 0.560764
vt 0.125000 0.500000
vt 0.250000 0.500000
vt 0.245660 0.560330
vt 0.125000 0.562500
vt 0.336806 0.560330
vt 0.370660 0.562066
vt 0.369792 0.602382
vt 0.374132 0.520014
vt 0.375000 0.531250
vt 0.375000 0.562500
vt 0.375000 0.593750
vt 0.375000 0.373264
vt 0.375000 0.466146
vt 0.375000 0.562500
vt 0.375000 0.524402
vt 0.375000 0.593750
vt 0.375000 0.600598
vt 0.375000 0.503279
vt 0.375000 0.520014
vt 0.374132 0.604119
vt 0.370660 0.617815
vt 0.819895 0.599511
vt 0.825019 0.563865
vt 0.845164 0.564073
vt 0.847447 0.612256
vt 0.802719 0.534994
vt 0.819203 0.527240
vt 0.875000 0.500000
vt 0.875000 0.562500
vt 0.875000 0.625000
vt 0.750000 0.524679
vt 0.750000 0.515536
vt 0.680989 0.527240
vt 0.750000 0.500000
vt 0.655601 0.564073
vt 0.652553 0.612256
vt 0.750000 0.603051
vt 0.750000 0.612610
vt 0.750000 0.625000
vt 0.819895 0.599511
vt 0.750000 0.599511
vt 0.750000 0.599511
vt 0.819895 0.599511
vt 0.819895 0.599511
vt 0.817891 0.563976
vt 0.797362 0.537472
vt 0.816983 0.564042
vt 0.796597 0.537826
vt 0.750000 0.599865
vt 0.750000 0.528086
vt 0.750000 0.528573
vt 0.680105 0.525489
vt 0.750000 0.525489
vt 0.819895 0.525489
vt 0.819895 0.525489
vt 0.819895 0.525489
vt 0.750000 0.525489
vt 0.680105 0.525489
vt 0.750000 0.528573
vt 0.703404 0.537826
vt 0.796597 0.537826
vt 0.750000 0.528573
vt 0.683018 0.564042
vt 0.816983 0.564042
vt 0.816982 0.564042
vt 0.680591 0.563014
vt 0.684851 0.563985
vt 0.703458 0.537854
vt 0.715053 0.543994
vt 0.703458 0.564842
vt 0.680105 0.526517
vt 0.680591 0.525746
vt 0.680105 0.535770
vt 0.680105 0.525489
vt 0.680105 0.525489
vt 0.819895 0.562500
vt 0.819895 0.562500
vt 0.819409 0.562757
vt 0.752912 0.599511
vt 0.752427 0.599511
vt 0.703404 0.599511
vt 0.701462 0.599511
vt 0.750485 0.599511
vt 0.750000 0.539939
vt 0.750000 0.564442
vt 0.784947 0.543994
vt 0.796543 0.564842
vt 0.750000 0.599511
vt 0.815149 0.563985
vt 0.796543 0.537854
vt 0.750000 0.529487
vt 0.750000 0.599511
vt 0.817468 0.563785
vt 0.798538 0.536798
vt 0.819895 0.562500
vt 0.819895 0.525489
vt 0.682843 0.563950
vt 0.702705 0.537456
vt 0.696880 0.534372
vt 0.681833 0.563672
vt 0.750311 0.528224
vt 0.751728 0.526661
vt 0.752427 0.599511
vt 0.701462 0.599511
vt 0.700763 0.526404
vt 0.682357 0.528166
vt 0.681833 0.538513
vt 0.680105 0.537855
vt 0.680105 0.543995
vt 0.752252 0.525653
vt 0.680105 0.562500
vt 0.680105 0.599511
vt 0.680105 0.564842
vt 0.680105 0.563985
vt 0.680105 0.563528
vt 0.680416 0.564150
vt 0.682532 0.599511
vt 0.683018 0.599511
vt 0.682532 0.599511
vt 0.370660 0.558160
vt 0.375000 0.480903
vt 0.336806 0.605903
vt 0.375000 0.375000
vt 0.375000 0.269097
vt 0.375000 0.189670
vt 0.375000 0.000000
vt 0.500000 0.000000
vt 0.504340 0.125000
vt 0.413194 0.125000
vt 0.625000 0.000000
vt 0.505208 0.250000
vt 0.416667 0.250000
vt 0.505208 0.375000
vt 0.416667 0.375000
vt 0.505208 0.500000
vt 0.416667 0.500000
vt 0.505208 0.625000
vt 0.416667 0.625000
vt 0.625000 0.750000
vt 0.505208 0.750000
vt 0.416667 0.750000
vt 0.504340 0.875000
vt 0.413194 0.875000
vt 0.625000 0.875000
vt 0.625000 1.000000
vt 0.500000 1.000000
vt 0.375000 1.000000
vt 0.380208 0.375000
vt 0.380208 0.250000
vt 0.380208 0.500000
vt 0.375000 0.500000
vt 0.375000 0.375000
vt 0.375000 0.250000
vt 0.750000 0.500000
vt 0.750000 0.625000
vt 0.875000 0.500000
vt 0.875000 0.625000
vt 0.875000 0.750000
vt 0.750000 0.750000
vt 0.375000 0.750000
vt 0.375000 0.875000
vt 0.375000 0.875000
vt 0.375000 0.750000
vt 0.375000 1.000000
vt 0.375000 0.875868
vt 0.375000 0.750000
vt 0.379340 0.125000
vt 0.375000 0.000000
vt 0.375000 0.125000
vt 0.380208 0.625000
vt 0.380208 0.750000
vt 0.375000 0.625000
vt 0.379340 0.875000
vt 0.375000 0.625000
vt 0.375000 0.625000
vt 0.375000 0.540895
vt 0.375000 0.709105
vt 0.375000 0.687500
vt 0.375000 0.250000
vt 0.375000 0.500000
vt 0.375000 0.500000
vt 0.375000 0.374132
vt 0.375000 0.000000
vt 0.375000 0.125000
vt 0.375000 0.000000
vt 0.375000 0.625000
vt 0.375000 0.500000
vt 0.375000 0.750000
vt 0.375000 0.375000
vt 0.375000 0.875868
vt 0.375000 0.875000
vt 0.375000 0.750000
vt 0.375000 0.878472
vt 0.375000 0.783854
vt 0.375000 0.371528
vt 0.375000 0.466146
vt 0.375000 0.500000
vt 0.375000 0.545235
vt 0.375000 0.704765
vt 0.375000 0.708333
vt 0.375000 0.541667
vt 0.375000 0.744117
vt 0.375000 0.744792
vt 0.375000 0.740451
vt 0.375000 0.711806
vt 0.375000 0.739583
vt 0.375000 0.505884
vt 0.375000 0.505208
vt 0.375000 0.510417
vt 0.375000 0.515239
vt 0.375000 0.545235
vt 0.375000 0.562500
vt 0.375000 0.548804
vt 0.375000 0.509549
vt 0.375000 0.538194
vt 0.375000 0.625000
vt 0.375000 0.687500
vt 0.375000 0.625000
vt 0.375000 0.625000
vt 0.375000 0.701196
vt 0.375000 0.625000
vt 0.375000 0.704765
vt 0.375000 0.734761
vt 0.375000 0.704765
vt 0.374132 0.750000
vt 0.375000 1.000000
vt 0.246528 0.625000
vt 0.125000 0.625000
vt 0.340278 0.625000
vt 0.250000 0.750000
vt 0.125000 0.750000
vt 0.374132 0.500000
vt 0.371528 0.625000
vt 0.500000 0.190104
vt 0.562500 0.189670
vt 0.562500 0.269097
vt 0.625000 0.187500
vt 0.500000 0.375000
vt 0.562500 0.375000
vt 0.500000 0.479167
vt 0.562500 0.480903
vt 0.500000 0.559896
vt 0.562500 0.560330
vt 0.625000 0.562500
vt 0.375000 0.189670
vt 0.375000 0.190104
vt 0.375000 0.269097
vt 0.625000 0.375000
vt 0.625000 0.270833
vt 0.437500 0.560330
vt 0.437500 0.480903
vt 0.437500 0.375000
vt 0.437500 0.269097
vt 0.437500 0.189670
vt 0.625000 0.480903
vt 0.625000 0.560330
vt 0.625000 0.479167
vt 0.625000 0.479167
vt 0.625000 0.375000
vt 0.625000 0.270833
vt 0.682532 0.563785
vt 0.703404 0.537826
vt 0.701462 0.536798
vt 0.625000 0.269097
vt 0.625000 0.562500
vt 0.375000 0.270833
vt 0.375000 0.270833
vt 0.375000 0.480903
vt 0.336806 0.605903
vt 0.245660 0.622830
vt 0.244792 0.622396
vt 0.369792 0.557292
vt 0.249132 0.624566
vt 0.369792 0.557292
vt 0.369792 0.557292
vt 0.375000 0.480903
vt 0.370660 0.558160
vt 0.345000 0.610000
vt 0.338056 0.623021
vt 0.245972 0.624722
vt 0.246042 0.623455
vt 0.250000 0.625000
vt 0.375000 0.375156
vt 0.375000 0.375191
vt 0.375000 0.485000
vt 0.375000 0.481528
vt 0.338056 0.606528
vt 0.245972 0.622986
vt 0.370972 0.558472
vt 0.371910 0.559410
vt 0.250000 0.562500
vt 0.374132 0.604118
vt 0.375000 0.520014
vt 0.375000 0.373420
vt 0.375000 0.465035
vt 0.375000 0.531250
vt 0.375000 0.524402
vt 0.375000 0.600598
vt 0.375000 0.593750
vt 0.375000 0.503002
vt 0.375000 0.518902
vt 0.374444 0.561944
vt 0.371910 0.603007
vt 0.370972 0.617971
vt 0.844741 0.563882
vt 0.819895 0.562500
vt 0.820379 0.526565
vt 0.750000 0.515509
vt 0.679621 0.526565
vt 0.655260 0.563882
vt 0.798538 0.536798
vt 0.796597 0.537826
vt 0.816983 0.564042
vt 0.750000 0.528059
vt 0.703404 0.525489
vt 0.702705 0.526404
vt 0.752738 0.525653
vt 0.752427 0.525746
vt 0.696880 0.534372
vt 0.751728 0.526661
vt 0.819895 0.525489
vt 0.701462 0.536798
vt 0.798538 0.536798
vt 0.682532 0.563785
vt 0.819409 0.562757
vt 0.682357 0.563693
vt 0.681833 0.563672
vt 0.700763 0.536428
vt 0.683018 0.527031
vt 0.682843 0.528423
vt 0.680105 0.537826
vt 0.680105 0.538883
vt 0.680105 0.543994
vt 0.681833 0.538512
vt 0.750000 0.562500
vt 0.800480 0.535770
vt 0.817953 0.563528
vt 0.750311 0.527710
vt 0.682047 0.563528
vt 0.699521 0.535770
vt 0.751942 0.526517
vt 0.750000 0.525489
vt 0.800480 0.535770
vt 0.680591 0.537855
vt 0.682532 0.528259
vt 0.701462 0.525746
vt 0.750485 0.526517
vt 0.680105 0.564242
vt 0.680105 0.564042
vt 0.680105 0.564842
vt 0.680105 0.564242
vt 0.680416 0.564150
vt 0.680105 0.563985
vt 0.375000 0.267361
vt 0.375000 0.375000
vt 0.375000 0.189236
vt 0.500000 0.125000
vt 0.500000 0.250000
vt 0.500000 0.375000
vt 0.500000 0.500000
vt 0.500000 0.625000
vt 0.500000 0.750000
vt 0.500000 0.875000
vt 0.375000 0.750000
vt 0.375000 0.875868
vt 0.375000 0.625000
vt 0.375000 0.625000
vt 0.375000 0.709105
vt 0.375000 0.374132
vt 0.375000 0.625000
vt 0.375000 0.250000
vt 0.375000 0.625000
vt 0.375000 0.875868
vt 0.375000 0.783854
vt 0.375000 0.878472
vt 0.375000 0.371528
vt 0.375000 0.374132
vt 0.375000 0.545235
vt 0.375000 0.744117
vt 0.375000 0.744792
vt 0.375000 0.739583
vt 0.375000 0.505883
vt 0.375000 0.541667
vt 0.375000 0.515239
vt 0.375000 0.548804
vt 0.375000 0.538195
vt 0.375000 0.734761
s 0
usemtl Material
f 12/1/1 263/2/1 746/3/1 267/4/1
f 263/2/2 7/5/2 251/6/2 746/3/2
f 746/3/3 251/6/3 3/7/3 261/8/3
f 267/4/4 746/3/4 261/8/4 10/9/4
f 11/10/5 262/11/5 747/12/5 266/13/5
f 262/11/5 6/14/5 259/15/5 747/12/5
f 747/12/5 259/15/5 7/5/5 263/16/5
f 266/13/5 747/12/5 263/16/5 12/17/5
f 10/9/6 261/8/6 748/18/6 265/19/6
f 261/8/7 3/7/7 252/20/7 748/18/7
f 748/18/8 252/20/8 1/21/8 260/22/8
f 265/19/9 748/18/9 260/22/9 9/23/9
f 9/23/10 260/22/10 749/24/10 264/25/10
f 260/22/11 1/21/11 255/26/11 749/24/11
f 749/24/12 255/26/12 6/14/12 262/11/12
f 264/25/13 749/24/13 262/11/13 11/10/13
f 5/27/14 254/28/14 750/29/14 310/30/14
f 254/28/15 4/31/15 309/32/15 750/29/15
f 750/29/16 309/32/16 32/33/16 307/34/16
f 310/30/17 750/29/17 307/34/17 34/27/17
f 3/7/18 251/6/18 751/35/18 270/36/18
f 251/6/19 7/5/19 269/37/19 751/35/19
f 751/35/20 763/38/20 279/39/20 270/36/20
f 270/36/21 279/39/21 761/40/21 757/41/21
f 2/42/22 249/43/22 752/44/22 253/45/22
f 249/43/23 9/23/23 264/25/23 752/44/23
f 752/44/24 264/25/24 11/10/24 256/46/24
f 253/45/25 752/44/25 256/46/25 8/47/25
f 4/31/26 250/48/26 753/49/26 248/50/26
f 250/48/27 10/9/27 265/19/27 753/49/27
f 753/49/28 265/19/28 9/23/28 249/43/28
f 248/50/29 753/49/29 249/43/29 2/42/29
f 8/47/30 256/46/30 754/51/30 257/52/30
f 256/46/5 11/10/5 266/13/5 754/51/5
f 754/51/5 266/13/5 12/17/5 258/53/5
f 257/52/31 754/51/31 258/53/31 5/54/31
f 5/27/32 258/55/32 755/56/32 254/28/32
f 258/55/33 12/1/33 267/4/33 755/56/33
f 755/56/34 267/4/34 10/9/34 250/48/34
f 254/28/35 755/56/35 250/48/35 4/31/35
f 13/37/5 268/15/5 756/15/5 278/37/5
f 268/15/5 14/57/5 277/57/5 756/15/5
f 756/15/5 277/57/5 18/57/5 276/15/5
f 278/37/5 756/15/5 276/15/5 15/37/5
f 1/21/36 252/20/36 757/41/36 271/58/36
f 252/20/37 3/7/37 270/36/37 757/41/37
f 757/41/38 761/40/38 280/59/38 271/58/38
f 271/58/39 280/59/39 762/60/39 759/61/39
f 7/5/5 259/15/5 758/15/5 269/37/5
f 259/15/5 6/14/5 272/57/5 758/15/5
f 758/15/5 272/57/5 14/57/5 268/15/5
f 269/37/5 758/15/5 268/15/5 13/37/5
f 6/14/40 255/26/40 759/61/40 272/57/40
f 255/26/41 1/21/41 271/58/41 759/61/41
f 759/61/42 762/60/42 277/57/42 14/57/42 272/57/42
f 888/62/43 897/38/43 278/37/43 13/37/43 269/37/43
f 18/57/44 275/60/44 760/60/44 286/57/44
f 275/60/45 17/63/45 285/63/45 760/60/45
f 760/60/46 285/63/46 21/63/46 283/60/46
f 286/57/47 760/60/47 283/60/47 22/57/47
f 761/40/48 279/39/48 16/64/48 274/15/48
f 280/59/49 761/40/49 274/15/49 17/63/49
f 762/60/50 280/59/50 17/63/50 275/60/50
f 277/57/51 762/60/51 275/60/51 18/57/51
f 763/38/52 278/37/52 15/37/52 273/38/52
f 279/39/53 763/38/53 273/38/53 16/64/53
f 22/57/54 283/60/54 764/60/54 294/57/54
f 283/60/55 21/63/55 293/63/55 764/60/55
f 764/60/56 293/63/56 25/63/56 291/60/56
f 294/57/57 764/60/57 291/60/57 26/57/57
f 16/64/58 273/38/58 765/38/58 288/64/58
f 273/38/59 15/37/59 287/37/59 765/38/59
f 765/38/60 287/37/60 19/37/60 281/38/60
f 288/64/61 765/38/61 281/38/61 20/64/61
f 15/37/5 276/15/5 766/15/5 287/37/5
f 276/15/5 18/57/5 286/57/5 766/15/5
f 766/15/5 286/57/5 22/57/5 284/15/5
f 287/37/5 766/15/5 284/15/5 19/37/5
f 17/63/62 274/15/62 767/40/62 285/63/62
f 274/15/63 16/64/63 288/64/63 767/40/63
f 767/40/64 288/64/64 20/64/64 282/15/64
f 285/63/65 767/40/65 282/15/65 21/63/65
f 23/37/5 292/15/5 768/15/5 302/37/5
f 292/15/5 26/57/5 301/57/5 768/15/5
f 768/15/5 301/57/5 58/57/5 300/65/5
f 302/37/5 768/15/5 300/65/5 55/37/5
f 20/64/66 281/38/66 769/38/66 296/64/66
f 281/38/67 19/37/67 295/37/67 769/38/67
f 769/38/68 295/37/68 23/37/68 289/38/68
f 296/64/69 769/38/69 289/38/69 24/64/69
f 19/37/5 284/15/5 770/15/5 295/37/5
f 284/15/5 22/57/5 294/57/5 770/15/5
f 770/15/5 294/57/5 26/57/5 292/15/5
f 295/37/5 770/15/5 292/15/5 23/37/5
f 21/63/70 282/15/70 771/40/70 293/63/70
f 282/15/71 20/64/71 296/64/71 771/40/71
f 771/40/72 296/64/72 24/64/72 290/15/72
f 293/63/73 771/40/73 290/15/73 25/63/73
f 30/66/74 355/67/74 772/68/74 366/69/74
f 355/67/75 29/70/75 365/71/75 772/68/75
f 772/68/76 365/71/76 61/72/76 363/73/76
f 366/69/77 772/68/77 363/73/77 62/74/77
f 25/63/78 290/15/78 773/15/78 304/75/78
f 290/15/79 24/64/79 303/76/79 773/15/79
f 773/15/80 303/76/80 56/77/80 298/65/80
f 304/75/81 773/15/81 298/65/81 57/78/81
f 26/57/82 291/60/82 774/79/82 301/57/82
f 291/60/83 25/63/83 304/75/83 774/79/83
f 774/79/84 304/75/84 57/78/84 299/80/84
f 301/57/85 774/79/85 299/80/85 58/57/85
f 24/64/86 289/38/86 775/62/86 303/76/86
f 289/38/87 23/37/87 302/37/87 775/62/87
f 775/62/88 302/37/88 55/37/88 297/81/88
f 303/76/89 775/62/89 297/81/89 56/77/89
f 32/33/90 305/82/90 776/83/90 318/84/90
f 305/82/91 31/85/91 317/86/91 776/83/91
f 776/83/92 317/86/92 35/85/92 313/82/92
f 318/84/93 776/83/93 313/82/93 36/33/93
f 4/31/94 248/50/94 777/87/94 309/32/94
f 248/50/95 2/42/95 311/88/95 777/87/95
f 777/87/96 311/88/96 31/85/96 305/82/96
f 309/32/97 777/87/97 305/82/97 32/33/97
f 8/47/98 257/52/98 778/89/98 312/90/98
f 257/52/99 5/54/99 310/91/99 778/89/99
f 778/89/100 310/91/100 34/54/100 308/92/100
f 312/90/101 778/89/101 308/92/101 33/93/101
f 2/42/102 253/45/102 779/94/102 311/88/102
f 253/45/103 8/47/103 312/90/103 779/94/103
f 779/94/104 312/90/104 33/93/104 306/95/104
f 311/88/105 779/94/105 306/95/105 31/85/105
f 37/93/106 316/92/106 780/92/106 326/93/106
f 316/92/107 38/54/107 325/91/107 780/92/107
f 780/92/108 325/91/108 42/54/108 324/92/108
f 326/93/109 780/92/109 324/92/109 41/93/109
f 33/93/110 308/92/110 781/92/110 320/93/110
f 308/92/111 34/54/111 319/91/111 781/92/111
f 781/92/112 319/91/112 38/54/112 316/92/112
f 320/93/113 781/92/113 316/92/113 37/93/113
f 31/85/114 306/95/114 782/96/114 317/86/114
f 306/95/115 33/93/115 320/93/115 782/96/115
f 782/96/116 320/93/116 37/93/116 314/95/116
f 317/86/117 782/96/117 314/95/117 35/85/117
f 34/27/118 307/34/118 783/34/118 319/30/118
f 307/34/119 32/33/119 318/84/119 783/34/119
f 783/34/120 318/84/120 36/33/120 315/34/120
f 319/30/121 783/34/121 315/34/121 38/27/121
f 90/97/122 428/98/122 784/99/122 422/30/122
f 428/98/123 89/100/123 333/101/123 784/99/123
f 784/99/124 333/101/124 44/102/124 331/103/124
f 422/30/125 784/99/125 331/103/125 46/97/125
f 35/85/126 314/95/126 785/96/126 327/86/126
f 314/95/127 37/93/127 326/93/127 785/96/127
f 785/96/128 326/93/128 41/93/128 322/95/128
f 327/86/129 785/96/129 322/95/129 39/85/129
f 38/27/130 315/34/130 786/34/130 325/30/130
f 315/34/131 36/33/131 328/33/131 786/34/131
f 786/34/132 328/33/132 40/33/132 323/34/132
f 325/30/133 786/34/133 323/34/133 42/27/133
f 36/33/134 313/82/134 787/83/134 328/33/134
f 313/82/135 35/85/135 327/86/135 787/83/135
f 787/83/136 327/86/136 39/85/136 321/82/136
f 328/33/137 787/83/137 321/82/137 40/33/137
f 45/47/138 332/104/138 788/105/138 342/106/138
f 332/104/139 46/54/139 341/91/139 788/105/139
f 788/105/140 341/91/140 50/54/140 340/107/140
f 342/106/141 788/105/141 340/107/141 49/108/141
f 89/100/142 427/109/142 789/110/142 333/101/142
f 427/109/143 91/111/143 335/112/143 789/110/143
f 789/110/144 335/112/144 43/113/144 329/114/144
f 333/101/145 789/110/145 329/114/145 44/102/145
f 92/47/146 426/115/146 790/116/146 424/117/146
f 426/115/147 90/54/147 422/91/147 790/116/147
f 790/116/148 422/91/148 46/54/148 332/104/148
f 424/117/149 790/116/149 332/104/149 45/47/149
f 91/111/150 425/118/150 791/119/150 335/112/150
f 425/118/151 92/47/151 424/117/151 791/119/151
f 791/119/152 424/117/152 45/47/152 330/118/152
f 335/112/153 791/119/153 330/118/153 43/113/153
f 48/120/154 337/121/154 792/122/154 339/123/154
f 337/121/155 47/113/155 338/124/155 792/122/155
f 792/122/156 338/124/156 49/108/156 340/107/156
f 339/123/157 792/122/157 340/107/157 50/54/157
f 49/108/158 338/124/158 793/125/158 350/126/158
f 338/124/159 47/113/159 349/127/159 793/125/159
f 793/125/160 349/127/160 54/128/160 346/129/160
f 350/126/161 793/125/161 346/129/161 53/130/161
f 46/97/162 331/103/162 794/99/162 341/30/162
f 331/103/163 44/102/163 344/101/163 794/99/163
f 794/99/164 344/101/164 48/102/164 339/103/164
f 341/30/165 794/99/165 339/103/165 50/97/165
f 44/102/166 329/114/166 795/131/166 344/101/166
f 329/114/167 43/113/167 343/132/167 795/131/167
f 795/131/168 343/132/168 47/113/168 337/114/168
f 344/101/169 795/131/169 337/114/169 48/102/169
f 52/128/170 345/118/170 796/133/170 348/134/170
f 345/118/171 51/135/171 347/136/171 796/133/171
f 796/133/172 347/136/172 53/130/172 346/129/172
f 348/134/173 796/133/173 346/129/173 54/128/173
f 47/113/174 343/132/174 797/137/174 349/127/174
f 343/132/175 43/113/175 351/138/175 797/137/175
f 797/137/176 351/138/176 52/128/176 348/134/176
f 349/127/177 797/137/177 348/134/177 54/128/177
f 43/113/178 330/118/178 798/133/178 351/138/178
f 330/118/179 45/47/179 352/139/179 798/133/179
f 798/133/180 352/139/180 51/135/180 345/118/180
f 351/138/181 798/133/181 345/118/181 52/128/181
f 45/47/182 342/106/182 799/140/182 352/139/182
f 342/106/183 49/108/183 350/126/183 799/140/183
f 799/140/184 350/126/184 53/130/184 347/136/184
f 352/139/185 799/140/185 347/136/185 51/135/185
f 27/141/186 353/142/186 800/143/186 357/144/186
f 353/142/187 28/145/187 358/146/187 800/143/187
f 800/143/188 358/146/188 56/147/188 297/148/188
f 357/144/189 800/143/189 297/148/189 55/149/189
f 28/145/190 354/150/190 801/151/190 358/146/190
f 354/150/191 29/70/191 359/152/191 801/151/191
f 801/151/192 359/152/192 57/78/192 298/153/192
f 358/146/193 801/151/193 298/153/193 56/147/193
f 29/70/194 355/67/194 802/154/194 359/152/194
f 355/67/195 30/66/195 360/155/195 802/154/195
f 802/154/196 360/155/196 58/57/196 299/80/196
f 359/152/197 802/154/197 299/80/197 57/78/197
f 30/66/5 356/156/5 803/157/5 360/155/5
f 356/156/5 27/141/5 357/144/5 803/157/5
f 803/157/5 357/144/5 55/149/5 300/158/5
f 360/155/5 803/157/5 300/158/5 58/57/5
f 59/159/5 364/160/5 804/161/5 374/162/5
f 364/160/5 62/74/5 373/69/5 804/161/5
f 804/161/5 373/69/5 66/74/5 372/161/5
f 374/162/5 804/161/5 372/161/5 63/163/5
f 28/145/198 353/142/198 805/164/198 368/165/198
f 353/142/199 27/141/199 367/162/199 805/164/199
f 805/164/200 367/162/200 59/159/200 361/166/200
f 368/165/201 805/164/201 361/166/201 60/167/201
f 27/141/5 356/156/5 806/168/5 367/162/5
f 356/156/5 30/66/5 366/69/5 806/168/5
f 806/168/5 366/69/5 62/74/5 364/160/5
f 367/162/5 806/168/5 364/160/5 59/159/5
f 29/70/202 354/150/202 807/169/202 365/71/202
f 354/150/203 28/145/203 368/165/203 807/169/203
f 807/169/204 368/165/204 60/167/204 362/170/204
f 365/71/205 807/169/205 362/170/205 61/72/205
f 81/171/206 408/172/206 808/172/206 403/171/206
f 408/172/207 79/173/207 381/174/207 808/172/207
f 808/172/208 381/174/208 68/175/208 378/176/208
f 403/171/209 808/172/209 378/176/209 69/177/209
f 61/72/210 362/170/210 809/178/210 376/179/210
f 362/170/211 60/167/211 375/167/211 809/178/211
f 809/178/212 375/167/212 64/180/212 370/181/212
f 376/179/213 809/178/213 370/181/213 65/179/213
f 62/74/214 363/73/214 810/73/214 373/69/214
f 363/73/215 61/72/215 376/179/215 810/73/215
f 810/73/216 376/179/216 65/179/216 371/182/216
f 373/69/217 810/73/217 371/182/217 66/74/217
f 60/167/218 361/166/218 811/183/218 375/167/218
f 361/166/219 59/159/219 374/162/219 811/183/219
f 811/183/220 374/162/220 63/163/220 369/184/220
f 375/167/221 811/183/221 369/184/221 64/180/221
f 70/74/222 379/185/222 812/186/222 390/69/222
f 379/185/223 69/177/223 389/187/223 812/186/223
f 812/186/224 389/187/224 73/188/224 387/189/224
f 390/69/225 812/186/225 387/189/225 74/66/225
f 81/171/226 403/171/226 813/190/226 407/191/226
f 403/171/227 69/177/227 417/192/227 813/190/227
f 813/190/228 417/192/228 83/193/228 413/171/228
f 407/191/229 813/190/229 413/171/229 85/194/229
f 79/173/230 406/195/230 814/196/230 381/174/230
f 406/195/231 80/141/231 384/141/231 814/196/231
f 814/196/232 384/141/232 67/141/232 377/197/232
f 381/174/233 814/196/233 377/197/233 68/175/233
f 80/141/5 405/198/5 815/199/5 384/141/5
f 405/198/5 82/200/5 404/201/5 815/199/5
f 815/199/5 404/201/5 70/74/5 380/202/5
f 384/141/5 815/199/5 380/202/5 67/141/5
f 73/188/234 386/203/234 816/204/234 387/189/234
f 386/203/235 72/205/235 385/206/235 816/204/235
f 816/204/236 385/206/236 71/141/236 388/207/236
f 387/189/237 816/204/237 388/207/237 74/66/237
f 68/175/238 377/197/238 817/208/238 392/209/238
f 377/197/239 67/141/239 391/159/239 817/208/239
f 817/208/240 391/159/240 71/141/240 385/206/240
f 392/209/241 817/208/241 385/206/241 72/205/241
f 67/141/5 380/202/5 818/161/5 391/159/5
f 380/202/5 70/74/5 390/69/5 818/161/5
f 818/161/5 390/69/5 74/66/5 388/207/5
f 391/159/5 818/161/5 388/207/5 71/141/5
f 69/177/242 378/176/242 819/210/242 389/187/242
f 378/176/243 68/175/243 392/209/243 819/210/243
f 819/210/244 392/209/244 72/205/244 386/203/244
f 389/187/245 819/210/245 386/203/245 73/188/245
f 63/163/5 372/161/5 820/161/5 396/141/5
f 372/161/5 66/74/5 383/74/5 820/161/5
f 820/161/5 383/74/5 77/74/5 397/211/5
f 396/141/5 820/161/5 397/211/5 78/141/5
f 64/180/246 369/184/246 821/212/246 393/213/246
f 369/184/247 63/163/247 396/141/247 821/212/247
f 821/212/248 396/141/248 78/141/248 398/214/248
f 393/213/249 821/212/249 398/214/249 75/215/249
f 66/74/250 371/182/250 822/216/250 383/74/250
f 371/182/251 65/179/251 382/217/251 822/216/251
f 822/216/252 382/217/252 76/218/252 399/219/252
f 383/74/253 822/216/253 399/219/253 77/74/253
f 65/179/254 370/181/254 823/220/254 382/217/254
f 370/181/255 64/180/255 393/213/255 823/220/255
f 823/220/256 393/213/256 75/215/256 400/221/256
f 382/217/257 823/220/257 400/221/257 76/218/257
f 78/141/5 397/211/5 824/222/5 402/141/5
f 397/211/5 77/74/5 395/223/5 824/222/5
f 824/222/5 395/223/5 82/200/5 405/198/5
f 402/141/5 824/222/5 405/198/5 80/141/5
f 75/215/258 398/214/258 825/196/258 401/174/258
f 398/214/259 78/141/259 402/141/259 825/196/259
f 825/196/260 402/141/260 80/141/260 406/195/260
f 401/174/261 825/196/261 406/195/261 79/173/261
f 76/218/262 394/224/262 826/225/262 416/226/262
f 394/224/263 81/171/263 407/191/263 826/225/263
f 826/225/264 407/191/264 85/194/264 410/227/264
f 416/226/265 826/225/265 410/227/265 86/228/265
f 76/218/266 400/221/266 827/229/266 394/224/266
f 400/221/267 75/215/267 401/174/267 827/229/267
f 827/229/268 401/174/268 79/173/268 408/172/268
f 394/224/269 827/229/269 408/172/269 81/171/269
f 87/74/270 415/230/270 828/230/270 414/74/270
f 415/230/271 85/194/271 413/171/271 828/230/271
f 828/230/272 413/171/272 83/193/272 409/230/272
f 414/74/273 828/230/273 409/230/273 84/66/273
f 88/231/274 412/232/274 829/233/274 411/69/274
f 412/232/275 86/228/275 410/227/275 829/233/275
f 829/233/276 410/227/276 85/194/276 415/230/276
f 411/69/277 829/233/277 415/230/277 87/74/277
f 69/177/278 379/185/278 830/234/278 417/192/278
f 379/185/279 70/74/279 418/69/279 830/234/279
f 830/234/280 418/69/280 84/66/280 409/230/280
f 417/192/281 830/234/281 409/230/281 83/193/281
f 77/74/282 399/219/282 831/235/282 419/69/282
f 399/219/283 76/218/283 416/226/283 831/235/283
f 831/235/284 416/226/284 86/228/284 412/232/284
f 419/69/285 831/235/285 412/232/285 88/231/285
f 82/200/5 395/223/5 832/236/5 420/237/5
f 395/223/5 77/74/5 419/69/5 832/236/5
f 832/236/5 419/69/5 88/231/5 411/69/5
f 420/237/5 832/236/5 411/69/5 87/74/5
f 70/74/5 404/201/5 833/238/5 418/69/5
f 404/201/5 82/200/5 420/237/5 833/238/5
f 833/238/5 420/237/5 87/74/5 414/74/5
f 418/69/5 833/238/5 414/74/5 84/66/5
f 39/85/286 322/95/286 834/239/286 423/240/286
f 322/95/287 41/93/287 336/241/287 834/239/287
f 834/239/288 336/241/288 92/47/288 425/118/288
f 423/240/289 834/239/289 425/118/289 91/111/289
f 41/93/290 324/92/290 835/105/290 336/241/290
f 324/92/291 42/54/291 334/91/291 835/105/291
f 835/105/292 334/91/292 90/54/292 426/115/292
f 336/241/293 835/105/293 426/115/293 92/47/293
f 40/33/294 321/82/294 836/242/294 421/243/294
f 321/82/295 39/85/295 423/240/295 836/242/295
f 836/242/296 423/240/296 91/111/296 427/109/296
f 421/243/297 836/242/297 427/109/297 89/100/297
f 42/27/298 323/34/298 837/244/298 334/30/298
f 323/34/299 40/33/299 421/243/299 837/244/299
f 837/244/300 421/243/300 89/100/300 428/98/300
f 334/30/301 837/244/301 428/98/301 90/97/301
f 12/1/486 533/353/486 884/354/486 263/2/486
f 533/353/487 146/9/487 530/355/487 884/354/487
f 884/354/488 530/355/488 143/77/488 524/356/488
f 263/2/489 884/354/489 524/356/489 7/5/489
f 146/9/490 532/357/490 885/358/490 530/355/490
f 532/357/491 145/359/491 529/360/491 885/358/491
f 885/358/492 529/360/492 141/78/492 525/15/492
f 530/355/493 885/358/493 525/15/493 143/77/493
f 145/359/494 531/361/494 886/362/494 529/360/494
f 531/361/495 11/10/495 262/11/495 886/362/495
f 886/362/496 262/11/496 6/14/496 528/363/496
f 529/360/497 886/362/497 528/363/497 141/78/497
f 5/27/498 561/30/498 887/364/498 527/103/498
f 561/30/499 158/27/499 558/365/499 887/364/499
f 887/364/500 558/365/500 156/33/500 560/366/500
f 527/103/501 887/364/501 560/366/501 144/102/501
f 143/77/502 534/76/502 888/62/502 524/356/502
f 892/65/503 895/367/503 539/368/503 534/76/503
f 534/76/504 539/368/504 897/38/504 888/62/504
f 524/356/505 888/62/505 269/37/505 7/5/505
f 142/113/506 526/118/506 889/369/506 522/370/506
f 526/118/507 8/47/507 256/46/507 889/369/507
f 889/369/508 256/46/508 11/10/508 531/361/508
f 522/370/509 889/369/509 531/361/509 145/359/509
f 144/102/510 521/114/510 890/371/510 523/372/510
f 521/114/511 142/113/511 522/370/511 890/371/511
f 890/371/512 522/370/512 145/359/512 532/357/512
f 523/372/513 890/371/513 532/357/513 146/9/513
f 5/27/514 527/103/514 891/373/514 258/55/514
f 527/103/515 144/102/515 523/372/515 891/373/515
f 891/373/516 523/372/516 146/9/516 533/353/516
f 258/55/517 891/373/517 533/353/517 12/1/517
f 141/78/518 535/374/518 892/65/518 525/15/518
f 893/375/519 896/60/519 540/376/519 535/374/519
f 535/374/520 540/376/520 895/367/520 892/65/520
f 525/15/521 892/65/521 534/76/521 143/77/521
f 6/14/522 272/57/522 893/375/522 528/363/522
f 14/57/523 277/57/523 896/60/523 893/375/523 272/57/523
f 528/363/524 893/375/524 535/374/524 141/78/524
f 18/57/525 286/57/525 894/60/525 538/60/525
f 286/57/526 22/57/526 543/60/526 894/60/526
f 894/60/527 543/60/527 150/377/527 544/377/527
f 538/60/528 894/60/528 544/377/528 148/377/528
f 540/376/529 148/377/529 537/378/529 895/367/529
f 895/367/530 537/378/530 147/379/530 539/368/530
f 277/57/531 18/57/531 538/60/531 896/60/531
f 896/60/532 538/60/532 148/377/532 540/376/532
f 539/368/533 147/379/533 536/38/533 897/38/533
f 897/38/534 536/38/534 15/37/534 278/37/534
f 22/57/535 294/57/535 898/60/535 543/60/535
f 294/57/536 26/57/536 548/60/536 898/60/536
f 898/60/537 548/60/537 152/377/537 549/377/537
f 543/60/538 898/60/538 549/377/538 150/377/538
f 147/379/539 545/64/539 899/38/539 536/38/539
f 545/64/540 149/64/540 541/38/540 899/38/540
f 899/38/541 541/38/541 19/37/541 287/37/541
f 536/38/542 899/38/542 287/37/542 15/37/542
f 148/377/543 544/377/543 900/367/543 537/378/543
f 544/377/544 150/377/544 542/378/544 900/367/544
f 900/367/545 542/378/545 149/64/545 545/64/545
f 537/378/546 900/367/546 545/64/546 147/379/546
f 149/64/547 550/64/547 901/38/547 541/38/547
f 550/64/548 151/64/548 546/38/548 901/38/548
f 901/38/549 546/38/549 23/37/549 295/37/549
f 541/38/550 901/38/550 295/37/550 19/37/550
f 150/377/551 549/377/551 902/367/551 542/378/551
f 549/377/552 152/377/552 547/378/552 902/367/552
f 902/367/553 547/378/553 151/64/553 550/64/553
f 542/378/554 902/367/554 550/64/554 149/64/554
f 30/66/555 366/69/555 903/380/555 606/230/555
f 366/69/556 62/74/556 611/182/556 903/380/556
f 903/380/557 611/182/557 182/381/557 612/382/557
f 606/230/558 903/380/558 612/382/558 154/193/558
f 152/377/559 555/374/559 904/15/559 547/378/559
f 555/374/560 180/78/560 552/65/560 904/15/560
f 904/15/561 552/65/561 179/77/561 554/383/561
f 547/378/562 904/15/562 554/383/562 151/64/562
f 26/57/563 301/57/563 905/375/563 548/60/563
f 301/57/564 58/57/564 553/384/564 905/375/564
f 905/375/565 553/384/565 180/78/565 555/374/565
f 548/60/566 905/375/566 555/374/566 152/377/566
f 151/64/567 554/383/567 906/62/567 546/38/567
f 554/383/568 179/77/568 551/81/568 906/62/568
f 906/62/569 551/81/569 55/37/569 302/37/569
f 546/38/570 906/62/570 302/37/570 23/37/570
f 156/33/571 569/385/571 907/242/571 556/271/571
f 569/385/572 160/386/572 564/271/572 907/242/572
f 907/242/573 564/271/573 159/85/573 568/86/573
f 556/271/574 907/242/574 568/86/574 155/85/574
f 144/102/575 560/366/575 908/242/575 521/114/575
f 560/366/576 156/33/576 556/271/576 908/242/576
f 908/242/577 556/271/577 155/85/577 562/387/577
f 521/114/578 908/242/578 562/387/578 142/113/578
f 8/47/579 563/388/579 909/389/579 257/52/579
f 563/388/580 157/108/580 559/390/580 909/389/580
f 909/389/581 559/390/581 158/54/581 561/91/581
f 257/52/582 909/389/582 561/91/582 5/54/582
f 142/113/583 562/387/583 910/239/583 526/118/583
f 562/387/584 155/85/584 557/391/584 910/239/584
f 910/239/585 557/391/585 157/108/585 563/388/585
f 526/118/586 910/239/586 563/388/586 8/47/586
f 161/108/587 577/241/587 911/389/587 567/390/587
f 577/241/588 165/47/588 575/392/588 911/389/588
f 911/389/589 575/392/589 166/54/589 576/91/589
f 567/390/590 911/389/590 576/91/590 162/54/590
f 157/108/591 571/108/591 912/390/591 559/390/591
f 571/108/592 161/108/592 567/390/592 912/390/592
f 912/390/593 567/390/593 162/54/593 570/91/593
f 559/390/594 912/390/594 570/91/594 158/54/594
f 155/85/595 568/86/595 913/393/595 557/391/595
f 568/86/596 159/85/596 565/394/596 913/393/596
f 913/393/597 565/394/597 161/108/597 571/108/597
f 557/391/598 913/393/598 571/108/598 157/108/598
f 158/27/599 570/30/599 914/365/599 558/365/599
f 570/30/600 162/27/600 566/365/600 914/365/600
f 914/365/601 566/365/601 160/386/601 569/385/601
f 558/365/602 914/365/602 569/385/602 156/33/602
f 197/97/603 647/30/603 915/364/603 653/98/603
f 647/30/604 170/27/604 582/365/604 915/364/604
f 915/364/605 582/365/605 168/33/605 584/243/605
f 653/98/606 915/364/606 584/243/606 196/100/606
f 159/85/607 578/395/607 916/396/607 565/394/607
f 578/395/608 163/113/608 573/118/608 916/396/608
f 916/396/609 573/118/609 165/47/609 577/241/609
f 565/394/610 916/396/610 577/241/610 161/108/610
f 162/27/611 576/30/611 917/244/611 566/365/611
f 576/30/612 166/97/612 574/103/612 917/244/612
f 917/244/613 574/103/613 164/102/613 579/366/613
f 566/365/614 917/244/614 579/366/614 160/386/614
f 160/386/615 579/366/615 918/242/615 564/271/615
f 579/366/616 164/102/616 572/114/616 918/242/616
f 918/242/617 572/114/617 163/113/617 578/395/617
f 564/271/618 918/242/618 578/395/618 159/85/618
f 169/397/619 593/398/619 919/399/619 583/400/619
f 593/398/620 173/47/620 591/401/620 919/399/620
f 919/399/621 591/401/621 174/91/621 592/91/621
f 583/400/622 919/399/622 592/91/622 170/54/622
f 196/100/623 584/243/623 920/402/623 652/109/623
f 584/243/624 168/33/624 580/403/624 920/402/624
f 920/402/625 580/403/625 167/404/625 586/405/625
f 652/109/626 920/402/626 586/405/626 198/111/626
f 199/47/627 649/406/627 921/407/627 651/392/627
f 649/406/628 169/397/628 583/400/628 921/407/628
f 921/407/629 583/400/629 170/54/629 647/91/629
f 651/392/630 921/407/630 647/91/630 197/54/630
f 198/111/631 586/405/631 922/408/631 650/118/631
f 586/405/632 167/404/632 581/409/632 922/408/632
f 922/408/633 581/409/633 169/397/633 649/406/633
f 650/118/634 922/408/634 649/406/634 199/47/634
f 172/120/635 590/123/635 923/410/635 588/121/635
f 590/123/636 174/91/636 591/401/636 923/410/636
f 923/410/637 591/401/637 173/47/637 589/118/637
f 588/121/638 923/410/638 589/118/638 171/306/638
f 173/47/639 601/411/639 924/129/639 589/118/639
f 601/411/640 177/130/640 597/129/640 924/129/640
f 924/129/641 597/129/641 178/128/641 600/412/641
f 589/118/642 924/129/642 600/412/642 171/306/642
f 170/27/643 592/30/643 925/244/643 582/365/643
f 592/30/644 174/97/644 590/103/644 925/244/644
f 925/244/645 590/103/645 172/102/645 595/366/645
f 582/365/646 925/244/646 595/366/646 168/33/646
f 168/33/647 595/366/647 926/413/647 580/403/647
f 595/366/648 172/102/648 588/114/648 926/413/648
f 926/413/649 588/114/649 171/306/649 594/414/649
f 580/403/650 926/413/650 594/414/650 167/404/650
f 176/415/651 599/416/651 927/133/651 596/129/651
f 599/416/652 178/128/652 597/129/652 927/133/652
f 927/133/653 597/129/653 177/130/653 598/417/653
f 596/129/654 927/133/654 598/417/654 175/418/654
f 171/306/655 600/412/655 928/419/655 594/414/655
f 600/412/656 178/128/656 599/416/656 928/419/656
f 928/419/657 599/416/657 176/415/657 602/420/657
f 594/414/658 928/419/658 602/420/658 167/404/658
f 167/404/659 602/420/659 929/421/659 581/409/659
f 602/420/660 176/415/660 596/129/660 929/421/660
f 929/421/661 596/129/661 175/418/661 603/422/661
f 581/409/662 929/421/662 603/422/662 169/397/662
f 169/397/663 603/422/663 930/423/663 593/398/663
f 603/422/664 175/418/664 598/417/664 930/423/664
f 930/423/665 598/417/665 177/130/665 601/411/665
f 593/398/666 930/423/666 601/411/666 173/47/666
f 27/141/667 357/144/667 931/424/667 604/425/667
f 357/144/668 55/149/668 551/148/668 931/424/668
f 931/424/669 551/148/669 179/147/669 607/426/669
f 604/425/670 931/424/670 607/426/670 153/215/670
f 153/215/671 607/426/671 932/427/671 605/176/671
f 607/426/672 179/147/672 552/153/672 932/427/672
f 932/427/673 552/153/673 180/78/673 608/428/673
f 605/176/674 932/427/674 608/428/674 154/193/674
f 154/193/675 608/428/675 933/429/675 606/230/675
f 608/428/676 180/78/676 553/384/676 933/429/676
f 933/429/677 553/384/677 58/57/677 360/155/677
f 606/230/678 933/429/678 360/155/678 30/66/678
f 153/215/679 613/430/679 934/212/679 604/425/679
f 613/430/680 181/431/680 609/432/680 934/212/680
f 934/212/681 609/432/681 59/159/681 367/162/681
f 604/425/682 934/212/682 367/162/682 27/141/682
f 154/193/683 612/382/683 935/433/683 605/176/683
f 612/382/684 182/381/684 610/181/684 935/433/684
f 935/433/685 610/181/685 181/431/685 613/430/685
f 605/176/686 935/433/686 613/430/686 153/215/686
f 192/434/687 635/435/687 936/436/687 638/437/687
f 635/435/688 186/438/688 620/439/688 936/436/688
f 936/436/689 620/439/689 185/215/689 622/174/689
f 638/437/690 936/436/690 622/174/690 191/440/690
f 182/381/691 618/441/691 937/433/691 610/181/691
f 618/441/692 184/193/692 615/176/692 937/433/692
f 937/433/693 615/176/693 183/215/693 617/442/693
f 610/181/694 937/433/694 617/442/694 181/431/694
f 62/74/695 373/69/695 938/443/695 611/182/695
f 373/69/696 66/74/696 616/230/696 938/443/696
f 938/443/697 616/230/697 184/193/697 618/441/697
f 611/182/698 938/443/698 618/441/698 182/381/698
f 181/431/699 617/442/699 939/212/699 609/432/699
f 617/442/700 183/215/700 614/444/700 939/212/700
f 939/212/701 614/444/701 63/163/701 374/162/701
f 609/432/702 939/212/702 374/162/702 59/159/702
f 70/74/703 390/69/703 940/445/703 621/446/703
f 390/69/704 74/66/704 626/230/704 940/445/704
f 940/445/705 626/230/705 188/193/705 627/447/705
f 621/446/706 940/445/706 627/447/706 186/438/706
f 192/434/707 637/448/707 941/449/707 635/435/707
f 637/448/708 194/450/708 642/451/708 941/449/708
f 941/449/709 642/451/709 193/452/709 645/453/709
f 635/435/710 941/449/710 645/453/710 186/438/710
f 191/440/711 622/174/711 942/196/711 636/195/711
f 622/174/712 185/215/712 619/214/712 942/196/712
f 942/196/713 619/214/713 67/141/713 384/141/713
f 636/195/714 942/196/714 384/141/714 80/141/714
f 188/193/715 626/230/715 943/454/715 625/176/715
f 626/230/716 74/66/716 388/207/716 943/454/716
f 943/454/717 388/207/717 71/141/717 624/214/717
f 625/176/718 943/454/718 624/214/718 187/175/718
f 185/215/719 628/455/719 944/456/719 619/214/719
f 628/455/720 187/175/720 624/214/720 944/456/720
f 944/456/721 624/214/721 71/141/721 391/159/721
f 619/214/722 944/456/722 391/159/722 67/141/722
f 186/438/723 627/447/723 945/457/723 620/439/723
f 627/447/724 188/193/724 625/176/724 945/457/724
f 945/457/725 625/176/725 187/175/725 628/455/725
f 620/439/726 945/457/726 628/455/726 185/215/726
f 183/215/727 629/440/727 946/196/727 614/444/727
f 629/440/728 189/215/728 631/197/728 946/196/728
f 946/196/729 631/197/729 78/141/729 396/141/729
f 614/444/730 946/196/730 396/141/730 63/163/730
f 66/74/731 383/74/731 947/458/731 616/230/731
f 383/74/732 77/74/732 632/230/732 947/458/732
f 947/458/733 632/230/733 190/194/733 623/459/733
f 616/230/734 947/458/734 623/459/734 184/193/734
f 184/193/735 623/459/735 948/460/735 615/176/735
f 623/459/736 190/194/736 633/461/736 948/460/736
f 948/460/737 633/461/737 189/215/737 629/440/737
f 615/176/738 948/460/738 629/440/738 183/215/738
f 189/215/739 634/462/739 949/456/739 631/197/739
f 634/462/740 191/440/740 636/195/740 949/456/740
f 949/456/741 636/195/741 80/141/741 402/141/741
f 631/197/742 949/456/742 402/141/742 78/141/742
f 190/194/743 644/463/743 950/464/743 630/465/743
f 644/463/744 195/228/744 640/451/744 950/464/744
f 950/464/745 640/451/745 194/450/745 637/448/745
f 630/465/746 950/464/746 637/448/746 192/434/746
f 190/194/747 630/465/747 951/466/747 633/461/747
f 630/465/748 192/434/748 638/437/748 951/466/748
f 951/466/749 638/437/749 191/440/749 634/462/749
f 633/461/750 951/466/750 634/462/750 189/215/750
f 87/74/751 414/74/751 952/467/751 643/468/751
f 414/74/752 84/66/752 639/469/752 952/467/752
f 952/467/753 639/469/753 193/452/753 642/451/753
f 643/468/754 952/467/754 642/451/754 194/450/754
f 88/231/755 411/69/755 953/470/755 641/232/755
f 411/69/756 87/74/756 643/468/756 953/470/756
f 953/470/757 643/468/757 194/450/757 640/451/757
f 641/232/758 953/470/758 640/451/758 195/228/758
f 186/438/759 645/453/759 954/471/759 621/446/759
f 645/453/760 193/452/760 639/469/760 954/471/760
f 954/471/761 639/469/761 84/66/761 418/69/761
f 621/446/762 954/471/762 418/69/762 70/74/762
f 77/74/763 419/69/763 955/472/763 632/230/763
f 419/69/764 88/231/764 641/232/764 955/472/764
f 955/472/765 641/232/765 195/228/765 644/463/765
f 632/230/766 955/472/766 644/463/766 190/194/766
f 163/113/767 648/112/767 956/119/767 573/118/767
f 648/112/768 198/111/768 650/118/768 956/119/768
f 956/119/769 650/118/769 199/47/769 587/117/769
f 573/118/770 956/119/770 587/117/770 165/47/770
f 165/47/771 587/117/771 957/401/771 575/392/771
f 587/117/772 199/47/772 651/392/772 957/401/772
f 957/401/773 651/392/773 197/54/773 585/91/773
f 575/392/774 957/401/774 585/91/774 166/54/774
f 164/102/775 646/473/775 958/474/775 572/114/775
f 646/473/776 196/100/776 652/109/776 958/474/776
f 958/474/777 652/109/777 198/111/777 648/112/777
f 572/114/778 958/474/778 648/112/778 163/113/778
f 166/97/779 585/30/779 959/475/779 574/103/779
f 585/30/780 197/97/780 653/98/780 959/475/780
f 959/475/781 653/98/781 196/100/781 646/473/781
f 574/103/782 959/475/782 646/473/782 164/102/782
f 13/37/967 278/37/967 763/38/967 751/35/967 269/37/967
usemtl 
f 93/245/302 430/246/302 838/247/302 429/248/302
f 430/246/303 94/249/303 431/37/303 838/247/303
f 838/247/304 431/37/304 96/77/304 432/250/304
f 429/248/305 838/247/305 432/250/305 95/251/305
f 95/251/306 432/250/306 839/252/306 433/253/306
f 432/250/307 96/77/307 434/15/307 839/252/307
f 839/252/308 434/15/308 100/78/308 435/254/308
f 433/253/309 839/252/309 435/254/309 99/255/309
f 99/255/310 435/254/310 840/256/310 436/257/310
f 435/254/311 100/78/311 437/14/311 840/256/311
f 840/256/312 437/14/312 98/258/312 438/259/312
f 436/257/313 840/256/313 438/259/313 97/260/313
f 97/260/314 438/259/314 841/261/314 439/262/314
f 438/259/315 98/258/315 440/263/315 841/261/315
f 841/261/316 440/263/316 94/264/316 430/265/316
f 439/262/317 841/261/317 430/265/317 93/266/317
f 95/251/318 433/253/318 842/267/318 446/268/318
f 433/253/319 99/255/319 445/269/319 842/267/319
f 842/267/320 445/269/320 103/270/320 442/271/320
f 446/268/321 842/267/321 442/271/321 101/272/321
f 100/78/322 434/273/322 843/274/322 437/14/322
f 434/273/323 96/275/323 431/276/323 843/274/323
f 843/274/324 431/276/324 94/277/324 440/278/324
f 437/14/325 843/274/325 440/278/325 98/258/325
f 135/279/326 512/280/326 844/281/326 507/282/326
f 512/280/327 133/266/327 453/283/327 844/281/327
f 844/281/328 453/283/328 106/266/328 452/284/328
f 507/282/329 844/281/329 452/284/329 108/285/329
f 93/245/330 429/248/330 845/286/330 447/287/330
f 429/248/331 95/251/331 446/268/331 845/286/331
f 845/286/332 446/268/332 101/272/332 441/288/332
f 447/287/333 845/286/333 441/288/333 102/245/333
f 99/255/334 436/257/334 846/289/334 445/269/334
f 436/257/335 97/260/335 448/290/335 846/289/335
f 846/289/336 448/290/336 104/279/336 443/291/336
f 445/269/337 846/289/337 443/291/337 103/270/337
f 97/260/338 439/262/338 847/292/338 448/290/338
f 439/262/339 93/266/339 447/283/339 847/292/339
f 847/292/340 447/283/340 102/266/340 444/280/340
f 448/290/341 847/292/341 444/280/341 104/279/341
f 107/113/342 451/293/342 848/294/342 478/295/342
f 451/293/343 108/285/343 477/296/343 848/294/343
f 848/294/344 477/296/344 117/297/344 473/117/344
f 478/295/345 848/294/345 473/117/345 118/129/345
f 136/102/346 511/114/346 849/109/346 508/298/346
f 511/114/347 134/299/347 455/300/347 849/109/347
f 849/109/348 455/300/348 107/113/348 450/301/348
f 508/298/349 849/109/349 450/301/349 105/102/349
f 134/299/350 510/117/350 850/293/350 455/300/350
f 510/117/351 135/279/351 507/282/351 850/293/351
f 850/293/352 507/282/352 108/285/352 451/293/352
f 455/300/353 850/293/353 451/293/353 107/113/353
f 133/302/354 509/303/354 851/30/354 453/245/354
f 509/303/355 136/102/355 508/298/355 851/30/355
f 851/30/356 508/298/356 105/102/356 449/30/356
f 453/245/357 851/30/357 449/30/357 106/304/357
f 102/245/358 441/288/358 852/288/358 457/287/358
f 441/288/359 101/272/359 456/298/359 852/288/359
f 852/288/360 456/298/360 112/272/360 461/288/360
f 457/287/361 852/288/361 461/288/361 109/245/361
f 103/270/362 443/291/362 853/305/362 459/306/362
f 443/291/363 104/279/363 454/307/363 853/305/363
f 853/305/364 454/307/364 110/279/364 462/291/364
f 459/306/365 853/305/365 462/291/365 111/299/365
f 101/272/366 442/271/366 854/242/366 456/298/366
f 442/271/367 103/270/367 459/306/367 854/242/367
f 854/242/368 459/306/368 111/299/368 463/308/368
f 456/298/369 854/242/369 463/308/369 112/272/369
f 104/279/370 444/280/370 855/280/370 454/307/370
f 444/280/371 102/266/371 457/283/371 855/280/371
f 855/280/372 457/283/372 109/266/372 464/280/372
f 454/307/373 855/280/373 464/280/373 110/279/373
f 116/279/374 468/309/374 856/310/374 502/311/374
f 468/309/375 114/266/375 501/283/375 856/310/375
f 856/310/376 501/283/376 130/266/376 500/280/376
f 502/311/377 856/310/377 500/280/377 132/279/377
f 106/304/378 449/30/378 857/288/378 472/287/378
f 449/30/379 105/102/379 471/298/379 857/288/379
f 857/288/380 471/298/380 113/298/380 465/288/380
f 472/287/381 857/288/381 465/288/381 114/245/381
f 108/285/382 452/284/382 858/312/382 469/313/382
f 452/284/383 106/266/383 472/283/383 858/312/383
f 858/312/384 472/283/384 114/266/384 468/309/384
f 469/313/385 858/312/385 468/309/385 116/279/385
f 105/102/386 450/301/386 859/314/386 471/298/386
f 450/301/387 107/113/387 470/315/387 859/314/387
f 859/314/388 470/315/388 115/316/388 466/301/388
f 471/298/389 859/314/389 466/301/389 113/298/389
f 118/129/390 473/117/390 860/305/390 476/317/390
f 473/117/391 117/297/391 475/318/391 860/305/391
f 860/305/392 475/318/392 119/319/392 474/305/392
f 476/317/393 860/305/393 474/305/393 120/320/393
f 108/285/394 469/313/394 861/321/394 477/296/394
f 469/313/395 116/279/395 479/322/395 861/321/395
f 861/321/396 479/322/396 119/319/396 475/318/396
f 477/296/397 861/321/397 475/318/397 117/297/397
f 119/319/398 479/322/398 862/323/398 486/319/398
f 479/322/399 116/279/399 485/324/399 862/323/399
f 862/323/400 485/324/400 121/319/400 483/325/400
f 486/319/401 862/323/401 483/325/401 123/319/401
f 115/316/402 470/315/402 863/326/402 480/327/402
f 470/315/403 107/113/403 478/295/403 863/326/403
f 863/326/404 478/295/404 118/129/404 476/317/404
f 480/327/405 863/326/405 476/317/405 120/320/405
f 122/320/406 484/328/406 864/329/406 494/317/406
f 484/328/407 124/320/407 493/330/407 864/329/407
f 864/329/408 493/330/408 128/331/408 492/332/408
f 494/317/409 864/329/409 492/332/409 126/129/409
f 115/316/410 480/327/410 865/333/410 488/334/410
f 480/327/411 120/320/411 487/320/411 865/333/411
f 865/333/412 487/320/412 124/320/412 484/328/412
f 488/334/413 865/333/413 484/328/413 122/320/413
f 116/279/414 467/293/414 866/305/414 485/324/414
f 467/293/415 115/316/415 488/334/415 866/305/415
f 866/305/416 488/334/416 122/320/416 481/305/416
f 485/324/417 866/305/417 481/305/417 121/319/417
f 120/320/418 474/305/418 867/117/418 487/320/418
f 474/305/419 119/319/419 486/319/419 867/117/419
f 867/117/420 486/319/420 123/319/420 482/335/420
f 487/320/421 867/117/421 482/335/421 124/320/421
f 125/336/422 489/337/422 868/338/422 491/339/422
f 489/337/423 126/129/423 492/332/423 868/338/423
f 868/338/424 492/332/424 128/331/424 490/337/424
f 491/339/425 868/338/425 490/337/425 127/336/425
f 124/320/426 482/335/426 869/340/426 493/330/426
f 482/335/427 123/319/427 495/341/427 869/340/427
f 869/340/428 495/341/428 127/336/428 490/337/428
f 493/330/429 869/340/429 490/337/429 128/331/429
f 123/319/430 483/325/430 870/342/430 495/341/430
f 483/325/431 121/319/431 496/343/431 870/342/431
f 870/342/432 496/343/432 125/336/432 491/339/432
f 495/341/433 870/342/433 491/339/433 127/336/433
f 121/319/434 481/305/434 871/338/434 496/343/434
f 481/305/435 122/320/435 494/317/435 871/338/435
f 871/338/436 494/317/436 126/129/436 489/337/436
f 496/343/437 871/338/437 489/337/437 125/336/437
f 132/279/438 500/280/438 872/280/438 518/344/438
f 500/280/439 130/266/439 517/283/439 872/280/439
f 872/280/440 517/283/440 138/345/440 516/280/440
f 518/344/441 872/280/441 516/280/441 140/282/441
f 115/316/442 467/293/442 873/117/442 503/270/442
f 467/293/443 116/279/443 502/311/443 873/117/443
f 873/117/444 502/311/444 132/279/444 499/117/444
f 503/270/445 873/117/445 499/117/445 131/299/445
f 114/245/446 465/288/446 874/288/446 501/287/446
f 465/288/447 113/298/447 504/298/447 874/288/447
f 874/288/448 504/298/448 129/298/448 497/288/448
f 501/287/449 874/288/449 497/288/449 130/245/449
f 109/245/450 461/288/450 875/30/450 505/245/450
f 461/288/451 112/272/451 460/272/451 875/30/451
f 875/30/452 460/272/452 136/102/452 509/303/452
f 505/245/453 875/30/453 509/303/453 133/302/453
f 111/299/454 462/291/454 876/305/454 506/306/454
f 462/291/455 110/279/455 458/307/455 876/305/455
f 876/305/456 458/307/456 135/279/456 510/117/456
f 506/306/457 876/305/457 510/117/457 134/299/457
f 112/272/458 463/308/458 877/114/458 460/272/458
f 463/308/459 111/299/459 506/306/459 877/114/459
f 877/114/460 506/306/460 134/299/460 511/114/460
f 460/272/461 877/114/461 511/114/461 136/102/461
f 110/279/462 464/280/462 878/280/462 458/307/462
f 464/280/463 109/266/463 505/283/463 878/280/463
f 878/280/464 505/283/464 133/266/464 512/280/464
f 458/307/465 878/280/465 512/280/465 135/279/465
f 113/298/466 466/301/466 879/114/466 504/298/466
f 466/301/467 115/316/467 503/270/467 879/114/467
f 879/114/468 503/270/468 131/299/468 498/114/468
f 504/298/469 879/114/469 498/114/469 129/298/469
f 137/120/470 514/121/470 880/346/470 513/347/470
f 514/121/471 139/113/471 515/348/471 880/346/471
f 880/346/472 515/348/472 140/282/472 516/349/472
f 513/347/473 880/346/473 516/349/473 138/350/473
f 129/298/474 498/114/474 881/114/474 520/272/474
f 498/114/475 131/299/475 519/351/475 881/114/475
f 881/114/476 519/351/476 139/113/476 514/114/476
f 520/272/477 881/114/477 514/114/477 137/102/477
f 131/299/478 499/117/478 882/352/478 519/351/478
f 499/117/479 132/279/479 518/344/479 882/352/479
f 882/352/480 518/344/480 140/282/480 515/348/480
f 519/351/481 882/352/481 515/348/481 139/113/481
f 130/245/482 497/288/482 883/30/482 517/287/482
f 497/288/483 129/298/483 520/272/483 883/30/483
f 883/30/484 520/272/484 137/102/484 513/30/484
f 517/287/485 883/30/485 513/30/485 138/304/485
f 200/304/783 654/30/783 960/476/783 655/246/783
f 654/30/784 202/102/784 657/477/784 960/476/784
f 960/476/785 657/477/785 203/77/785 656/37/785
f 655/246/786 960/476/786 656/37/786 201/249/786
f 202/102/787 658/114/787 961/478/787 657/477/787
f 658/114/788 206/113/788 660/479/788 961/478/788
f 961/478/789 660/479/789 207/78/789 659/15/789
f 657/477/790 961/478/790 659/15/790 203/77/790
f 206/113/791 661/337/791 962/480/791 660/479/791
f 661/337/792 204/282/792 663/481/792 962/480/792
f 962/480/793 663/481/793 205/258/793 662/14/793
f 660/479/794 962/480/794 662/14/794 207/78/794
f 204/282/795 664/280/795 963/482/795 663/481/795
f 664/280/796 200/345/796 655/265/796 963/482/796
f 963/482/797 655/265/797 201/264/797 665/263/797
f 663/481/798 963/482/798 665/263/798 205/258/798
f 202/102/799 671/298/799 964/242/799 658/114/799
f 671/298/800 208/298/800 667/242/800 964/242/800
f 964/242/801 667/242/801 210/299/801 670/299/801
f 658/114/802 964/242/802 670/299/802 206/113/802
f 207/78/803 662/14/803 965/274/803 659/273/803
f 662/14/804 205/258/804 665/278/804 965/274/804
f 965/274/805 665/278/805 201/277/805 656/276/805
f 659/273/806 965/274/806 656/276/806 203/275/806
f 242/279/807 732/282/807 966/281/807 737/280/807
f 732/282/808 215/483/808 677/484/808 966/281/808
f 966/281/809 677/484/809 213/266/809 678/283/809
f 737/280/810 966/281/810 678/283/810 240/266/810
f 200/304/811 672/287/811 967/30/811 654/30/811
f 672/287/812 209/245/812 666/30/812 967/30/812
f 967/30/813 666/30/813 208/298/813 671/298/813
f 654/30/814 967/30/814 671/298/814 202/102/814
f 206/113/815 670/299/815 968/485/815 661/337/815
f 670/299/816 210/299/816 668/485/816 968/485/816
f 968/485/817 668/485/817 211/279/817 673/279/817
f 661/337/818 968/485/818 673/279/818 204/282/818
f 204/282/819 673/279/819 969/280/819 664/280/819
f 673/279/820 211/279/820 669/280/820 969/280/820
f 969/280/821 669/280/821 209/266/821 672/283/821
f 664/280/822 969/280/822 672/283/822 200/345/822
f 214/113/823 703/295/823 970/486/823 676/486/823
f 703/295/824 225/129/824 698/117/824 970/486/824
f 970/486/825 698/117/825 224/336/825 702/487/825
f 676/486/826 970/486/826 702/487/826 215/483/826
f 243/102/827 733/298/827 971/474/827 736/242/827
f 733/298/828 212/298/828 675/488/828 971/474/828
f 971/474/829 675/488/829 214/113/829 680/270/829
f 736/242/830 971/474/830 680/270/830 241/299/830
f 241/299/831 680/270/831 972/489/831 735/485/831
f 680/270/832 214/113/832 676/486/832 972/489/832
f 972/489/833 676/486/833 215/483/833 732/282/833
f 735/485/834 972/489/834 732/282/834 242/279/834
f 240/302/835 678/245/835 973/30/835 734/303/835
f 678/245/836 213/245/836 674/30/836 973/30/836
f 973/30/837 674/30/837 212/298/837 733/298/837
f 734/303/838 973/30/838 733/298/838 243/102/838
f 209/245/839 682/287/839 974/30/839 666/30/839
f 682/287/840 216/304/840 686/288/840 974/30/840
f 974/30/841 686/288/841 219/490/841 681/272/841
f 666/30/842 974/30/842 681/272/842 208/298/842
f 210/299/843 684/306/843 975/117/843 668/485/843
f 684/306/844 218/299/844 687/491/844 975/117/844
f 975/117/845 687/491/845 217/483/845 679/307/845
f 668/485/846 975/117/846 679/307/846 211/279/846
f 208/298/847 681/272/847 976/242/847 667/242/847
f 681/272/848 219/490/848 688/242/848 976/242/848
f 976/242/849 688/242/849 218/299/849 684/306/849
f 667/242/850 976/242/850 684/306/850 210/299/850
f 211/279/851 679/307/851 977/280/851 669/280/851
f 679/307/852 217/483/852 689/280/852 977/280/852
f 977/280/853 689/280/853 216/266/853 682/283/853
f 669/280/854 977/280/854 682/283/854 209/266/854
f 223/279/855 727/279/855 978/281/855 693/492/855
f 727/279/856 239/279/856 725/280/856 978/281/856
f 978/281/857 725/280/857 237/266/857 726/283/857
f 693/492/858 978/281/858 726/283/858 221/266/858
f 213/245/859 697/287/859 979/30/859 674/30/859
f 697/287/860 221/245/860 690/30/860 979/30/860
f 979/30/861 690/30/861 220/298/861 696/298/861
f 674/30/862 979/30/862 696/298/862 212/298/862
f 215/483/863 694/493/863 980/494/863 677/484/863
f 694/493/864 223/279/864 693/492/864 980/494/864
f 980/494/865 693/492/865 221/266/865 697/283/865
f 677/484/866 980/494/866 697/283/866 213/266/866
f 212/298/867 696/298/867 981/495/867 675/488/867
f 696/298/868 220/298/868 691/496/868 981/495/868
f 981/495/869 691/496/869 222/299/869 695/315/869
f 675/488/870 981/495/870 695/315/870 214/113/870
f 225/129/871 701/497/871 982/117/871 698/117/871
f 701/497/872 227/320/872 699/117/872 982/117/872
f 982/117/873 699/117/873 226/319/873 700/318/873
f 698/117/874 982/117/874 700/318/874 224/336/874
f 215/483/875 702/487/875 983/498/875 694/493/875
f 702/487/876 224/336/876 700/318/876 983/498/876
f 983/498/877 700/318/877 226/319/877 704/499/877
f 694/493/878 983/498/878 704/499/878 223/279/878
f 226/319/879 711/319/879 984/323/879 704/499/879
f 711/319/880 230/319/880 708/500/880 984/323/880
f 984/323/881 708/500/881 228/319/881 710/324/881
f 704/499/882 984/323/882 710/324/882 223/279/882
f 222/299/883 705/327/883 985/501/883 695/315/883
f 705/327/884 227/320/884 701/497/884 985/501/884
f 985/501/885 701/497/885 225/129/885 703/295/885
f 695/315/886 985/501/886 703/295/886 214/113/886
f 229/502/887 719/497/887 986/503/887 709/328/887
f 719/497/888 233/129/888 717/504/888 986/503/888
f 986/503/889 717/504/889 235/331/889 718/317/889
f 709/328/890 986/503/890 718/317/890 231/320/890
f 222/299/891 713/505/891 987/333/891 705/327/891
f 713/505/892 229/502/892 709/328/892 987/333/892
f 987/333/893 709/328/893 231/320/893 712/320/893
f 705/327/894 987/333/894 712/320/894 227/320/894
f 223/279/895 710/324/895 988/117/895 692/305/895
f 710/324/896 228/319/896 706/305/896 988/117/896
f 988/117/897 706/305/897 229/502/897 713/505/897
f 692/305/898 988/117/898 713/505/898 222/299/898
f 227/320/899 712/320/899 989/117/899 699/117/899
f 712/320/900 231/320/900 707/335/900 989/117/900
f 989/117/901 707/335/901 230/319/901 711/319/901
f 699/117/902 989/117/902 711/319/902 226/319/902
f 232/336/903 716/339/903 990/338/903 714/337/903
f 716/339/904 234/336/904 715/305/904 990/338/904
f 990/338/905 715/305/905 235/331/905 717/504/905
f 714/337/906 990/338/906 717/504/906 233/129/906
f 231/320/907 718/317/907 991/117/907 707/335/907
f 718/317/908 235/331/908 715/305/908 991/117/908
f 991/117/909 715/305/909 234/336/909 720/341/909
f 707/335/910 991/117/910 720/341/910 230/319/910
f 230/319/911 720/341/911 992/506/911 708/500/911
f 720/341/912 234/336/912 716/339/912 992/506/912
f 992/506/913 716/339/913 232/336/913 721/318/913
f 708/500/914 992/506/914 721/318/914 228/319/914
f 228/319/915 721/318/915 993/117/915 706/305/915
f 721/318/916 232/336/916 714/337/916 993/117/916
f 993/117/917 714/337/917 233/129/917 719/497/917
f 706/305/918 993/117/918 719/497/918 229/502/918
f 239/279/919 743/311/919 994/280/919 725/280/919
f 743/311/920 247/282/920 741/280/920 994/280/920
f 994/280/921 741/280/921 245/345/921 742/283/921
f 725/280/922 994/280/922 742/283/922 237/266/922
f 222/299/923 728/270/923 995/485/923 692/305/923
f 728/270/924 238/299/924 724/485/924 995/485/924
f 995/485/925 724/485/925 239/279/925 727/279/925
f 692/305/926 995/485/926 727/279/926 223/279/926
f 221/245/927 726/287/927 996/30/927 690/30/927
f 726/287/928 237/245/928 722/30/928 996/30/928
f 996/30/929 722/30/929 236/298/929 729/298/929
f 690/30/930 996/30/930 729/298/930 220/298/930
f 216/304/931 730/245/931 997/30/931 686/288/931
f 730/245/932 240/302/932 734/303/932 997/30/932
f 997/30/933 734/303/933 243/102/933 685/298/933
f 686/288/934 997/30/934 685/298/934 219/490/934
f 218/299/935 731/306/935 998/117/935 687/491/935
f 731/306/936 241/299/936 735/485/936 998/117/936
f 998/117/937 735/485/937 242/279/937 683/307/937
f 687/491/938 998/117/938 683/307/938 217/483/938
f 219/490/939 685/298/939 999/242/939 688/242/939
f 685/298/940 243/102/940 736/242/940 999/242/940
f 999/242/941 736/242/941 241/299/941 731/306/941
f 688/242/942 999/242/942 731/306/942 218/299/942
f 217/483/943 683/307/943 1000/280/943 689/280/943
f 683/307/944 242/279/944 737/280/944 1000/280/944
f 1000/280/945 737/280/945 240/266/945 730/283/945
f 689/280/946 1000/280/946 730/283/946 216/266/946
f 220/298/947 729/298/947 1001/242/947 691/496/947
f 729/298/948 236/298/948 723/242/948 1001/242/948
f 1001/242/949 723/242/949 238/299/949 728/270/949
f 691/496/950 1001/242/950 728/270/950 222/299/950
f 244/120/951 738/347/951 1002/52/951 739/121/951
f 738/347/952 245/350/952 741/349/952 1002/52/952
f 1002/52/953 741/349/953 247/282/953 740/337/953
f 739/121/954 1002/52/954 740/337/954 246/306/954
f 236/298/955 745/272/955 1003/114/955 723/242/955
f 745/272/956 244/102/956 739/114/956 1003/114/956
f 1003/114/957 739/114/957 246/306/957 744/270/957
f 723/242/958 1003/114/958 744/270/958 238/299/958
f 238/299/959 744/270/959 1004/305/959 724/485/959
f 744/270/960 246/306/960 740/337/960 1004/305/960
f 1004/305/961 740/337/961 247/282/961 743/311/961
f 724/485/962 1004/305/962 743/311/962 239/279/962
f 237/245/963 742/287/963 1005/30/963 722/30/963
f 742/287/964 245/304/964 738/30/964 1005/30/964
f 1005/30/965 738/30/965 244/102/965 745/272/965
f 722/30/966 1005/30/966 745/272/966 236/298/966
o Cube.003
v 2.153346 1.616951 -3.435186
v 1.892800 -0.115861 -3.451265
v 0.918378 1.650250 -3.421068
v 1.067542 -0.105982 -3.449024
v 1.048591 -0.037015 -2.394584
v 2.454442 1.648468 -2.394584
v 0.601991 1.698415 -2.394584
v 1.898068 -0.046515 -2.394584
v 2.088705 0.696732 -3.459842
v 0.942107 0.709351 -3.451073
v 2.374729 0.699046 -2.394584
v 0.654832 0.717975 -2.394584
v 0.509964 2.666905 -2.394584
v 0.853896 2.572301 -3.472682
v 2.106673 2.455159 -3.495832
v 2.389088 2.491134 -2.394584
v 0.747326 3.318906 -2.394584
v 1.117531 3.259810 -3.587215
v 2.424529 3.221845 -3.592950
v 2.707614 3.261668 -2.394584
v 0.794883 3.936749 -2.394584
v 1.157719 3.888747 -3.624565
v 2.567693 3.808948 -3.626494
v 2.909594 3.816704 -2.394584
v 0.799798 4.456804 -2.394584
v 1.135094 4.457479 -3.625970
v 2.472100 4.407410 -3.627900
v 2.805064 4.381363 -2.394584
v 1.211806 5.041190 -2.394584
v 1.377759 5.035342 -3.058335
v 2.036740 4.932383 -3.058335
v 2.200178 4.886615 -2.394584
v 1.895884 -0.903160 -3.472718
v 1.085243 -0.890214 -3.468804
v 1.895884 -0.917170 -2.729433
v 1.085243 -0.904224 -2.725519
v 1.855164 -2.461752 -3.493838
v 1.046119 -2.449250 -3.484025
v 1.855164 -2.475762 -2.768950
v 1.046119 -2.463259 -2.759138
v 1.769621 -3.859144 -3.482280
v 1.049154 -3.851309 -3.473829
v 1.769621 -3.872715 -2.805120
v 1.049154 -3.864878 -2.796669
v 1.759927 -5.748585 -3.371519
v 1.202941 -5.718386 -3.329806
v 1.759927 -5.759651 -2.932085
v 1.202941 -5.727213 -2.971055
v 1.806117 -6.210220 -3.381463
v 1.193327 -6.196140 -3.302641
v 1.806117 -6.220228 -2.932258
v 1.193327 -6.202380 -3.007184
v 2.497124 -5.984983 -2.944476
v 2.497124 -5.973676 -3.371469
v 2.536498 -6.214669 -2.940985
v 2.536498 -6.203362 -3.381678
v 0.906324 4.845617 -2.394584
v 1.167218 4.855946 -3.456975
v 2.206263 4.798879 -3.457360
v 2.464707 4.759762 -2.394584
v 1.486046 5.254054 -2.394584
v 1.624163 5.270558 -3.095144
v 2.213236 5.104200 -3.075086
v 2.359703 5.019979 -2.394584
v 1.472936 5.656224 -2.394584
v 1.619814 5.753984 -3.288962
v 2.410511 5.353291 -3.188673
v 2.609524 5.132915 -2.394584
v 1.383201 7.303368 -2.394584
v 1.657822 7.288924 -3.272704
v 2.867018 7.183086 -3.152334
v 3.078888 7.272943 -2.394584
v 1.828523 7.725222 -2.394584
v 1.923434 7.605668 -3.089030
v 2.613678 7.574644 -3.049318
v 2.717713 7.682856 -2.394584
v 1.594792 5.989654 -3.336949
v 2.594251 5.457592 -3.214495
v 2.757530 5.123051 -2.394584
v 1.424751 5.894287 -2.394584
v 1.568596 6.602228 -3.346216
v 1.313661 6.590477 -2.394584
v 2.682276 6.306359 -3.385165
v 2.682502 6.252333 -2.394584
v 3.194737 6.655579 -2.878501
v 3.214560 6.660519 -2.394584
v 3.178226 5.945914 -2.929563
v 3.103450 5.288972 -2.857212
v 3.234555 5.846515 -2.394584
v 3.140717 5.144370 -2.394584
v 1.159997 -4.824606 -3.377541
v 1.159997 -4.835907 -2.910900
v 1.659586 -4.832700 -3.381372
v 1.659586 -4.844001 -2.914732
v 2.153346 1.616951 -1.353982
v 1.892800 -0.115861 -1.337902
v 0.918378 1.650250 -1.368100
v 1.067542 -0.105982 -1.340144
v 2.088705 0.696732 -1.329326
v 0.942107 0.709351 -1.338095
v 0.853896 2.572301 -1.316485
v 2.106673 2.455159 -1.293335
v 1.117531 3.259811 -1.201952
v 2.424529 3.221844 -1.196217
v 1.157719 3.888746 -1.164602
v 2.567692 3.808948 -1.162673
v 1.135094 4.457479 -1.163197
v 2.472100 4.407410 -1.161268
v 1.377759 5.035341 -1.730832
v 2.036740 4.932383 -1.730832
v 1.895884 -0.903160 -1.316450
v 1.085243 -0.890214 -1.320364
v 1.895884 -0.917170 -2.059734
v 1.085243 -0.904224 -2.063648
v 1.855164 -2.461752 -1.295329
v 1.046119 -2.449250 -1.305142
v 1.855164 -2.475762 -2.020217
v 1.046119 -2.463260 -2.030030
v 1.769621 -3.859144 -1.306888
v 1.049154 -3.851308 -1.315338
v 1.769621 -3.872714 -1.984048
v 1.049154 -3.864878 -1.992498
v 1.759927 -5.748585 -1.417649
v 1.202941 -5.718386 -1.459362
v 1.759927 -5.759651 -1.857083
v 1.202941 -5.727213 -1.818113
v 1.806117 -6.210219 -1.407705
v 1.193327 -6.196140 -1.486526
v 1.806117 -6.220229 -1.856909
v 1.193327 -6.202379 -1.781983
v 2.497124 -5.984982 -1.844692
v 2.497124 -5.973676 -1.417698
v 2.536498 -6.214669 -1.848183
v 2.536498 -6.203362 -1.407489
v 1.167218 4.855945 -1.332193
v 2.206263 4.798879 -1.331807
v 1.624163 5.270559 -1.694023
v 2.213236 5.104201 -1.714081
v 1.619814 5.753985 -1.500205
v 2.410511 5.353292 -1.600494
v 1.657822 7.288924 -1.516464
v 2.867018 7.183086 -1.636833
v 1.923434 7.605668 -1.700138
v 2.613678 7.574644 -1.739849
v 1.594792 5.989654 -1.452218
v 2.594251 5.457592 -1.574673
v 1.568596 6.602227 -1.442952
v 2.682276 6.306360 -1.404002
v 3.194737 6.655579 -1.910667
v 3.178226 5.945915 -1.859605
v 3.103450 5.288972 -1.931956
v 1.159997 -4.824606 -1.411627
v 1.159997 -4.835907 -1.878268
v 1.659586 -4.832699 -1.407795
v 1.659586 -4.844001 -1.874436
v 1.480171 -0.108797 -3.604140
v 1.980030 0.261621 -3.457350
v 1.000985 0.273430 -3.452028
v 0.644980 1.674466 -2.982694
v 1.537009 1.627625 -3.583158
v 2.052526 -0.116748 -3.016556
v 0.906676 -0.103101 -3.014396
v 2.420245 1.626600 -2.995048
v 2.199582 0.262729 -2.394584
v 1.467798 -0.151381 -2.394584
v 0.779567 0.279777 -2.394584
v 1.528217 1.673441 -2.394584
v 2.153111 1.159387 -3.445138
v 0.931602 1.171785 -3.434385
v 2.456047 1.177925 -2.394584
v 0.623784 1.196522 -2.394584
v 2.339257 0.696295 -3.008422
v 1.515500 0.702221 -3.614588
v 1.514781 0.708510 -2.394584
v 0.691023 0.714436 -3.000750
v 0.566786 2.625685 -3.011018
v 1.484899 2.503937 -3.647708
v 2.367638 2.457271 -3.031274
v 1.449526 2.579019 -2.394584
v 0.533483 2.209994 -2.394584
v 0.861680 2.131571 -3.433051
v 2.103357 2.045081 -3.453691
v 2.395993 2.080251 -2.394584
v 0.813151 3.289190 -3.079487
v 1.777564 3.233409 -3.769408
v 2.691883 3.234505 -3.084505
v 1.727470 3.290287 -2.394584
v 2.520422 2.897515 -2.394584
v 0.614424 3.018408 -2.394584
v 0.974420 2.937909 -3.532730
v 2.245169 2.857430 -3.548375
v 0.844886 3.918116 -3.101533
v 1.864276 3.844665 -3.810172
v 2.871629 3.803276 -3.103222
v 1.852238 3.876726 -2.394584
v 2.533303 3.524823 -3.615767
v 2.845843 3.552140 -2.394584
v 0.798139 3.629977 -2.394584
v 1.168005 3.576489 -3.613941
v 0.842174 4.462816 -3.102342
v 1.803772 4.434449 -3.811788
v 2.764029 4.390716 -3.104030
v 1.802431 4.419084 -2.394584
v 2.546600 4.114628 -3.634924
v 2.894948 4.103308 -2.394584
v 0.790590 4.212155 -2.394584
v 1.143528 4.186961 -3.632706
v 0.939441 4.857969 -3.005400
v 1.686924 4.831121 -3.616555
v 2.432999 4.775841 -3.005738
v 1.685516 4.802690 -2.394584
v 2.650545 4.606751 -2.394584
v 0.830913 4.673434 -2.394584
v 1.135312 4.685535 -3.581049
v 2.348547 4.641284 -3.582206
v 1.490564 -0.894060 -3.610126
v 2.047879 -0.912592 -3.101809
v 0.933248 -0.894792 -3.096427
v 1.490564 -0.913324 -2.588110
v 1.092649 -0.435814 -3.456515
v 1.091310 -0.444135 -2.655801
v 1.879752 -0.446644 -3.458383
v 1.879358 -0.454904 -2.657440
v 1.450642 -2.452874 -3.624848
v 2.006860 -2.471102 -3.133234
v 0.894423 -2.453910 -3.119742
v 1.450642 -2.472138 -2.628127
v 1.886414 -1.625359 -3.484780
v 1.066205 -1.611727 -3.477551
v 1.066205 -1.625736 -2.750364
v 1.886414 -1.639369 -2.757593
v 1.409387 -3.852682 -3.605022
v 1.904708 -3.867398 -3.145284
v 0.914066 -3.856625 -3.133665
v 1.409387 -3.871340 -2.673927
v 1.034786 -3.226855 -2.769098
v 1.816658 -3.236876 -2.779115
v 1.816658 -3.222921 -3.498037
v 1.034786 -3.212900 -3.488020
v 1.423024 -5.718973 -3.403848
v 1.851803 -5.676357 -3.151524
v 1.126083 -5.723241 -3.150320
v 1.423024 -5.731460 -2.897761
v 1.200800 -5.290784 -3.341424
v 1.099214 -4.377758 -2.850740
v 1.640088 -5.300179 -3.347013
v 1.712642 -4.385145 -2.856919
v 1.405227 -6.216143 -3.350618
v 1.810986 -6.274723 -3.157635
v 1.145061 -6.232286 -3.155243
v 1.405227 -6.224317 -2.960401
v 1.174743 -6.046218 -2.974040
v 1.790747 -6.048655 -2.857958
v 1.790747 -6.034691 -3.451426
v 1.174743 -6.038191 -3.332400
v 2.550365 -5.958260 -3.158043
v 2.597746 -6.238378 -3.162174
v 2.574056 -6.105471 -2.887847
v 2.574056 -6.091166 -3.432369
v 2.254283 -6.216146 -3.414104
v 2.254283 -6.228620 -2.905009
v 2.205541 -5.906993 -3.397340
v 2.205541 -5.919565 -2.913281
v 1.233091 5.049406 -2.776241
v 1.707438 4.986856 -3.157897
v 2.180339 4.901352 -2.776241
v 1.705992 4.963902 -2.394584
v 1.041693 4.960814 -2.394584
v 1.251304 4.962504 -3.241928
v 2.085058 4.880980 -3.241976
v 2.292186 4.838336 -2.394584
v 1.498944 5.282647 -2.800415
v 1.918073 5.194934 -3.188695
v 2.342004 5.049304 -2.782864
v 1.922874 5.137016 -2.394584
v 2.095521 5.001126 -3.020385
v 2.237851 4.948406 -2.394584
v 1.377668 5.121736 -2.394584
v 1.521190 5.117903 -3.022892
v 1.467201 5.759458 -2.923895
v 2.011253 5.577498 -3.365453
v 2.585282 5.212610 -2.836142
v 2.041230 5.394569 -2.394584
v 2.500348 5.086083 -2.394584
v 1.501364 5.463798 -2.394584
v 1.642843 5.521590 -3.200999
v 2.328635 5.238716 -3.140825
v 1.418277 7.302700 -2.915539
v 2.216766 7.251911 -3.343997
v 3.058429 7.263804 -2.780305
v 2.201797 7.258371 -2.394584
v 1.593125 6.971542 -3.322073
v 2.459096 5.406784 -3.209092
v 2.666999 5.148040 -2.394584
v 1.314925 6.971588 -2.394584
v 1.845196 7.663562 -2.824507
v 2.272782 7.602123 -3.114002
v 2.701003 7.623224 -2.799197
v 2.282470 7.761209 -2.394584
v 2.735138 7.460951 -3.114664
v 2.963250 7.510786 -2.394584
v 1.535058 7.564641 -2.394584
v 1.771009 7.502823 -3.194971
v 1.605444 5.869427 -3.326829
v 2.618871 5.854545 -3.353548
v 2.635170 5.739650 -2.394584
v 1.453519 5.757060 -2.394584
v 2.063876 5.601272 -2.394584
v 1.421930 5.998387 -2.951639
v 2.741405 5.212607 -2.814003
v 2.044423 5.792015 -3.420748
v 1.576469 6.247763 -3.346351
v 1.365377 6.196249 -2.394584
v 2.757192 6.762424 -3.321485
v 2.771840 6.740666 -2.394584
v 2.074656 6.427748 -2.394584
v 1.341268 6.623773 -2.949360
v 3.029524 6.105917 -3.184617
v 2.102988 6.487386 -3.471066
v 3.212004 6.670171 -2.680168
v 3.152953 5.528475 -2.899422
v 3.223014 5.430404 -2.394584
v 3.134803 5.186779 -2.658927
v 3.194251 6.369197 -2.920662
v 3.233875 6.271923 -2.394584
v 3.228252 5.870324 -2.662911
v 2.943156 5.318006 -3.003036
v 3.124193 6.877950 -2.995682
v 3.160143 6.991792 -2.394584
v 2.949489 5.078206 -2.394584
v 3.035103 6.055768 -2.394584
v 1.099214 -4.365131 -3.429993
v 1.200800 -5.300685 -2.953476
v 1.712642 -4.372518 -3.436172
v 1.640088 -5.310287 -2.951758
v 1.753259 -4.839868 -3.148770
v 1.409792 -4.842073 -2.825320
v 1.409792 -4.826534 -3.466952
v 1.066324 -4.828739 -3.143502
v 1.480171 -0.108797 -1.185027
v 1.980030 0.261621 -1.331817
v 1.000985 0.273430 -1.337140
v 0.644980 1.674466 -1.806473
v 1.537009 1.627625 -1.206009
v 2.052526 -0.116748 -1.772612
v 0.906676 -0.103102 -1.774771
v 2.420246 1.626600 -1.794120
v 2.153111 1.159387 -1.344030
v 0.931602 1.171785 -1.354783
v 2.339257 0.696295 -1.780745
v 1.515500 0.702221 -1.174579
v 0.691023 0.714436 -1.788418
v 0.566786 2.625685 -1.778149
v 1.484899 2.503937 -1.141459
v 2.367638 2.457271 -1.757894
v 0.861680 2.131571 -1.356117
v 2.103357 2.045081 -1.335477
v 0.813151 3.289190 -1.709681
v 1.777564 3.233409 -1.019760
v 2.691882 3.234506 -1.704663
v 0.974420 2.937909 -1.256438
v 2.245169 2.857430 -1.240792
v 0.844886 3.918116 -1.687634
v 1.864276 3.844666 -0.978996
v 2.871629 3.803276 -1.685946
v 2.533303 3.524823 -1.173400
v 1.168005 3.576488 -1.175226
v 0.842174 4.462816 -1.686826
v 1.803772 4.434449 -0.977379
v 2.764029 4.390716 -1.685138
v 2.546600 4.114628 -1.154243
v 1.143528 4.186961 -1.156462
v 0.939441 4.857970 -1.783767
v 1.686924 4.831121 -1.172613
v 2.432999 4.775841 -1.783429
v 1.135312 4.685535 -1.208119
v 2.348547 4.641285 -1.206961
v 1.490564 -0.894060 -1.179041
v 2.047879 -0.912592 -1.687358
v 0.933248 -0.894792 -1.692740
v 1.490564 -0.913324 -2.201057
v 1.092649 -0.435814 -1.332652
v 1.091310 -0.444135 -2.133366
v 1.879752 -0.446644 -1.330785
v 1.879358 -0.454904 -2.131727
v 1.450642 -2.452874 -1.164319
v 2.006860 -2.471102 -1.655933
v 0.894423 -2.453910 -1.669426
v 1.450642 -2.472138 -2.161040
v 1.886414 -1.625359 -1.304387
v 1.066205 -1.611727 -1.311616
v 1.066205 -1.625736 -2.038804
v 1.886414 -1.639369 -2.031574
v 1.409387 -3.852682 -1.184145
v 1.904708 -3.867398 -1.643883
v 0.914066 -3.856625 -1.655503
v 1.409387 -3.871341 -2.115240
v 1.034786 -3.226855 -2.020069
v 1.816658 -3.236875 -2.010052
v 1.816658 -3.222920 -1.291131
v 1.034787 -3.212900 -1.301147
v 1.423024 -5.718973 -1.385319
v 1.851803 -5.676357 -1.637643
v 1.126083 -5.723242 -1.638848
v 1.423024 -5.731461 -1.891407
v 1.200800 -5.290784 -1.447743
v 1.099214 -4.377758 -1.938427
v 1.640088 -5.300179 -1.442154
v 1.712642 -4.385145 -1.932248
v 1.405227 -6.216143 -1.438549
v 1.810986 -6.274723 -1.631532
v 1.145061 -6.232285 -1.633924
v 1.405227 -6.224317 -1.828766
v 1.174743 -6.046218 -1.815128
v 1.790748 -6.048654 -1.931209
v 1.790747 -6.034691 -1.337742
v 1.174743 -6.038191 -1.456767
v 2.550365 -5.958259 -1.631124
v 2.597746 -6.238378 -1.626994
v 2.574056 -6.105470 -1.901320
v 2.574056 -6.091166 -1.356798
v 2.254283 -6.216146 -1.375063
v 2.254283 -6.228620 -1.884159
v 2.205541 -5.906993 -1.391827
v 2.205541 -5.919565 -1.875887
v 1.233091 5.049406 -2.012927
v 1.707438 4.986857 -1.631270
v 2.180339 4.901352 -2.012927
v 1.251304 4.962504 -1.547239
v 2.085058 4.880980 -1.547191
v 1.498944 5.282647 -1.988753
v 1.918073 5.194934 -1.600472
v 2.342004 5.049305 -2.006303
v 2.095521 5.001126 -1.768783
v 1.521190 5.117903 -1.766276
v 1.467201 5.759458 -1.865273
v 2.011253 5.577498 -1.423715
v 2.585281 5.212610 -1.953026
v 1.642843 5.521590 -1.588168
v 2.328635 5.238715 -1.648342
v 1.418277 7.302700 -1.873628
v 2.216766 7.251910 -1.445170
v 3.058429 7.263804 -2.008862
v 1.593125 6.971542 -1.467095
v 2.459096 5.406783 -1.580076
v 1.845196 7.663562 -1.964661
v 2.272782 7.602123 -1.675165
v 2.701003 7.623223 -1.989970
v 2.735138 7.460951 -1.674503
v 1.771009 7.502823 -1.594196
v 1.605444 5.869427 -1.462338
v 2.618871 5.854544 -1.435620
v 1.421930 5.998387 -1.837528
v 2.741405 5.212608 -1.975165
v 2.044423 5.792016 -1.368419
v 1.576469 6.247764 -1.442816
v 2.757192 6.762424 -1.467683
v 1.341268 6.623773 -1.839807
v 3.029525 6.105917 -1.604551
v 2.102988 6.487386 -1.318102
v 3.212004 6.670171 -2.109000
v 3.152953 5.528475 -1.889745
v 3.134803 5.186779 -2.130240
v 3.194251 6.369197 -1.868505
v 3.228252 5.870324 -2.126256
v 2.943156 5.318006 -1.786131
v 3.124193 6.877950 -1.793485
v 1.099214 -4.365131 -1.359174
v 1.200800 -5.300684 -1.835691
v 1.712642 -4.372518 -1.352995
v 1.640088 -5.310287 -1.837409
v 1.753259 -4.839869 -1.640397
v 1.409792 -4.842073 -1.963847
v 1.409792 -4.826534 -1.322216
v 1.066324 -4.828739 -1.645665
v 0.663360 1.183693 -2.990856
v 1.539915 1.187223 -2.394584
v 1.542723 1.162341 -3.596538
v 2.419278 1.165871 -3.000265
v 0.944806 -0.438955 -3.061011
v 0.582508 2.174631 -2.988606
v 2.189974 0.257987 -3.007416
v 1.490519 0.268528 -3.613163
v 1.488960 0.259073 -2.394584
v 0.790690 0.274851 -3.002740
v 1.567423 2.957962 -2.394584
v 1.485186 2.079807 -3.600689
v 1.464738 2.145123 -2.394584
v 2.367417 2.050298 -3.006666
v 2.819735 3.530629 -3.097038
v 1.616150 2.888626 -3.712448
v 2.505114 2.865417 -3.060361
v 0.678459 2.981170 -3.046671
v 2.852500 4.101688 -3.108112
v 0.857210 3.605025 -3.095440
v 1.821991 3.591058 -2.394584
v 1.854954 3.544595 -3.797895
v 1.740729 4.640092 -2.394584
v 0.835678 4.205797 -3.106171
v 1.842769 4.157731 -2.394584
v 1.845409 4.149754 -3.819700
v 2.220656 4.965536 -2.754043
v 1.742110 4.666907 -3.759684
v 2.613391 4.621638 -3.077640
v 0.869448 4.685362 -3.076627
v 1.476309 -1.615916 -3.617513
v 1.486200 -0.438664 -3.603818
v 1.484731 -0.459357 -2.518241
v 2.027309 -0.453831 -3.063457
v 1.425722 -3.234482 -2.639309
v 1.476309 -1.635180 -2.617630
v 2.040203 -1.634920 -3.122542
v 0.912415 -1.616175 -3.112602
v 1.121217 -5.294329 -3.147098
v 1.963259 -3.231777 -3.140454
v 0.888186 -3.217999 -3.126681
v 1.425722 -3.215293 -3.627826
v 1.414209 -6.042702 -2.892020
v 1.415898 -5.293483 -3.416030
v 1.415898 -5.307147 -2.880774
v 1.723956 -5.300980 -3.149731
v 1.394932 -6.281789 -3.156235
v 2.268983 -6.278132 -3.160387
v 1.091978 -6.049628 -3.153239
v 1.414209 -6.030939 -3.414908
v 2.694189 -6.107019 -3.161066
v 2.235080 -6.064146 -3.500150
v 2.209694 -5.853913 -3.154600
v 2.235080 -6.081448 -2.814856
v 1.068418 4.970953 -2.881800
v 1.668367 4.925067 -3.369058
v 2.266889 4.853689 -2.881842
v 1.666940 4.899575 -2.394584
v 2.000856 5.274940 -2.394584
v 1.395548 5.132715 -2.756237
v 1.807760 5.035071 -2.394584
v 1.808445 5.063181 -3.115696
v 2.156730 6.900619 -3.423673
v 1.983471 5.395934 -3.287362
v 2.479507 5.140858 -2.814647
v 1.504820 5.530015 -2.867299
v 2.936762 7.480901 -2.798701
v 3.079564 6.551606 -3.140736
v 1.349798 6.986782 -2.940120
v 2.124851 6.872097 -2.394584
v 2.282095 7.687571 -2.810733
v 1.565005 7.534024 -2.870354
v 2.247768 7.541202 -2.394584
v 2.250155 7.476452 -3.266580
v 2.057864 5.461760 -2.394584
v 1.444717 5.874244 -2.947944
v 2.642495 5.239070 -2.841722
v 2.024560 5.669977 -3.400015
v 2.056931 5.967052 -2.394584
v 1.377591 6.265113 -2.951810
v 2.978795 5.658135 -3.143671
v 2.066267 6.087650 -3.459511
v 3.229643 6.294344 -2.668903
v 3.214959 5.456230 -2.648910
v 3.155172 6.989318 -2.727407
v 2.947279 5.144625 -2.730518
v 2.988185 5.568751 -2.394584
v 3.088242 6.527913 -2.394584
v 1.827659 -4.380216 -3.147704
v 1.405928 -4.383819 -2.745220
v 1.405928 -4.366457 -3.541693
v 0.984196 -4.370059 -3.139208
v 0.663360 1.183693 -1.798311
v 1.542723 1.162341 -1.192630
v 2.419278 1.165871 -1.788902
v 0.944806 -0.438955 -1.728156
v 0.582508 2.174631 -1.800561
v 2.189974 0.257987 -1.781751
v 1.490519 0.268528 -1.176005
v 0.790690 0.274851 -1.786427
v 1.485186 2.079807 -1.188479
v 2.367416 2.050298 -1.782501
v 2.819735 3.530629 -1.692129
v 1.616150 2.888626 -1.076720
v 2.505114 2.865417 -1.728807
v 0.678459 2.981171 -1.742496
v 2.852500 4.101688 -1.681055
v 0.857210 3.605025 -1.693727
v 1.854954 3.544595 -0.991273
v 0.835678 4.205797 -1.682996
v 1.845409 4.149754 -0.969468
v 2.220656 4.965537 -2.035124
v 1.742110 4.666907 -1.029483
v 2.613391 4.621637 -1.711527
v 0.869448 4.685362 -1.712540
v 1.476309 -1.615916 -1.171654
v 1.486200 -0.438664 -1.185350
v 1.484731 -0.459357 -2.270926
v 2.027309 -0.453831 -1.725710
v 1.425722 -3.234482 -2.149859
v 1.476309 -1.635180 -2.171537
v 2.040203 -1.634920 -1.666625
v 0.912415 -1.616175 -1.676566
v 1.121217 -5.294329 -1.642069
v 1.963259 -3.231777 -1.648713
v 0.888186 -3.217999 -1.662486
v 1.425722 -3.215294 -1.161341
v 1.414209 -6.042702 -1.897147
v 1.415898 -5.293483 -1.373138
v 1.415898 -5.307147 -1.908393
v 1.723956 -5.300979 -1.639436
v 1.394932 -6.281789 -1.632932
v 2.268983 -6.278131 -1.628781
v 1.091978 -6.049628 -1.635929
v 1.414209 -6.030939 -1.374259
v 2.694189 -6.107019 -1.628102
v 2.235080 -6.064146 -1.289017
v 2.209694 -5.853913 -1.634567
v 2.235080 -6.081448 -1.974312
v 1.068418 4.970953 -1.907368
v 1.668367 4.925066 -1.420110
v 2.266889 4.853689 -1.907326
v 1.395548 5.132715 -2.032930
v 1.808445 5.063181 -1.673471
v 2.156730 6.900618 -1.365494
v 1.983471 5.395934 -1.501806
v 2.479507 5.140858 -1.974521
v 1.504820 5.530016 -1.921869
v 2.936762 7.480901 -1.990467
v 3.079565 6.551607 -1.648432
v 1.349798 6.986782 -1.849047
v 2.282095 7.687571 -1.978434
v 1.565005 7.534023 -1.918814
v 2.250155 7.476452 -1.522587
v 1.444717 5.874244 -1.841224
v 2.642495 5.239069 -1.947445
v 2.024560 5.669977 -1.389152
v 1.377591 6.265113 -1.837358
v 2.978795 5.658135 -1.645496
v 2.066267 6.087650 -1.329657
v 3.229643 6.294344 -2.120264
v 3.214959 5.456231 -2.140257
v 3.155172 6.989318 -2.061761
v 2.947279 5.144624 -2.058649
v 1.827659 -4.380217 -1.641463
v 1.405928 -4.383819 -2.043947
v 1.405928 -4.366457 -1.247475
v 0.984196 -4.370059 -1.649959
vn -0.9962 -0.0611 -0.0619
vn -0.9969 -0.0398 -0.0683
vn -0.8523 -0.0162 -0.5228
vn -0.8646 -0.0211 -0.5020
vn -0.0000 -0.0000 1.0000
vn -0.2643 0.0411 -0.9636
vn -0.2543 0.0222 -0.9669
vn 0.2373 0.0260 -0.9711
vn 0.2505 0.0095 -0.9681
vn 0.8603 -0.1211 -0.4952
vn 0.8565 0.0074 -0.5160
vn 0.9983 0.0010 -0.0588
vn 0.9844 -0.1670 -0.0563
vn -0.9364 -0.2164 0.2763
vn -0.9356 -0.0606 -0.3479
vn -0.9309 0.0384 -0.3631
vn -0.9332 -0.0232 0.3585
vn -0.8461 -0.1122 -0.5210
vn -0.9892 -0.1285 -0.0706
vn -0.9954 -0.0451 -0.0842
vn -0.8493 -0.0589 -0.5245
vn 0.8894 -0.2641 -0.3730
vn 0.8604 -0.2559 -0.4407
vn 0.9371 -0.3476 -0.0323
vn 0.8336 -0.5367 0.1304
vn -0.3309 -0.0396 -0.9429
vn -0.2922 -0.0119 -0.9563
vn 0.2797 -0.0473 -0.9589
vn 0.3223 -0.0606 -0.9447
vn -0.8675 -0.4827 0.1203
vn -0.9682 -0.2474 -0.0360
vn -0.8791 -0.1577 -0.4497
vn -0.9012 -0.2129 -0.3774
vn 0.2319 -0.0130 -0.9726
vn -0.2595 -0.0606 -0.9638
vn -0.2710 -0.0985 -0.9575
vn 0.2264 -0.1043 -0.9684
vn 0.9901 0.1280 -0.0567
vn 0.8543 0.0850 -0.5127
vn 0.8658 -0.0445 -0.4983
vn 0.9992 0.0070 -0.0404
vn 0.9105 -0.4133 -0.0129
vn 0.8264 -0.3523 -0.4392
vn 0.8605 -0.1482 -0.4875
vn 0.9768 -0.2107 -0.0391
vn 0.2258 -0.2189 -0.9493
vn -0.2737 -0.0677 -0.9594
vn -0.2697 -0.0377 -0.9622
vn 0.2418 -0.2504 -0.9375
vn 0.9495 -0.3137 -0.0109
vn 0.8303 -0.3281 -0.4505
vn 0.7986 -0.4374 -0.4135
vn 0.8908 -0.4543 -0.0005
vn -0.8262 0.1959 -0.5283
vn -0.9522 0.2856 -0.1084
vn -0.9121 0.3953 -0.1084
vn -0.8106 0.2867 -0.5106
vn 0.9967 0.0571 -0.0570
vn 0.8642 0.0465 -0.5010
vn 0.8454 0.2459 -0.4741
vn 0.9524 0.2999 -0.0542
vn -0.8517 0.0925 -0.5158
vn -0.9847 0.1466 -0.0945
vn -0.9967 -0.0258 -0.0764
vn -0.8582 -0.0447 -0.5114
vn 0.2545 -0.1569 -0.9543
vn -0.2634 -0.0311 -0.9642
vn -0.2580 -0.0365 -0.9654
vn 0.2534 -0.0570 -0.9657
vn -0.8608 -0.0454 -0.5070
vn -0.9975 -0.0245 -0.0664
vn -0.9976 0.0317 -0.0615
vn -0.8679 0.0068 -0.4967
vn 0.2532 -0.0119 -0.9674
vn -0.2578 -0.0424 -0.9653
vn -0.2624 0.0018 -0.9650
vn 0.2624 0.0777 -0.9618
vn 0.8535 -0.5170 -0.0649
vn 0.8034 -0.3989 -0.4421
vn 0.4960 -0.7929 -0.3539
vn 0.5302 -0.8444 -0.0772
vn 0.2716 0.2997 -0.9146
vn -0.2660 0.1646 -0.9498
vn -0.2084 0.6014 -0.7713
vn 0.2366 0.7034 -0.6703
vn 0.8297 0.5570 -0.0369
vn 0.7631 0.5114 -0.3951
vn 0.5817 0.7691 -0.2647
vn 0.6408 0.7676 -0.0157
vn -0.8712 0.1275 -0.4742
vn -0.9893 0.1348 -0.0559
vn -0.9173 0.3958 -0.0434
vn -0.7862 0.4652 -0.4069
vn -0.3259 0.0181 -0.9452
vn 0.3146 0.0076 -0.9492
vn 0.3080 -0.0012 -0.9514
vn -0.3257 0.0167 -0.9453
vn -0.3513 -0.0064 -0.9363
vn 0.3471 0.0060 -0.9378
vn 0.3342 0.0288 -0.9421
vn -0.3396 0.0204 -0.9404
vn 0.2069 -0.4650 0.8608
vn -0.2201 -0.4765 0.8512
vn -0.3261 -0.1426 0.9345
vn 0.3279 -0.1367 0.9348
vn 0.9374 -0.0256 -0.3474
vn 0.9412 -0.1754 0.2887
vn 0.9331 -0.0055 0.3595
vn 0.9301 0.0582 -0.3626
vn 0.3324 -0.0270 0.9428
vn -0.3116 -0.0058 0.9502
vn -0.3191 -0.0457 0.9466
vn 0.3384 -0.0616 0.9390
vn 0.3254 -0.0431 0.9446
vn -0.3149 -0.0285 0.9487
vn -0.3081 -0.0025 0.9514
vn 0.3256 -0.0234 0.9452
vn 0.9229 -0.0022 -0.3850
vn 0.9236 -0.0239 0.3827
vn 0.9218 -0.0407 0.3856
vn 0.9204 -0.0309 -0.3898
vn -0.9227 0.0145 0.3852
vn -0.9234 0.0321 -0.3826
vn -0.9222 0.0241 -0.3860
vn -0.9208 0.0172 0.3896
vn -0.9217 -0.1132 0.3711
vn -0.9210 -0.1077 -0.3744
vn -0.9223 -0.0113 -0.3863
vn -0.9222 -0.0169 0.3864
vn 0.9221 -0.0469 -0.3842
vn 0.9238 -0.0542 0.3790
vn 0.9250 -0.0858 0.3702
vn 0.9230 -0.0799 -0.3763
vn -0.9234 0.0064 0.3837
vn -0.9249 0.0134 -0.3800
vn -0.9274 -0.0313 -0.3728
vn -0.9263 -0.0393 0.3747
vn -0.3326 0.0122 -0.9430
vn 0.3114 -0.0085 -0.9502
vn 0.3176 -0.0445 -0.9472
vn -0.3394 -0.0267 -0.9403
vn 0.0067 0.1321 0.9912
vn -0.3201 0.0229 0.9471
vn -0.2738 -0.2840 0.9189
vn -0.0748 -0.3747 0.9241
vn -0.3318 -0.1041 -0.9376
vn 0.3066 -0.0909 -0.9475
vn 0.1801 0.0400 -0.9828
vn -0.3233 -0.0299 -0.9458
vn 0.3180 -0.0982 0.9430
vn -0.3230 -0.1153 0.9394
vn -0.3187 -0.0419 0.9469
vn 0.1860 0.0301 0.9821
vn 0.9221 -0.0622 -0.3820
vn 0.9237 -0.0641 0.3776
vn 0.8649 0.2689 0.4238
vn 0.8685 0.2743 -0.4128
vn -0.1735 -0.9353 -0.3083
vn 0.0035 -0.9548 -0.2971
vn 0.0048 -0.9664 0.2568
vn -0.1733 -0.9471 0.2702
vn -0.0184 -0.9774 0.2107
vn -0.0199 -0.9667 -0.2552
vn 0.0944 -0.9722 -0.2144
vn 0.0965 -0.9814 0.1662
vn -0.9102 0.0842 0.4055
vn -0.9113 0.0913 -0.4015
vn -0.8939 -0.2199 -0.3907
vn -0.8954 -0.2290 0.3818
vn -0.3227 0.0393 -0.9457
vn 0.0012 0.1504 -0.9886
vn -0.0799 -0.3489 -0.9337
vn -0.2749 -0.2613 -0.9253
vn 0.7135 0.6527 -0.2546
vn 0.7121 0.6409 0.2868
vn 0.7958 -0.5151 0.3183
vn 0.7910 -0.5054 -0.3447
vn -0.0988 -0.4364 -0.8943
vn 0.0031 0.3815 -0.9244
vn 0.2025 0.5581 -0.8047
vn 0.1308 -0.4628 -0.8767
vn 0.3569 0.8804 -0.3125
vn 0.3563 0.8648 0.3538
vn 0.2642 0.9381 0.2238
vn 0.2629 0.9487 -0.1755
vn 0.0128 0.3589 0.9333
vn -0.0909 -0.4644 0.8810
vn 0.1428 -0.4907 0.8596
vn 0.2109 0.5304 0.8211
vn -0.4275 0.9040 -0.0045
vn -0.3010 0.9353 -0.1863
vn -0.4729 0.8448 -0.2502
vn -0.6480 0.7614 -0.0197
vn 0.0097 0.9452 -0.3264
vn 0.2051 0.9421 -0.2653
vn 0.1697 0.9371 -0.3051
vn -0.0583 0.9189 -0.3901
vn 0.4038 0.9067 -0.1223
vn 0.4759 0.8795 0.0057
vn 0.4206 0.9072 0.0041
vn 0.3645 0.9226 -0.1263
vn -0.4248 0.8686 -0.2550
vn -0.4465 0.8948 -0.0004
vn -0.8000 0.6000 -0.0011
vn -0.8241 0.4127 -0.3880
vn 0.3247 0.1577 -0.9326
vn -0.1435 0.6039 -0.7841
vn -0.3413 -0.2125 -0.9156
vn 0.1391 -0.5736 -0.8072
vn 0.1825 0.0980 -0.9783
vn -0.1833 0.1077 -0.9771
vn -0.1289 0.2110 -0.9689
vn 0.2599 0.2440 -0.9343
vn 0.1527 -0.5000 -0.8525
vn -0.3530 -0.3304 -0.8753
vn -0.3379 -0.3471 -0.8749
vn 0.1611 -0.4361 -0.8853
vn 0.4801 -0.8699 -0.1134
vn 0.5112 -0.7516 -0.4168
vn 0.5143 -0.7015 -0.4933
vn 0.4645 -0.8710 -0.1602
vn -0.9198 -0.0872 -0.3825
vn -0.9989 0.0443 -0.0138
vn -0.9872 -0.1578 -0.0244
vn -0.8994 -0.2337 -0.3694
vn 0.8854 0.4588 -0.0753
vn 0.7644 0.4109 -0.4968
vn 0.5022 0.7899 -0.3520
vn 0.5430 0.8310 -0.1210
vn 0.5093 0.0320 -0.8600
vn 0.6166 0.1935 -0.7632
vn 0.9045 0.0623 -0.4220
vn 0.8632 -0.0350 -0.5037
vn -0.8529 0.0621 -0.5184
vn -0.9983 0.0138 -0.0561
vn -0.9761 0.2084 -0.0612
vn -0.8099 0.2332 -0.5383
vn 0.1413 0.9562 -0.2563
vn -0.0287 0.9683 -0.2480
vn -0.0639 0.9852 -0.1588
vn 0.1647 0.9730 -0.1614
vn -0.6896 0.5368 -0.4861
vn -0.8500 0.5218 -0.0718
vn -0.4412 0.8902 -0.1134
vn -0.3639 0.8789 -0.3085
vn 0.2973 0.2682 -0.9164
vn -0.1053 0.3628 -0.9259
vn -0.0474 0.7641 -0.6433
vn 0.2141 0.7045 -0.6767
vn -0.8950 -0.2437 -0.3736
vn -0.9807 -0.1935 -0.0262
vn -0.9806 -0.1938 -0.0284
vn -0.9076 -0.1464 -0.3936
vn 0.3259 -0.9250 -0.1956
vn 0.4261 -0.7353 -0.5270
vn 0.1371 -0.8467 -0.5141
vn -0.2317 -0.9544 -0.1880
vn 0.1592 -0.4064 -0.8997
vn -0.3113 -0.3140 -0.8969
vn -0.2271 -0.1145 -0.9671
vn 0.1881 -0.3096 -0.9321
vn -0.8982 -0.1150 -0.4243
vn -0.9831 -0.1793 -0.0361
vn -0.9922 -0.1159 -0.0462
vn -0.8803 -0.0528 -0.4715
vn 0.3462 -0.3574 -0.8674
vn 0.4432 -0.1278 -0.8873
vn 0.8010 -0.1186 -0.5868
vn 0.6542 -0.3132 -0.6884
vn 0.1397 -0.2550 -0.9568
vn -0.2346 -0.0828 -0.9686
vn -0.2279 -0.0060 -0.9737
vn 0.1429 -0.0669 -0.9875
vn 0.9998 -0.0010 -0.0195
vn 0.9856 -0.0197 -0.1681
vn 0.9932 0.0310 -0.1121
vn 0.9988 0.0481 -0.0094
vn 0.9582 -0.2791 -0.0625
vn 0.9227 -0.2534 -0.2905
vn 0.9722 -0.0571 -0.2269
vn 0.9991 -0.0304 -0.0303
vn 0.8390 0.3671 -0.4015
vn 0.9527 0.3015 -0.0386
vn 0.9858 0.1679 -0.0100
vn 0.9716 0.1830 -0.1499
vn -0.2304 -0.9541 -0.1914
vn -0.0423 -0.8528 -0.5206
vn 0.3391 -0.8005 -0.4941
vn 0.3010 -0.9376 -0.1741
vn 0.9187 -0.1358 -0.3708
vn 0.9213 -0.1396 0.3629
vn 0.9195 -0.1509 0.3630
vn 0.9165 -0.1487 -0.3713
vn 0.3387 -0.1319 0.9316
vn -0.3233 -0.1293 0.9374
vn -0.3236 -0.1654 0.9316
vn 0.3348 -0.1577 0.9290
vn -0.3404 -0.1128 -0.9335
vn 0.3195 -0.1190 -0.9401
vn 0.3182 -0.1488 -0.9363
vn -0.3367 -0.1522 -0.9292
vn -0.9219 -0.1292 0.3653
vn -0.9221 -0.1216 -0.3675
vn -0.9160 -0.1618 -0.3670
vn -0.9167 -0.1684 0.3623
vn -0.9962 -0.0611 0.0619
vn -0.8646 -0.0211 0.5020
vn -0.8523 -0.0162 0.5228
vn -0.9969 -0.0398 0.0683
vn -0.2643 0.0411 0.9636
vn 0.2505 0.0095 0.9681
vn 0.2373 0.0260 0.9711
vn -0.2543 0.0222 0.9669
vn 0.8603 -0.1211 0.4952
vn 0.9844 -0.1670 0.0563
vn 0.9983 0.0010 0.0588
vn 0.8565 0.0074 0.5160
vn -0.9364 -0.2164 -0.2763
vn -0.9332 -0.0232 -0.3585
vn -0.9309 0.0384 0.3631
vn -0.9356 -0.0606 0.3479
vn -0.8461 -0.1122 0.5210
vn -0.8493 -0.0589 0.5245
vn -0.9954 -0.0451 0.0842
vn -0.9892 -0.1285 0.0706
vn 0.8894 -0.2641 0.3730
vn 0.8336 -0.5367 -0.1304
vn 0.9371 -0.3476 0.0323
vn 0.8604 -0.2559 0.4407
vn -0.3309 -0.0396 0.9429
vn 0.3223 -0.0606 0.9447
vn 0.2797 -0.0473 0.9589
vn -0.2922 -0.0119 0.9563
vn -0.8675 -0.4827 -0.1203
vn -0.9012 -0.2129 0.3774
vn -0.8791 -0.1577 0.4497
vn -0.9682 -0.2474 0.0360
vn 0.2319 -0.0130 0.9726
vn 0.2264 -0.1043 0.9684
vn -0.2710 -0.0985 0.9575
vn -0.2595 -0.0606 0.9638
vn 0.9901 0.1280 0.0567
vn 0.9992 0.0070 0.0404
vn 0.8658 -0.0445 0.4983
vn 0.8543 0.0850 0.5127
vn 0.9105 -0.4133 0.0129
vn 0.9768 -0.2107 0.0391
vn 0.8605 -0.1482 0.4875
vn 0.8264 -0.3523 0.4392
vn 0.2258 -0.2189 0.9493
vn 0.2418 -0.2504 0.9375
vn -0.2697 -0.0377 0.9622
vn -0.2737 -0.0677 0.9594
vn 0.9495 -0.3137 0.0109
vn 0.8908 -0.4543 0.0005
vn 0.7986 -0.4374 0.4135
vn 0.8303 -0.3281 0.4505
vn -0.8262 0.1959 0.5283
vn -0.8106 0.2867 0.5106
vn -0.9121 0.3953 0.1084
vn -0.9522 0.2856 0.1084
vn 0.9967 0.0571 0.0570
vn 0.9524 0.2999 0.0542
vn 0.8454 0.2459 0.4741
vn 0.8642 0.0465 0.5010
vn -0.8517 0.0925 0.5158
vn -0.8582 -0.0447 0.5114
vn -0.9967 -0.0258 0.0764
vn -0.9847 0.1466 0.0945
vn 0.2545 -0.1569 0.9543
vn 0.2534 -0.0570 0.9657
vn -0.2580 -0.0365 0.9654
vn -0.2634 -0.0311 0.9642
vn -0.8608 -0.0454 0.5070
vn -0.8679 0.0068 0.4967
vn -0.9976 0.0317 0.0615
vn -0.9975 -0.0245 0.0664
vn 0.2532 -0.0119 0.9674
vn 0.2624 0.0777 0.9618
vn -0.2624 0.0018 0.9650
vn -0.2578 -0.0424 0.9653
vn 0.8535 -0.5170 0.0649
vn 0.5302 -0.8444 0.0772
vn 0.4960 -0.7929 0.3539
vn 0.8034 -0.3989 0.4421
vn 0.2716 0.2997 0.9146
vn 0.2366 0.7034 0.6703
vn -0.2084 0.6014 0.7713
vn -0.2660 0.1646 0.9498
vn 0.8297 0.5570 0.0369
vn 0.6408 0.7676 0.0157
vn 0.5817 0.7691 0.2647
vn 0.7631 0.5114 0.3951
vn -0.8712 0.1275 0.4742
vn -0.7862 0.4652 0.4069
vn -0.9173 0.3958 0.0434
vn -0.9893 0.1348 0.0559
vn -0.3259 0.0181 0.9452
vn -0.3257 0.0167 0.9453
vn 0.3080 -0.0012 0.9514
vn 0.3146 0.0076 0.9492
vn -0.3513 -0.0064 0.9363
vn -0.3396 0.0204 0.9404
vn 0.3342 0.0288 0.9421
vn 0.3471 0.0060 0.9378
vn 0.2069 -0.4650 -0.8608
vn 0.3279 -0.1367 -0.9348
vn -0.3261 -0.1426 -0.9345
vn -0.2201 -0.4765 -0.8512
vn 0.9374 -0.0256 0.3474
vn 0.9301 0.0582 0.3626
vn 0.9331 -0.0055 -0.3595
vn 0.9412 -0.1754 -0.2887
vn 0.3324 -0.0270 -0.9428
vn 0.3384 -0.0616 -0.9390
vn -0.3191 -0.0457 -0.9466
vn -0.3116 -0.0058 -0.9502
vn 0.3254 -0.0431 -0.9446
vn 0.3256 -0.0234 -0.9452
vn -0.3081 -0.0025 -0.9514
vn -0.3149 -0.0285 -0.9487
vn 0.9229 -0.0022 0.3850
vn 0.9204 -0.0309 0.3898
vn 0.9218 -0.0407 -0.3856
vn 0.9236 -0.0239 -0.3827
vn -0.9227 0.0145 -0.3852
vn -0.9208 0.0172 -0.3896
vn -0.9222 0.0241 0.3860
vn -0.9234 0.0321 0.3826
vn -0.9217 -0.1132 -0.3711
vn -0.9222 -0.0169 -0.3864
vn -0.9223 -0.0113 0.3863
vn -0.9210 -0.1077 0.3744
vn 0.9221 -0.0469 0.3842
vn 0.9230 -0.0799 0.3763
vn 0.9250 -0.0858 -0.3702
vn 0.9238 -0.0542 -0.3790
vn -0.9234 0.0064 -0.3837
vn -0.9263 -0.0393 -0.3747
vn -0.9274 -0.0313 0.3728
vn -0.9249 0.0134 0.3800
vn -0.3326 0.0122 0.9430
vn -0.3394 -0.0267 0.9403
vn 0.3176 -0.0445 0.9472
vn 0.3114 -0.0085 0.9502
vn 0.0067 0.1321 -0.9912
vn -0.0748 -0.3747 -0.9241
vn -0.2738 -0.2840 -0.9189
vn -0.3201 0.0229 -0.9471
vn -0.3318 -0.1041 0.9376
vn -0.3233 -0.0299 0.9458
vn 0.1801 0.0400 0.9828
vn 0.3066 -0.0909 0.9475
vn 0.3180 -0.0982 -0.9430
vn 0.1860 0.0301 -0.9821
vn -0.3187 -0.0419 -0.9469
vn -0.3230 -0.1153 -0.9394
vn 0.9221 -0.0622 0.3820
vn 0.8685 0.2743 0.4128
vn 0.8649 0.2689 -0.4238
vn 0.9237 -0.0641 -0.3776
vn -0.1735 -0.9353 0.3083
vn -0.1733 -0.9471 -0.2702
vn 0.0048 -0.9664 -0.2568
vn 0.0035 -0.9548 0.2971
vn -0.0184 -0.9774 -0.2107
vn 0.0965 -0.9814 -0.1662
vn 0.0944 -0.9722 0.2144
vn -0.0199 -0.9667 0.2552
vn -0.9102 0.0842 -0.4055
vn -0.8954 -0.2290 -0.3818
vn -0.8939 -0.2199 0.3907
vn -0.9113 0.0913 0.4015
vn -0.3227 0.0393 0.9457
vn -0.2749 -0.2613 0.9253
vn -0.0799 -0.3489 0.9337
vn 0.0012 0.1504 0.9886
vn 0.7135 0.6527 0.2546
vn 0.7910 -0.5054 0.3447
vn 0.7958 -0.5151 -0.3183
vn 0.7121 0.6409 -0.2867
vn -0.0988 -0.4364 0.8943
vn 0.1308 -0.4628 0.8767
vn 0.2025 0.5581 0.8047
vn 0.0031 0.3815 0.9244
vn 0.3569 0.8804 0.3125
vn 0.2629 0.9487 0.1755
vn 0.2642 0.9381 -0.2238
vn 0.3563 0.8648 -0.3538
vn 0.0128 0.3589 -0.9333
vn 0.2109 0.5304 -0.8211
vn 0.1428 -0.4907 -0.8596
vn -0.0909 -0.4644 -0.8810
vn -0.4275 0.9040 0.0045
vn -0.6480 0.7614 0.0197
vn -0.4729 0.8448 0.2502
vn -0.3010 0.9353 0.1863
vn 0.0097 0.9452 0.3264
vn -0.0583 0.9189 0.3901
vn 0.1697 0.9371 0.3051
vn 0.2051 0.9421 0.2653
vn 0.4038 0.9067 0.1223
vn 0.3645 0.9226 0.1263
vn 0.4206 0.9072 -0.0041
vn 0.4759 0.8795 -0.0057
vn -0.4248 0.8686 0.2550
vn -0.8241 0.4127 0.3880
vn -0.8000 0.6000 0.0011
vn -0.4465 0.8948 0.0004
vn 0.3247 0.1577 0.9326
vn 0.1391 -0.5736 0.8072
vn -0.3413 -0.2125 0.9156
vn -0.1435 0.6039 0.7841
vn 0.1825 0.0980 0.9783
vn 0.2599 0.2440 0.9343
vn -0.1289 0.2110 0.9689
vn -0.1833 0.1077 0.9771
vn 0.1527 -0.5000 0.8525
vn 0.1611 -0.4361 0.8853
vn -0.3379 -0.3471 0.8749
vn -0.3530 -0.3304 0.8753
vn 0.4801 -0.8699 0.1134
vn 0.4645 -0.8710 0.1602
vn 0.5143 -0.7015 0.4933
vn 0.5112 -0.7516 0.4168
vn -0.9198 -0.0872 0.3825
vn -0.8994 -0.2337 0.3694
vn -0.9872 -0.1578 0.0244
vn -0.9989 0.0443 0.0138
vn 0.8854 0.4588 0.0753
vn 0.5430 0.8310 0.1210
vn 0.5022 0.7899 0.3520
vn 0.7644 0.4109 0.4968
vn 0.5093 0.0320 0.8600
vn 0.8631 -0.0350 0.5037
vn 0.9045 0.0623 0.4220
vn 0.6166 0.1935 0.7632
vn -0.8529 0.0621 0.5184
vn -0.8099 0.2332 0.5383
vn -0.9761 0.2084 0.0612
vn -0.9983 0.0138 0.0561
vn 0.1413 0.9562 0.2563
vn 0.1647 0.9730 0.1614
vn -0.0639 0.9852 0.1588
vn -0.0287 0.9683 0.2480
vn -0.6896 0.5368 0.4861
vn -0.3639 0.8789 0.3085
vn -0.4412 0.8902 0.1134
vn -0.8500 0.5218 0.0718
vn 0.2973 0.2682 0.9164
vn 0.2141 0.7045 0.6767
vn -0.0474 0.7641 0.6433
vn -0.1053 0.3628 0.9259
vn -0.8950 -0.2437 0.3736
vn -0.9076 -0.1464 0.3936
vn -0.9806 -0.1938 0.0284
vn -0.9807 -0.1935 0.0262
vn 0.3259 -0.9250 0.1956
vn -0.2317 -0.9544 0.1880
vn 0.1371 -0.8467 0.5141
vn 0.4262 -0.7353 0.5270
vn 0.1592 -0.4064 0.8997
vn 0.1881 -0.3096 0.9321
vn -0.2271 -0.1145 0.9671
vn -0.3113 -0.3140 0.8969
vn -0.8982 -0.1150 0.4243
vn -0.8803 -0.0528 0.4715
vn -0.9922 -0.1159 0.0462
vn -0.9831 -0.1793 0.0361
vn 0.3462 -0.3574 0.8674
vn 0.6542 -0.3132 0.6884
vn 0.8010 -0.1186 0.5868
vn 0.4432 -0.1278 0.8873
vn 0.1397 -0.2550 0.9568
vn 0.1429 -0.0669 0.9875
vn -0.2279 -0.0060 0.9737
vn -0.2346 -0.0828 0.9686
vn 0.9998 -0.0010 0.0195
vn 0.9988 0.0481 0.0094
vn 0.9932 0.0310 0.1121
vn 0.9856 -0.0197 0.1681
vn 0.9582 -0.2791 0.0625
vn 0.9991 -0.0304 0.0303
vn 0.9722 -0.0571 0.2269
vn 0.9227 -0.2534 0.2905
vn 0.8390 0.3671 0.4015
vn 0.9716 0.1830 0.1499
vn 0.9858 0.1679 0.0100
vn 0.9527 0.3015 0.0386
vn -0.2304 -0.9541 0.1914
vn 0.3010 -0.9376 0.1741
vn 0.3391 -0.8005 0.4941
vn -0.0423 -0.8528 0.5206
vn 0.9187 -0.1358 0.3708
vn 0.9165 -0.1487 0.3713
vn 0.9195 -0.1509 -0.3630
vn 0.9213 -0.1396 -0.3629
vn 0.3387 -0.1319 -0.9316
vn 0.3348 -0.1577 -0.9290
vn -0.3236 -0.1654 -0.9316
vn -0.3233 -0.1293 -0.9374
vn -0.3404 -0.1128 0.9335
vn -0.3367 -0.1522 0.9292
vn 0.3182 -0.1488 0.9363
vn 0.3195 -0.1190 0.9401
vn -0.9219 -0.1292 -0.3653
vn -0.9167 -0.1684 -0.3623
vn -0.9160 -0.1618 0.3670
vn -0.9221 -0.1216 0.3675
vt 0.500000 0.125000
vt 0.562500 0.125000
vt 0.560330 0.190104
vt 0.500000 0.190104
vt 0.625000 0.125000
vt 0.605903 0.190104
vt 0.604167 0.270833
vt 0.559896 0.270833
vt 0.500000 0.270833
vt 0.500000 0.625000
vt 0.562500 0.625000
vt 0.531250 0.437500
vt 0.437500 0.500000
vt 0.625000 0.625000
vt 0.625000 0.375000
vt 0.500000 0.250000
vt 0.375000 0.375000
vt 0.500000 0.270833
vt 0.559896 0.270833
vt 0.559896 0.375000
vt 0.500000 0.375000
vt 0.604167 0.270833
vt 0.604167 0.375000
vt 0.604167 0.479167
vt 0.559896 0.479167
vt 0.500000 0.479167
vt 0.500000 0.479167
vt 0.559896 0.479167
vt 0.560330 0.559896
vt 0.500000 0.559896
vt 0.604167 0.479167
vt 0.605903 0.559896
vt 0.375000 0.125000
vt 0.394097 0.190104
vt 0.377170 0.190104
vt 0.375000 0.125000
vt 0.395833 0.270833
vt 0.377604 0.270833
vt 0.375000 0.270833
vt 0.375000 0.190104
vt 0.605903 0.190104
vt 0.622830 0.190104
vt 0.622396 0.270833
vt 0.625000 0.125000
vt 0.625000 0.190104
vt 0.625000 0.270833
vt 0.395833 0.479167
vt 0.440104 0.479167
vt 0.439670 0.559896
vt 0.393229 0.559462
vt 0.437500 0.625000
vt 0.375000 0.625000
vt 0.395833 0.270833
vt 0.440104 0.270833
vt 0.440104 0.375000
vt 0.395833 0.375000
vt 0.440104 0.479167
vt 0.395833 0.479167
vt 0.343750 0.562500
vt 0.250000 0.625000
vt 0.250000 0.500000
vt 0.125000 0.625000
vt 0.437500 0.125000
vt 0.439670 0.190104
vt 0.394097 0.190104
vt 0.440104 0.270833
vt 0.625000 0.625000
vt 0.604167 0.375000
vt 0.622396 0.375000
vt 0.622396 0.479167
vt 0.622396 0.270833
vt 0.625000 0.479167
vt 0.625000 0.375000
vt 0.605903 0.559896
vt 0.622830 0.559896
vt 0.622396 0.479167
vt 0.625000 0.559896
vt 0.625000 0.375000
vt 0.625000 0.479167
vt 0.625000 0.270833
vt 0.680105 0.599511
vt 0.674981 0.563865
vt 0.682109 0.563976
vt 0.680105 0.599511
vt 0.697281 0.534994
vt 0.702638 0.537472
vt 0.703404 0.537826
vt 0.683018 0.564042
vt 0.680105 0.599511
vt 0.625000 0.375000
vt 0.625191 0.480903
vt 0.625000 0.269097
vt 0.625000 0.250000
vt 0.625000 0.500000
vt 0.625765 0.560330
vt 0.633330 0.562412
vt 0.625000 0.189670
vt 0.625000 0.187500
vt 0.375000 0.375000
vt 0.375000 0.375000
vt 0.375000 0.270833
vt 0.375000 0.479167
vt 0.375000 0.479167
vt 0.395833 0.375000
vt 0.377604 0.375000
vt 0.377604 0.270833
vt 0.377604 0.479167
vt 0.245660 0.622830
vt 0.337240 0.605903
vt 0.125000 0.625000
vt 0.244792 0.622396
vt 0.333333 0.604167
vt 0.393229 0.559462
vt 0.372830 0.557726
vt 0.377604 0.479167
vt 0.369792 0.557292
vt 0.369792 0.557292
vt 0.333333 0.604167
vt 0.333333 0.604167
vt 0.375000 0.125000
vt 0.375000 0.187500
vt 0.375000 0.189236
vt 0.375000 0.250000
vt 0.375000 0.267361
vt 0.375000 0.250000
vt 0.375000 0.187500
vt 0.249132 0.625000
vt 0.245660 0.622830
vt 0.336806 0.621962
vt 0.244792 0.605903
vt 0.375000 0.375000
vt 0.375000 0.375000
vt 0.375000 0.500000
vt 0.375000 0.482639
vt 0.375000 0.500000
vt 0.375000 0.375000
vt 0.249132 0.624566
vt 0.250000 0.625000
vt 0.375000 0.625000
vt 0.375000 0.562500
vt 0.375000 0.560764
vt 0.375000 0.625000
vt 0.125000 0.500000
vt 0.250000 0.500000
vt 0.245660 0.560330
vt 0.125000 0.562500
vt 0.336806 0.560330
vt 0.333333 0.604167
vt 0.244792 0.605903
vt 0.336806 0.560330
vt 0.370660 0.562066
vt 0.369792 0.602382
vt 0.374132 0.520014
vt 0.375000 0.531250
vt 0.375000 0.562500
vt 0.375000 0.593750
vt 0.375000 0.373264
vt 0.375000 0.466146
vt 0.375000 0.562500
vt 0.375000 0.524402
vt 0.375000 0.593750
vt 0.375000 0.600598
vt 0.375000 0.466146
vt 0.375000 0.503279
vt 0.375000 0.520014
vt 0.375000 0.524402
vt 0.374132 0.604119
vt 0.336806 0.621962
vt 0.370660 0.617815
vt 0.375000 0.600598
vt 0.819895 0.599511
vt 0.825019 0.563865
vt 0.845164 0.564073
vt 0.847447 0.612256
vt 0.802719 0.534994
vt 0.819203 0.527240
vt 0.875000 0.500000
vt 0.875000 0.562500
vt 0.875000 0.625000
vt 0.750000 0.524679
vt 0.750000 0.515536
vt 0.697281 0.534994
vt 0.680989 0.527240
vt 0.750000 0.500000
vt 0.674981 0.563865
vt 0.655601 0.564073
vt 0.652553 0.612256
vt 0.633330 0.562412
vt 0.750000 0.603051
vt 0.750000 0.612610
vt 0.750000 0.625000
vt 0.819895 0.599511
vt 0.750000 0.599511
vt 0.750000 0.599511
vt 0.819895 0.599511
vt 0.819895 0.599511
vt 0.825019 0.563865
vt 0.817891 0.563976
vt 0.797362 0.537472
vt 0.816983 0.564042
vt 0.796597 0.537826
vt 0.750000 0.603051
vt 0.750000 0.599865
vt 0.697281 0.534994
vt 0.750000 0.528086
vt 0.702638 0.537472
vt 0.802719 0.534994
vt 0.797362 0.537472
vt 0.796597 0.537826
vt 0.750000 0.528573
vt 0.703404 0.537826
vt 0.680105 0.525489
vt 0.750000 0.525489
vt 0.819895 0.525489
vt 0.819895 0.525489
vt 0.819895 0.525489
vt 0.750000 0.525489
vt 0.680105 0.525489
vt 0.750000 0.528573
vt 0.750000 0.528573
vt 0.703404 0.537826
vt 0.683018 0.564042
vt 0.816983 0.564042
vt 0.816982 0.564042
vt 0.680591 0.563014
vt 0.684851 0.563985
vt 0.680105 0.525489
vt 0.703458 0.537854
vt 0.715053 0.543994
vt 0.703458 0.564842
vt 0.680105 0.525489
vt 0.680105 0.526517
vt 0.680591 0.525746
vt 0.680105 0.535770
vt 0.819895 0.562500
vt 0.819895 0.562500
vt 0.819409 0.562757
vt 0.819895 0.525489
vt 0.752912 0.599511
vt 0.752427 0.599511
vt 0.703404 0.599511
vt 0.701462 0.599511
vt 0.750485 0.599511
vt 0.750000 0.539939
vt 0.750000 0.564442
vt 0.703458 0.564842
vt 0.784947 0.543994
vt 0.796543 0.564842
vt 0.750000 0.599511
vt 0.815149 0.563985
vt 0.796543 0.537854
vt 0.750000 0.529487
vt 0.750000 0.599511
vt 0.817468 0.563785
vt 0.798538 0.536798
vt 0.819895 0.562500
vt 0.682843 0.563950
vt 0.702705 0.537456
vt 0.696880 0.534372
vt 0.681833 0.563672
vt 0.750311 0.528224
vt 0.751728 0.526661
vt 0.752427 0.599511
vt 0.701462 0.599511
vt 0.700763 0.526404
vt 0.682357 0.528166
vt 0.681833 0.538513
vt 0.680105 0.537855
vt 0.680105 0.543995
vt 0.752252 0.525653
vt 0.700763 0.526404
vt 0.680105 0.562500
vt 0.680105 0.599511
vt 0.680105 0.564842
vt 0.680105 0.563985
vt 0.680105 0.537855
vt 0.680105 0.599511
vt 0.680591 0.563014
vt 0.680105 0.563528
vt 0.680105 0.562500
vt 0.680416 0.564150
vt 0.703404 0.599511
vt 0.701462 0.599511
vt 0.682532 0.599511
vt 0.683018 0.599511
vt 0.682532 0.599511
vt 0.370660 0.558160
vt 0.375000 0.480903
vt 0.336806 0.605903
vt 0.375000 0.375000
vt 0.375000 0.375000
vt 0.375000 0.269097
vt 0.375000 0.189670
vt 0.500000 0.190104
vt 0.562500 0.189670
vt 0.562500 0.269097
vt 0.625000 0.187500
vt 0.500000 0.375000
vt 0.562500 0.375000
vt 0.562500 0.480903
vt 0.500000 0.559896
vt 0.562500 0.560330
vt 0.625000 0.562500
vt 0.375000 0.189670
vt 0.375000 0.190104
vt 0.375000 0.269097
vt 0.437500 0.560330
vt 0.437500 0.480903
vt 0.437500 0.375000
vt 0.437500 0.269097
vt 0.437500 0.189670
vt 0.625000 0.480903
vt 0.625000 0.479167
vt 0.625000 0.560330
vt 0.625000 0.562500
vt 0.625000 0.479167
vt 0.625000 0.479167
vt 0.625000 0.375000
vt 0.625000 0.375000
vt 0.625000 0.270833
vt 0.625000 0.270833
vt 0.682532 0.563785
vt 0.703404 0.537826
vt 0.701462 0.536798
vt 0.625000 0.269097
vt 0.375000 0.270833
vt 0.375000 0.270833
vt 0.375000 0.375000
vt 0.375000 0.480903
vt 0.336806 0.605903
vt 0.245660 0.622830
vt 0.244792 0.622396
vt 0.369792 0.557292
vt 0.249132 0.624566
vt 0.369792 0.557292
vt 0.369792 0.557292
vt 0.333333 0.604167
vt 0.375000 0.480903
vt 0.370660 0.558160
vt 0.345000 0.610000
vt 0.338056 0.623021
vt 0.245972 0.624722
vt 0.246042 0.623455
vt 0.250000 0.625000
vt 0.375000 0.375156
vt 0.375000 0.375191
vt 0.375000 0.485000
vt 0.375000 0.481528
vt 0.338056 0.606528
vt 0.245972 0.622986
vt 0.370972 0.558472
vt 0.371910 0.559410
vt 0.250000 0.562500
vt 0.375000 0.500000
vt 0.374132 0.604118
vt 0.375000 0.520014
vt 0.375000 0.373420
vt 0.375000 0.465035
vt 0.375000 0.531250
vt 0.375000 0.593750
vt 0.375000 0.503002
vt 0.375000 0.465035
vt 0.375000 0.518902
vt 0.374444 0.561944
vt 0.371910 0.603007
vt 0.370972 0.617971
vt 0.338056 0.623021
vt 0.844741 0.563882
vt 0.819895 0.562500
vt 0.820379 0.526565
vt 0.750000 0.515509
vt 0.679621 0.526565
vt 0.655260 0.563882
vt 0.798538 0.536798
vt 0.796597 0.537826
vt 0.816983 0.564042
vt 0.750000 0.528059
vt 0.703404 0.525489
vt 0.702705 0.526404
vt 0.752738 0.525653
vt 0.752427 0.525746
vt 0.696880 0.534372
vt 0.751728 0.526661
vt 0.819895 0.525489
vt 0.701462 0.536798
vt 0.798538 0.536798
vt 0.682532 0.563785
vt 0.819409 0.562757
vt 0.682357 0.563693
vt 0.681833 0.563672
vt 0.700763 0.536428
vt 0.703403 0.525489
vt 0.683018 0.527031
vt 0.682843 0.528423
vt 0.702705 0.526404
vt 0.680105 0.537826
vt 0.680105 0.538883
vt 0.680105 0.543994
vt 0.681833 0.538512
vt 0.750000 0.562500
vt 0.800480 0.535770
vt 0.817953 0.563528
vt 0.750311 0.527710
vt 0.682047 0.563528
vt 0.699521 0.535770
vt 0.751942 0.526517
vt 0.750000 0.525489
vt 0.800480 0.535770
vt 0.680591 0.537855
vt 0.682532 0.528259
vt 0.701462 0.525746
vt 0.701462 0.525746
vt 0.750485 0.526517
vt 0.680105 0.564242
vt 0.680105 0.564042
vt 0.680105 0.564842
vt 0.680105 0.537826
vt 0.680105 0.564242
vt 0.680105 0.538883
vt 0.680416 0.564150
vt 0.681833 0.563672
vt 0.680105 0.563985
vt 0.375000 0.267361
vt 0.375000 0.375000
vt 0.375000 0.189236
s 0
usemtl Material
f 1017/507/968 1176/508/968 1481/509/968 1180/510/968
f 1176/508/969 1012/511/969 1164/512/969 1481/509/969
f 1481/509/970 1164/512/970 1008/513/970 1174/514/970
f 1180/510/971 1481/509/971 1174/514/971 1015/515/971
f 1016/516/972 1175/517/972 1482/518/972 1179/519/972
f 1175/517/972 1011/520/972 1172/521/972 1482/518/972
f 1482/518/972 1172/521/972 1012/511/972 1176/522/972
f 1179/519/972 1482/518/972 1176/522/972 1017/523/972
f 1015/524/973 1174/525/973 1483/526/973 1178/527/973
f 1174/525/974 1008/528/974 1165/529/974 1483/526/974
f 1483/526/975 1165/529/975 1006/530/975 1173/531/975
f 1178/527/976 1483/526/976 1173/531/976 1014/532/976
f 1014/533/977 1173/534/977 1484/535/977 1177/536/977
f 1173/534/978 1006/537/978 1168/538/978 1484/535/978
f 1484/535/979 1168/538/979 1011/520/979 1175/517/979
f 1177/536/980 1484/535/980 1175/517/980 1016/516/980
f 1010/539/981 1167/540/981 1485/541/981 1226/542/981
f 1167/540/982 1009/543/982 1225/544/982 1485/541/982
f 1485/541/983 1225/544/983 1039/545/983 1223/546/983
f 1226/542/984 1485/541/984 1223/546/984 1041/539/984
f 1008/528/985 1164/547/985 1486/548/985 1186/549/985
f 1164/547/986 1012/511/986 1185/550/986 1486/548/986
f 1486/548/987 1185/550/987 1018/550/987 1181/551/987
f 1186/549/988 1486/548/988 1181/551/988 1019/552/988
f 1007/553/989 1162/554/989 1487/555/989 1166/556/989
f 1162/554/990 1014/533/990 1177/536/990 1487/555/990
f 1487/555/991 1177/536/991 1016/516/991 1169/557/991
f 1166/556/992 1487/555/992 1169/557/992 1013/558/992
f 1009/559/993 1163/560/993 1488/561/993 1161/562/993
f 1163/560/994 1015/524/994 1178/527/994 1488/561/994
f 1488/561/995 1178/527/995 1014/532/995 1162/563/995
f 1161/562/996 1488/561/996 1162/563/996 1007/564/996
f 1013/558/972 1169/557/972 1489/565/972 1170/566/972
f 1169/557/972 1016/516/972 1179/519/972 1489/565/972
f 1489/565/972 1179/519/972 1017/523/972 1171/567/972
f 1170/566/972 1489/565/972 1171/567/972 1010/568/972
f 1010/539/997 1171/569/997 1490/570/997 1167/571/997
f 1171/569/998 1017/507/998 1180/510/998 1490/570/998
f 1490/570/999 1180/510/999 1015/515/999 1163/572/999
f 1167/571/1000 1490/570/1000 1163/572/1000 1009/543/1000
f 1018/550/972 1184/521/972 1491/521/972 1194/550/972
f 1184/521/972 1021/573/972 1193/573/972 1491/521/972
f 1491/521/972 1193/573/972 1025/573/972 1192/521/972
f 1194/550/972 1491/521/972 1192/521/972 1022/550/972
f 1006/530/1001 1165/574/1001 1492/575/1001 1187/576/1001
f 1165/574/1002 1008/528/1002 1186/577/1002 1492/575/1002
f 1492/575/1003 1186/577/1003 1019/552/1003 1182/521/1003
f 1187/576/1004 1492/575/1004 1182/521/1004 1020/578/1004
f 1012/550/972 1172/579/972 1493/521/972 1185/550/972
f 1172/579/972 1011/573/972 1188/573/972 1493/521/972
f 1493/521/972 1188/573/972 1021/573/972 1184/521/972
f 1185/550/972 1493/521/972 1184/521/972 1018/550/972
f 1011/520/1005 1168/580/1005 1494/581/1005 1188/573/1005
f 1168/580/1006 1006/530/1006 1187/582/1006 1494/581/1006
f 1494/581/1007 1187/582/1007 1020/578/1007 1183/583/1007
f 1188/573/1008 1494/581/1008 1183/583/1008 1021/573/1008
f 1025/573/1009 1191/583/1009 1495/583/1009 1202/573/1009
f 1191/583/1010 1024/578/1010 1201/578/1010 1495/583/1010
f 1495/583/1011 1201/578/1011 1028/578/1011 1199/583/1011
f 1202/573/1012 1495/583/1012 1199/583/1012 1029/573/1012
f 1020/578/1013 1182/521/1013 1496/584/1013 1196/585/1013
f 1182/521/1014 1019/552/1014 1195/586/1014 1496/584/1014
f 1496/584/1015 1195/586/1015 1023/552/1015 1190/521/1015
f 1196/585/1016 1496/584/1016 1190/521/1016 1024/578/1016
f 1021/573/1017 1183/583/1017 1497/583/1017 1193/573/1017
f 1183/583/1018 1020/578/1018 1196/578/1018 1497/583/1018
f 1497/583/1019 1196/578/1019 1024/578/1019 1191/583/1019
f 1193/573/1020 1497/583/1020 1191/583/1020 1025/573/1020
f 1019/552/1021 1181/551/1021 1498/551/1021 1195/552/1021
f 1181/551/1022 1018/550/1022 1194/550/1022 1498/551/1022
f 1498/551/1023 1194/550/1023 1022/550/1023 1189/551/1023
f 1195/552/1024 1498/551/1024 1189/551/1024 1023/552/1024
f 1029/573/1025 1199/583/1025 1499/583/1025 1210/573/1025
f 1199/583/1026 1028/578/1026 1209/578/1026 1499/583/1026
f 1499/583/1027 1209/578/1027 1032/578/1027 1207/583/1027
f 1210/573/1028 1499/583/1028 1207/583/1028 1033/573/1028
f 1023/552/1029 1189/551/1029 1500/551/1029 1204/552/1029
f 1189/551/1030 1022/550/1030 1203/550/1030 1500/551/1030
f 1500/551/1031 1203/550/1031 1026/550/1031 1197/551/1031
f 1204/552/1032 1500/551/1032 1197/551/1032 1027/552/1032
f 1022/550/972 1192/521/972 1501/521/972 1203/550/972
f 1192/521/972 1025/573/972 1202/573/972 1501/521/972
f 1501/521/972 1202/573/972 1029/573/972 1200/521/972
f 1203/550/972 1501/521/972 1200/521/972 1026/550/972
f 1024/578/1033 1190/521/1033 1502/584/1033 1201/585/1033
f 1190/521/1034 1023/552/1034 1204/586/1034 1502/584/1034
f 1502/584/1035 1204/586/1035 1027/552/1035 1198/521/1035
f 1201/585/1036 1502/584/1036 1198/521/1036 1028/578/1036
f 1030/550/972 1208/521/972 1503/521/972 1218/550/972
f 1208/521/972 1033/573/972 1217/573/972 1503/521/972
f 1503/521/972 1217/573/972 1065/573/972 1216/579/972
f 1218/550/972 1503/521/972 1216/579/972 1062/550/972
f 1027/552/1037 1197/551/1037 1504/551/1037 1212/552/1037
f 1197/551/1038 1026/550/1038 1211/550/1038 1504/551/1038
f 1504/551/1039 1211/550/1039 1030/550/1039 1205/551/1039
f 1212/552/1040 1504/551/1040 1205/551/1040 1031/552/1040
f 1026/550/972 1200/521/972 1505/521/972 1211/550/972
f 1200/521/972 1029/573/972 1210/573/972 1505/521/972
f 1505/521/972 1210/573/972 1033/573/972 1208/521/972
f 1211/550/972 1505/521/972 1208/521/972 1030/550/972
f 1028/578/1041 1198/521/1041 1506/584/1041 1209/585/1041
f 1198/521/1042 1027/552/1042 1212/586/1042 1506/584/1042
f 1506/584/1043 1212/586/1043 1031/552/1043 1206/521/1043
f 1209/585/1044 1506/584/1044 1206/521/1044 1032/578/1044
f 1037/587/1045 1271/588/1045 1507/589/1045 1282/590/1045
f 1271/588/1046 1036/591/1046 1281/592/1046 1507/589/1046
f 1507/589/1047 1281/592/1047 1068/593/1047 1279/594/1047
f 1282/590/1048 1507/589/1048 1279/594/1048 1069/595/1048
f 1032/578/1049 1206/596/1049 1508/521/1049 1220/597/1049
f 1206/596/1050 1031/552/1050 1219/598/1050 1508/521/1050
f 1508/521/1051 1219/598/1051 1063/599/1051 1214/579/1051
f 1220/597/1052 1508/521/1052 1214/579/1052 1064/600/1052
f 1033/573/1053 1207/583/1053 1509/601/1053 1217/573/1053
f 1207/583/1054 1032/578/1054 1220/597/1054 1509/601/1054
f 1509/601/1055 1220/597/1055 1064/600/1055 1215/602/1055
f 1217/573/1056 1509/601/1056 1215/602/1056 1065/520/1056
f 1031/552/1057 1205/551/1057 1510/603/1057 1219/598/1057
f 1205/551/1058 1030/550/1058 1218/550/1058 1510/603/1058
f 1510/603/1059 1218/550/1059 1062/550/1059 1213/604/1059
f 1219/598/1060 1510/603/1060 1213/604/1060 1063/599/1060
f 1039/545/1061 1221/605/1061 1511/606/1061 1234/607/1061
f 1221/605/1062 1038/608/1062 1233/609/1062 1511/606/1062
f 1511/606/1063 1233/609/1063 1042/608/1063 1229/605/1063
f 1234/607/1064 1511/606/1064 1229/605/1064 1043/545/1064
f 1009/543/1065 1161/610/1065 1512/611/1065 1225/612/1065
f 1161/610/1066 1007/553/1066 1227/613/1066 1512/611/1066
f 1512/611/1067 1227/613/1067 1038/608/1067 1221/605/1067
f 1225/612/1068 1512/611/1068 1221/605/1068 1039/545/1068
f 1013/558/1069 1170/566/1069 1513/614/1069 1228/615/1069
f 1170/566/1070 1010/568/1070 1226/616/1070 1513/614/1070
f 1513/614/1071 1226/616/1071 1041/568/1071 1224/617/1071
f 1228/615/1072 1513/614/1072 1224/617/1072 1040/618/1072
f 1007/553/1073 1166/619/1073 1514/620/1073 1227/621/1073
f 1166/619/1074 1013/558/1074 1228/615/1074 1514/620/1074
f 1514/620/1075 1228/615/1075 1040/618/1075 1222/622/1075
f 1227/621/1076 1514/620/1076 1222/622/1076 1038/608/1076
f 1044/618/1077 1232/617/1077 1515/617/1077 1242/618/1077
f 1232/617/1078 1045/568/1078 1241/616/1078 1515/617/1078
f 1515/617/1079 1241/616/1079 1049/568/1079 1240/617/1079
f 1242/618/1080 1515/617/1080 1240/617/1080 1048/618/1080
f 1040/618/1081 1224/617/1081 1516/617/1081 1236/618/1081
f 1224/617/1082 1041/568/1082 1235/616/1082 1516/617/1082
f 1516/617/1083 1235/616/1083 1045/568/1083 1232/617/1083
f 1236/618/1084 1516/617/1084 1232/617/1084 1044/618/1084
f 1038/608/1085 1222/622/1085 1517/623/1085 1233/609/1085
f 1222/622/1086 1040/624/1086 1236/625/1086 1517/623/1086
f 1517/623/1087 1236/625/1087 1044/624/1087 1230/622/1087
f 1233/609/1088 1517/623/1088 1230/622/1088 1042/608/1088
f 1041/539/1089 1223/546/1089 1518/546/1089 1235/542/1089
f 1223/546/1090 1039/545/1090 1234/545/1090 1518/546/1090
f 1518/546/1091 1234/545/1091 1043/545/1091 1231/546/1091
f 1235/542/1092 1518/546/1092 1231/546/1092 1045/539/1092
f 1097/626/1093 1344/627/1093 1519/628/1093 1338/542/1093
f 1344/627/1094 1096/629/1094 1249/630/1094 1519/628/1094
f 1519/628/1095 1249/630/1095 1051/631/1095 1247/632/1095
f 1338/542/1096 1519/628/1096 1247/632/1096 1053/626/1096
f 1042/608/1097 1230/622/1097 1520/623/1097 1243/609/1097
f 1230/622/1098 1044/624/1098 1242/625/1098 1520/623/1098
f 1520/623/1099 1242/625/1099 1048/624/1099 1238/622/1099
f 1243/609/1100 1520/623/1100 1238/622/1100 1046/608/1100
f 1045/539/1101 1231/546/1101 1521/546/1101 1241/542/1101
f 1231/546/1102 1043/545/1102 1244/545/1102 1521/546/1102
f 1521/546/1103 1244/545/1103 1047/545/1103 1239/546/1103
f 1241/542/1104 1521/546/1104 1239/546/1104 1049/539/1104
f 1043/545/1105 1229/605/1105 1522/606/1105 1244/607/1105
f 1229/605/1106 1042/608/1106 1243/609/1106 1522/606/1106
f 1522/606/1107 1243/609/1107 1046/608/1107 1237/605/1107
f 1244/607/1108 1522/606/1108 1237/605/1108 1047/545/1108
f 1052/558/1109 1248/633/1109 1523/634/1109 1258/635/1109
f 1248/633/1110 1053/568/1110 1257/616/1110 1523/634/1110
f 1523/634/1111 1257/616/1111 1057/568/1111 1256/636/1111
f 1258/635/1112 1523/634/1112 1256/636/1112 1056/624/1112
f 1096/629/1113 1343/637/1113 1524/638/1113 1249/630/1113
f 1343/637/1114 1098/639/1114 1251/640/1114 1524/638/1114
f 1524/638/1115 1251/640/1115 1050/641/1115 1245/642/1115
f 1249/630/1116 1524/638/1116 1245/642/1116 1051/631/1116
f 1099/558/1117 1342/643/1117 1525/644/1117 1340/645/1117
f 1342/643/1118 1097/568/1118 1338/616/1118 1525/644/1118
f 1525/644/1119 1338/616/1119 1053/568/1119 1248/633/1119
f 1340/645/1120 1525/644/1120 1248/633/1120 1052/558/1120
f 1098/639/1121 1341/646/1121 1526/647/1121 1251/640/1121
f 1341/646/1122 1099/648/1122 1340/645/1122 1526/647/1122
f 1526/647/1123 1340/645/1123 1052/648/1123 1246/646/1123
f 1251/640/1124 1526/647/1124 1246/646/1124 1050/641/1124
f 1055/649/1125 1253/650/1125 1527/651/1125 1255/652/1125
f 1253/650/1126 1054/641/1126 1254/653/1126 1527/651/1126
f 1527/651/1127 1254/653/1127 1056/654/1127 1256/655/1127
f 1255/652/1128 1527/651/1128 1256/655/1128 1057/568/1128
f 1056/654/1129 1254/656/1129 1528/657/1129 1266/658/1129
f 1254/656/1130 1054/641/1130 1265/659/1130 1528/657/1130
f 1528/657/1131 1265/659/1131 1061/660/1131 1262/661/1131
f 1266/658/1132 1528/657/1132 1262/661/1132 1060/662/1132
f 1053/626/1133 1247/632/1133 1529/628/1133 1257/542/1133
f 1247/632/1134 1051/631/1134 1260/630/1134 1529/628/1134
f 1529/628/1135 1260/630/1135 1055/631/1135 1255/632/1135
f 1257/542/1136 1529/628/1136 1255/632/1136 1057/626/1136
f 1051/631/1137 1245/642/1137 1530/663/1137 1260/630/1137
f 1245/642/1138 1050/641/1138 1259/664/1138 1530/663/1138
f 1530/663/1139 1259/664/1139 1054/641/1139 1253/642/1139
f 1260/630/1140 1530/663/1140 1253/642/1140 1055/631/1140
f 1059/660/1141 1261/646/1141 1531/665/1141 1264/666/1141
f 1261/646/1142 1058/667/1142 1263/668/1142 1531/665/1142
f 1531/665/1143 1263/668/1143 1060/662/1143 1262/661/1143
f 1264/666/1144 1531/665/1144 1262/661/1144 1061/660/1144
f 1054/641/1145 1259/669/1145 1532/670/1145 1265/659/1145
f 1259/669/1146 1050/641/1146 1267/671/1146 1532/670/1146
f 1532/670/1147 1267/671/1147 1059/660/1147 1264/672/1147
f 1265/659/1148 1532/670/1148 1264/672/1148 1061/660/1148
f 1050/641/1149 1246/646/1149 1533/665/1149 1267/671/1149
f 1246/646/1150 1052/558/1150 1268/673/1150 1533/665/1150
f 1533/665/1151 1268/673/1151 1058/667/1151 1261/646/1151
f 1267/671/1152 1533/665/1152 1261/646/1152 1059/660/1152
f 1052/558/1153 1258/674/1153 1534/675/1153 1268/673/1153
f 1258/674/1154 1056/654/1154 1266/658/1154 1534/675/1154
f 1534/675/1155 1266/658/1155 1060/662/1155 1263/676/1155
f 1268/673/1156 1534/675/1156 1263/676/1156 1058/667/1156
f 1034/677/1157 1269/678/1157 1535/679/1157 1273/680/1157
f 1269/678/1158 1035/681/1158 1274/682/1158 1535/679/1158
f 1535/679/1159 1274/682/1159 1063/683/1159 1213/684/1159
f 1273/680/1160 1535/679/1160 1213/684/1160 1062/685/1160
f 1035/681/1161 1270/686/1161 1536/687/1161 1274/682/1161
f 1270/686/1162 1036/688/1162 1275/689/1162 1536/687/1162
f 1536/687/1163 1275/689/1163 1064/600/1163 1214/690/1163
f 1274/682/1164 1536/687/1164 1214/690/1164 1063/683/1164
f 1036/688/1165 1271/691/1165 1537/692/1165 1275/689/1165
f 1271/691/1166 1037/587/1166 1276/693/1166 1537/692/1166
f 1537/692/1167 1276/693/1167 1065/520/1167 1215/694/1167
f 1275/689/1168 1537/692/1168 1215/694/1168 1064/600/1168
f 1037/587/972 1272/695/972 1538/696/972 1276/693/972
f 1272/695/972 1034/677/972 1273/680/972 1538/696/972
f 1538/696/972 1273/680/972 1062/685/972 1216/697/972
f 1276/693/972 1538/696/972 1216/697/972 1065/520/972
f 1066/698/972 1280/699/972 1539/700/972 1290/701/972
f 1280/699/972 1069/595/972 1289/590/972 1539/700/972
f 1539/700/972 1289/590/972 1073/595/972 1288/700/972
f 1290/701/972 1539/700/972 1288/700/972 1070/702/972
f 1035/681/1169 1269/703/1169 1540/704/1169 1284/705/1169
f 1269/703/1170 1034/677/1170 1283/701/1170 1540/704/1170
f 1540/704/1171 1283/701/1171 1066/698/1171 1277/706/1171
f 1284/705/1172 1540/704/1172 1277/706/1172 1067/707/1172
f 1034/677/972 1272/708/972 1541/709/972 1283/701/972
f 1272/708/972 1037/587/972 1282/590/972 1541/709/972
f 1541/709/972 1282/590/972 1069/595/972 1280/699/972
f 1283/701/972 1541/709/972 1280/699/972 1066/698/972
f 1036/710/1173 1270/686/1173 1542/711/1173 1281/712/1173
f 1270/686/1174 1035/713/1174 1284/714/1174 1542/711/1174
f 1542/711/1175 1284/714/1175 1067/715/1175 1278/716/1175
f 1281/712/1176 1542/711/1176 1278/716/1176 1068/717/1176
f 1088/718/1177 1324/719/1177 1543/719/1177 1319/718/1177
f 1324/719/1178 1086/720/1178 1297/721/1178 1543/719/1178
f 1543/719/1179 1297/721/1179 1075/722/1179 1294/723/1179
f 1319/718/1180 1543/719/1180 1294/723/1180 1076/724/1180
f 1068/717/1181 1278/716/1181 1544/725/1181 1292/717/1181
f 1278/716/1182 1067/715/1182 1291/707/1182 1544/725/1182
f 1544/725/1183 1291/707/1183 1071/715/1183 1286/726/1183
f 1292/717/1184 1544/725/1184 1286/726/1184 1072/717/1184
f 1069/595/1185 1279/594/1185 1545/594/1185 1289/590/1185
f 1279/594/1186 1068/593/1186 1292/593/1186 1545/594/1186
f 1545/594/1187 1292/593/1187 1072/727/1187 1287/728/1187
f 1289/590/1188 1545/594/1188 1287/728/1188 1073/587/1188
f 1067/707/1189 1277/706/1189 1546/729/1189 1291/707/1189
f 1277/706/1190 1066/698/1190 1290/701/1190 1546/729/1190
f 1546/729/1191 1290/701/1191 1070/677/1191 1285/730/1191
f 1291/707/1192 1546/729/1192 1285/730/1192 1071/707/1192
f 1077/595/1193 1295/731/1193 1547/732/1193 1306/590/1193
f 1295/731/1194 1076/733/1194 1305/734/1194 1547/732/1194
f 1547/732/1195 1305/734/1195 1080/735/1195 1303/736/1195
f 1306/590/1196 1547/732/1196 1303/736/1196 1081/587/1196
f 1088/737/1197 1319/718/1197 1548/738/1197 1323/739/1197
f 1319/718/1198 1076/733/1198 1333/740/1198 1548/738/1198
f 1548/738/1199 1333/740/1199 1090/733/1199 1329/718/1199
f 1323/739/1200 1548/738/1200 1329/718/1200 1092/737/1200
f 1086/720/1201 1322/741/1201 1549/742/1201 1297/721/1201
f 1322/741/1202 1087/677/1202 1300/677/1202 1549/742/1202
f 1549/742/1203 1300/677/1203 1074/677/1203 1293/743/1203
f 1297/721/1204 1549/742/1204 1293/743/1204 1075/744/1204
f 1087/677/972 1321/745/972 1550/746/972 1300/677/972
f 1321/745/972 1089/747/972 1320/748/972 1550/746/972
f 1550/746/972 1320/748/972 1077/587/972 1296/749/972
f 1300/677/972 1550/746/972 1296/749/972 1074/677/972
f 1080/735/1205 1302/750/1205 1551/751/1205 1303/752/1205
f 1302/750/1206 1079/753/1206 1301/754/1206 1551/751/1206
f 1551/751/1207 1301/754/1207 1078/677/1207 1304/755/1207
f 1303/752/1208 1551/751/1208 1304/755/1208 1081/587/1208
f 1075/744/1209 1293/743/1209 1552/756/1209 1308/757/1209
f 1293/743/1210 1074/677/1210 1307/698/1210 1552/756/1210
f 1552/756/1211 1307/698/1211 1078/677/1211 1301/754/1211
f 1308/757/1212 1552/756/1212 1301/754/1212 1079/753/1212
f 1074/677/972 1296/749/972 1553/700/972 1307/698/972
f 1296/749/972 1077/587/972 1306/590/972 1553/700/972
f 1553/700/972 1306/590/972 1081/587/972 1304/755/972
f 1307/698/972 1553/700/972 1304/755/972 1078/677/972
f 1076/733/1213 1294/723/1213 1554/758/1213 1305/734/1213
f 1294/723/1214 1075/744/1214 1308/757/1214 1554/758/1214
f 1554/758/1215 1308/757/1215 1079/753/1215 1302/750/1215
f 1305/734/1216 1554/758/1216 1302/750/1216 1080/735/1216
f 1070/677/972 1288/700/972 1555/700/972 1312/677/972
f 1288/700/972 1073/587/972 1299/595/972 1555/700/972
f 1555/700/972 1299/595/972 1084/595/972 1313/759/972
f 1312/677/972 1555/700/972 1313/759/972 1085/677/972
f 1071/707/1217 1285/730/1217 1556/760/1217 1309/761/1217
f 1285/730/1218 1070/677/1218 1312/677/1218 1556/760/1218
f 1556/760/1219 1312/677/1219 1085/677/1219 1314/762/1219
f 1309/761/1220 1556/760/1220 1314/762/1220 1082/744/1220
f 1073/587/1221 1287/728/1221 1557/763/1221 1299/595/1221
f 1287/728/1222 1072/727/1222 1298/764/1222 1557/763/1222
f 1557/763/1223 1298/764/1223 1083/765/1223 1315/766/1223
f 1299/595/1224 1557/763/1224 1315/766/1224 1084/595/1224
f 1072/727/1225 1286/725/1225 1558/767/1225 1298/764/1225
f 1286/725/1226 1071/707/1226 1309/761/1226 1558/767/1226
f 1558/767/1227 1309/761/1227 1082/744/1227 1316/768/1227
f 1298/764/1228 1558/767/1228 1316/768/1228 1083/765/1228
f 1085/677/972 1313/759/972 1559/769/972 1318/677/972
f 1313/759/972 1084/595/972 1311/770/972 1559/769/972
f 1559/769/972 1311/770/972 1089/747/972 1321/745/972
f 1318/677/972 1559/769/972 1321/745/972 1087/677/972
f 1082/722/1229 1314/762/1229 1560/742/1229 1317/721/1229
f 1314/762/1230 1085/677/1230 1318/677/1230 1560/742/1230
f 1560/742/1231 1318/677/1231 1087/677/1231 1322/741/1231
f 1317/721/1232 1560/742/1232 1322/741/1232 1086/720/1232
f 1083/765/1233 1310/771/1233 1561/772/1233 1332/773/1233
f 1310/771/1234 1088/737/1234 1323/739/1234 1561/772/1234
f 1561/772/1235 1323/739/1235 1092/737/1235 1326/774/1235
f 1332/773/1236 1561/772/1236 1326/774/1236 1093/775/1236
f 1083/765/1237 1316/768/1237 1562/776/1237 1310/777/1237
f 1316/768/1238 1082/744/1238 1317/721/1238 1562/776/1238
f 1562/776/1239 1317/721/1239 1086/720/1239 1324/719/1239
f 1310/777/1240 1562/776/1240 1324/719/1240 1088/737/1240
f 1094/595/1241 1331/778/1241 1563/778/1241 1330/595/1241
f 1331/778/1242 1092/718/1242 1329/718/1242 1563/778/1242
f 1563/778/1243 1329/718/1243 1090/724/1243 1325/778/1243
f 1330/595/1244 1563/778/1244 1325/778/1244 1091/587/1244
f 1095/779/1245 1328/780/1245 1564/781/1245 1327/590/1245
f 1328/780/1246 1093/775/1246 1326/782/1246 1564/781/1246
f 1564/781/1247 1326/782/1247 1092/737/1247 1331/778/1247
f 1327/590/1248 1564/781/1248 1331/778/1248 1094/783/1248
f 1076/733/1249 1295/784/1249 1565/785/1249 1333/740/1249
f 1295/784/1250 1077/595/1250 1334/590/1250 1565/785/1250
f 1565/785/1251 1334/590/1251 1091/595/1251 1325/786/1251
f 1333/740/1252 1565/785/1252 1325/786/1252 1090/733/1252
f 1084/595/1253 1315/766/1253 1566/787/1253 1335/590/1253
f 1315/766/1254 1083/765/1254 1332/773/1254 1566/787/1254
f 1566/787/1255 1332/773/1255 1093/775/1255 1328/780/1255
f 1335/590/1256 1566/787/1256 1328/780/1256 1095/779/1256
f 1089/788/972 1311/789/972 1567/790/972 1336/791/972
f 1311/789/972 1084/595/972 1335/590/972 1567/790/972
f 1567/790/972 1335/590/972 1095/595/972 1327/590/972
f 1336/791/972 1567/790/972 1327/590/972 1094/595/972
f 1077/587/972 1320/770/972 1568/792/972 1334/590/972
f 1320/770/972 1089/788/972 1336/791/972 1568/792/972
f 1568/792/972 1336/791/972 1094/595/972 1330/595/972
f 1334/590/972 1568/792/972 1330/595/972 1091/587/972
f 1046/608/1257 1238/622/1257 1569/793/1257 1339/794/1257
f 1238/622/1258 1048/618/1258 1252/795/1258 1569/793/1258
f 1569/793/1259 1252/795/1259 1099/558/1259 1341/646/1259
f 1339/794/1260 1569/793/1260 1341/646/1260 1098/639/1260
f 1048/618/1261 1240/617/1261 1570/634/1261 1252/795/1261
f 1240/617/1262 1049/568/1262 1250/616/1262 1570/634/1262
f 1570/634/1263 1250/616/1263 1097/568/1263 1342/643/1263
f 1252/795/1264 1570/634/1264 1342/643/1264 1099/558/1264
f 1047/545/1265 1237/796/1265 1571/797/1265 1337/798/1265
f 1237/796/1266 1046/608/1266 1339/794/1266 1571/797/1266
f 1571/797/1267 1339/794/1267 1098/639/1267 1343/637/1267
f 1337/798/1268 1571/797/1268 1343/637/1268 1096/629/1268
f 1049/539/1269 1239/546/1269 1572/799/1269 1250/542/1269
f 1239/546/1270 1047/545/1270 1337/798/1270 1572/799/1270
f 1572/799/1271 1337/798/1271 1096/629/1271 1344/627/1271
f 1250/542/1272 1572/799/1272 1344/627/1272 1097/626/1272
f 1017/507/1273 1357/800/1273 1573/801/1273 1176/508/1273
f 1357/800/1274 1105/515/1274 1354/802/1274 1573/801/1274
f 1573/801/1275 1354/802/1275 1102/599/1275 1348/803/1275
f 1176/508/1276 1573/801/1276 1348/803/1276 1012/511/1276
f 1105/515/1277 1356/804/1277 1574/805/1277 1354/802/1277
f 1356/804/1278 1104/533/1278 1353/806/1278 1574/805/1278
f 1574/805/1279 1353/806/1279 1100/600/1279 1349/521/1279
f 1354/802/1280 1574/805/1280 1349/521/1280 1102/599/1280
f 1104/533/1281 1355/807/1281 1575/808/1281 1353/806/1281
f 1355/807/1282 1016/516/1282 1175/517/1282 1575/808/1282
f 1575/808/1283 1175/517/1283 1011/520/1283 1352/809/1283
f 1353/806/1284 1575/808/1284 1352/809/1284 1100/600/1284
f 1010/626/1285 1388/542/1285 1576/810/1285 1351/632/1285
f 1388/542/1286 1119/539/1286 1385/811/1286 1576/810/1286
f 1576/810/1287 1385/811/1287 1117/545/1287 1387/812/1287
f 1351/632/1288 1576/810/1288 1387/812/1288 1103/631/1288
f 1102/599/1289 1361/598/1289 1577/603/1289 1348/604/1289
f 1361/598/1290 1106/552/1290 1358/551/1290 1577/603/1290
f 1577/603/1291 1358/551/1291 1018/550/1291 1185/550/1291
f 1348/604/1292 1577/603/1292 1185/550/1292 1012/550/1292
f 1101/641/1293 1350/646/1293 1578/813/1293 1346/814/1293
f 1350/646/1294 1013/558/1294 1169/557/1294 1578/813/1294
f 1578/813/1295 1169/557/1295 1016/516/1295 1355/807/1295
f 1346/814/1296 1578/813/1296 1355/807/1296 1104/533/1296
f 1103/631/1297 1345/642/1297 1579/815/1297 1347/816/1297
f 1345/642/1298 1101/641/1298 1346/814/1298 1579/815/1298
f 1579/815/1299 1346/814/1299 1104/533/1299 1356/804/1299
f 1347/816/1300 1579/815/1300 1356/804/1300 1105/515/1300
f 1010/539/1301 1351/632/1301 1580/817/1301 1171/569/1301
f 1351/632/1302 1103/631/1302 1347/816/1302 1580/817/1302
f 1580/817/1303 1347/816/1303 1105/515/1303 1357/800/1303
f 1171/569/1304 1580/817/1304 1357/800/1304 1017/507/1304
f 1100/600/1305 1362/818/1305 1581/579/1305 1349/579/1305
f 1362/818/1306 1107/819/1306 1359/596/1306 1581/579/1306
f 1581/579/1307 1359/596/1307 1106/552/1307 1361/598/1307
f 1349/579/1308 1581/579/1308 1361/598/1308 1102/599/1308
f 1011/573/1309 1188/573/1309 1582/820/1309 1352/821/1309
f 1188/573/1310 1021/573/1310 1360/583/1310 1582/820/1310
f 1582/820/1311 1360/583/1311 1107/819/1311 1362/818/1311
f 1352/821/1312 1582/820/1312 1362/818/1312 1100/600/1312
f 1025/573/1313 1202/573/1313 1583/583/1313 1365/583/1313
f 1202/573/1314 1029/573/1314 1370/583/1314 1583/583/1314
f 1583/583/1315 1370/583/1315 1111/819/1315 1371/819/1315
f 1365/583/1316 1583/583/1316 1371/819/1316 1109/819/1316
f 1107/822/1317 1367/823/1317 1584/824/1317 1359/825/1317
f 1367/823/1318 1109/822/1318 1364/825/1318 1584/824/1318
f 1584/824/1319 1364/825/1319 1108/826/1319 1366/827/1319
f 1359/825/1320 1584/824/1320 1366/827/1320 1106/826/1320
f 1021/573/1321 1193/573/1321 1585/583/1321 1360/583/1321
f 1193/573/1322 1025/573/1322 1365/583/1322 1585/583/1322
f 1585/583/1323 1365/583/1323 1109/819/1323 1367/819/1323
f 1360/583/1324 1585/583/1324 1367/819/1324 1107/819/1324
f 1106/552/1325 1366/552/1325 1586/551/1325 1358/551/1325
f 1366/552/1326 1108/552/1326 1363/551/1326 1586/551/1326
f 1586/551/1327 1363/551/1327 1022/550/1327 1194/550/1327
f 1358/551/1328 1586/551/1328 1194/550/1328 1018/550/1328
f 1029/573/1329 1210/573/1329 1587/583/1329 1370/583/1329
f 1210/573/1330 1033/573/1330 1375/583/1330 1587/583/1330
f 1587/583/1331 1375/583/1331 1113/819/1331 1376/819/1331
f 1370/583/1332 1587/583/1332 1376/819/1332 1111/819/1332
f 1108/552/1333 1372/552/1333 1588/551/1333 1363/551/1333
f 1372/552/1334 1110/552/1334 1368/551/1334 1588/551/1334
f 1588/551/1335 1368/551/1335 1026/550/1335 1203/550/1335
f 1363/551/1336 1588/551/1336 1203/550/1336 1022/550/1336
f 1109/822/1337 1371/823/1337 1589/824/1337 1364/825/1337
f 1371/823/1338 1111/822/1338 1369/825/1338 1589/824/1338
f 1589/824/1339 1369/825/1339 1110/826/1339 1372/827/1339
f 1364/825/1340 1589/824/1340 1372/827/1340 1108/826/1340
f 1110/552/1341 1377/552/1341 1590/551/1341 1368/551/1341
f 1377/552/1342 1112/552/1342 1373/551/1342 1590/551/1342
f 1590/551/1343 1373/551/1343 1030/550/1343 1211/550/1343
f 1368/551/1344 1590/551/1344 1211/550/1344 1026/550/1344
f 1111/822/1345 1376/823/1345 1591/824/1345 1369/825/1345
f 1376/823/1346 1113/822/1346 1374/825/1346 1591/824/1346
f 1591/824/1347 1374/825/1347 1112/826/1347 1377/827/1347
f 1369/825/1348 1591/824/1348 1377/827/1348 1110/826/1348
f 1037/595/1349 1282/590/1349 1592/828/1349 1433/778/1349
f 1282/590/1350 1069/595/1350 1438/728/1350 1592/828/1350
f 1592/828/1351 1438/728/1351 1143/829/1351 1439/830/1351
f 1433/778/1352 1592/828/1352 1439/830/1352 1115/733/1352
f 1113/819/1353 1382/818/1353 1593/521/1353 1374/596/1353
f 1382/818/1354 1141/600/1354 1379/579/1354 1593/521/1354
f 1593/521/1355 1379/579/1355 1140/599/1355 1381/831/1355
f 1374/596/1356 1593/521/1356 1381/831/1356 1112/552/1356
f 1033/573/1357 1217/573/1357 1594/820/1357 1375/583/1357
f 1217/573/1358 1065/573/1358 1380/821/1358 1594/820/1358
f 1594/820/1359 1380/821/1359 1141/600/1359 1382/818/1359
f 1375/583/1360 1594/820/1360 1382/818/1360 1113/819/1360
f 1112/552/1361 1381/831/1361 1595/603/1361 1373/551/1361
f 1381/831/1362 1140/599/1362 1378/604/1362 1595/603/1362
f 1595/603/1363 1378/604/1363 1062/550/1363 1218/550/1363
f 1373/551/1364 1595/603/1364 1218/550/1364 1030/550/1364
f 1117/832/1365 1396/833/1365 1596/797/1365 1383/834/1365
f 1396/833/1366 1121/832/1366 1391/834/1366 1596/797/1366
f 1596/797/1367 1391/834/1367 1120/608/1367 1395/609/1367
f 1383/834/1368 1596/797/1368 1395/609/1368 1116/608/1368
f 1103/631/1369 1387/812/1369 1597/797/1369 1345/642/1369
f 1387/812/1370 1117/545/1370 1383/797/1370 1597/797/1370
f 1597/797/1371 1383/797/1371 1116/608/1371 1389/835/1371
f 1345/642/1372 1597/797/1372 1389/835/1372 1101/641/1372
f 1013/558/1373 1390/836/1373 1598/837/1373 1170/566/1373
f 1390/836/1374 1118/624/1374 1386/838/1374 1598/837/1374
f 1598/837/1375 1386/838/1375 1119/568/1375 1388/616/1375
f 1170/566/1376 1598/837/1376 1388/616/1376 1010/568/1376
f 1101/641/1377 1389/835/1377 1599/793/1377 1350/646/1377
f 1389/835/1378 1116/608/1378 1384/839/1378 1599/793/1378
f 1599/793/1379 1384/839/1379 1118/624/1379 1390/836/1379
f 1350/646/1380 1599/793/1380 1390/836/1380 1013/558/1380
f 1122/624/1381 1404/795/1381 1600/837/1381 1394/838/1381
f 1404/795/1382 1126/558/1382 1402/840/1382 1600/837/1382
f 1600/837/1383 1402/840/1383 1127/568/1383 1403/616/1383
f 1394/838/1384 1600/837/1384 1403/616/1384 1123/568/1384
f 1118/624/1385 1398/624/1385 1601/838/1385 1386/838/1385
f 1398/624/1386 1122/624/1386 1394/838/1386 1601/838/1386
f 1601/838/1387 1394/838/1387 1123/568/1387 1397/616/1387
f 1386/838/1388 1601/838/1388 1397/616/1388 1119/568/1388
f 1116/608/1389 1395/609/1389 1602/841/1389 1384/842/1389
f 1395/609/1390 1120/608/1390 1392/842/1390 1602/841/1390
f 1602/841/1391 1392/842/1391 1122/624/1391 1398/843/1391
f 1384/842/1392 1602/841/1392 1398/843/1392 1118/624/1392
f 1119/539/1393 1397/542/1393 1603/811/1393 1385/811/1393
f 1397/542/1394 1123/539/1394 1393/811/1394 1603/811/1394
f 1603/811/1395 1393/811/1395 1121/545/1395 1396/545/1395
f 1385/811/1396 1603/811/1396 1396/545/1396 1117/545/1396
f 1158/626/1397 1474/542/1397 1604/810/1397 1480/627/1397
f 1474/542/1398 1131/539/1398 1409/811/1398 1604/810/1398
f 1604/810/1399 1409/811/1399 1129/545/1399 1411/798/1399
f 1480/627/1400 1604/810/1400 1411/798/1400 1157/629/1400
f 1120/608/1401 1405/844/1401 1605/845/1401 1392/839/1401
f 1405/844/1402 1124/641/1402 1400/646/1402 1605/845/1402
f 1605/845/1403 1400/646/1403 1126/558/1403 1404/795/1403
f 1392/839/1404 1605/845/1404 1404/795/1404 1122/624/1404
f 1123/539/1405 1403/542/1405 1606/799/1405 1393/811/1405
f 1403/542/1406 1127/626/1406 1401/632/1406 1606/799/1406
f 1606/799/1407 1401/632/1407 1125/631/1407 1406/812/1407
f 1393/811/1408 1606/799/1408 1406/812/1408 1121/545/1408
f 1121/545/1409 1406/812/1409 1607/797/1409 1391/797/1409
f 1406/812/1410 1125/631/1410 1399/642/1410 1607/797/1410
f 1607/797/1411 1399/642/1411 1124/641/1411 1405/844/1411
f 1391/797/1412 1607/797/1412 1405/844/1412 1120/608/1412
f 1130/846/1413 1420/847/1413 1608/848/1413 1410/849/1413
f 1420/847/1414 1134/558/1414 1418/850/1414 1608/848/1414
f 1608/848/1415 1418/850/1415 1135/616/1415 1419/616/1415
f 1410/849/1416 1608/848/1416 1419/616/1416 1131/568/1416
f 1157/629/1417 1411/798/1417 1609/851/1417 1479/637/1417
f 1411/798/1418 1129/545/1418 1407/852/1418 1609/851/1418
f 1609/851/1419 1407/852/1419 1128/853/1419 1413/854/1419
f 1479/637/1420 1609/851/1420 1413/854/1420 1159/639/1420
f 1160/558/1421 1476/855/1421 1610/856/1421 1478/840/1421
f 1476/855/1422 1130/846/1422 1410/849/1422 1610/856/1422
f 1610/856/1423 1410/849/1423 1131/568/1423 1474/616/1423
f 1478/840/1424 1610/856/1424 1474/616/1424 1158/568/1424
f 1159/639/1425 1413/854/1425 1611/857/1425 1477/646/1425
f 1413/854/1426 1128/853/1426 1408/858/1426 1611/857/1426
f 1611/857/1427 1408/858/1427 1130/846/1427 1476/855/1427
f 1477/646/1428 1611/857/1428 1476/855/1428 1160/558/1428
f 1133/649/1429 1417/652/1429 1612/859/1429 1415/650/1429
f 1417/652/1430 1135/616/1430 1418/850/1430 1612/859/1430
f 1612/859/1431 1418/850/1431 1134/648/1431 1416/646/1431
f 1415/650/1432 1612/859/1432 1416/646/1432 1132/860/1432
f 1134/558/1433 1428/861/1433 1613/661/1433 1416/661/1433
f 1428/861/1434 1138/662/1434 1424/661/1434 1613/661/1434
f 1613/661/1435 1424/661/1435 1139/660/1435 1427/862/1435
f 1416/661/1436 1613/661/1436 1427/862/1436 1132/641/1436
f 1131/539/1437 1419/542/1437 1614/799/1437 1409/811/1437
f 1419/542/1438 1135/626/1438 1417/632/1438 1614/799/1438
f 1614/799/1439 1417/632/1439 1133/631/1439 1422/812/1439
f 1409/811/1440 1614/799/1440 1422/812/1440 1129/545/1440
f 1129/545/1441 1422/812/1441 1615/863/1441 1407/852/1441
f 1422/812/1442 1133/631/1442 1415/642/1442 1615/863/1442
f 1615/863/1443 1415/642/1443 1132/641/1443 1421/864/1443
f 1407/852/1444 1615/863/1444 1421/864/1444 1128/853/1444
f 1137/865/1445 1426/672/1445 1616/665/1445 1423/661/1445
f 1426/672/1446 1139/660/1446 1424/646/1446 1616/665/1446
f 1616/665/1447 1424/646/1447 1138/662/1447 1425/676/1447
f 1423/661/1448 1616/665/1448 1425/676/1448 1136/866/1448
f 1132/641/1449 1427/862/1449 1617/867/1449 1421/868/1449
f 1427/862/1450 1139/660/1450 1426/666/1450 1617/867/1450
f 1617/867/1451 1426/666/1451 1137/865/1451 1429/869/1451
f 1421/868/1452 1617/867/1452 1429/869/1452 1128/853/1452
f 1128/853/1453 1429/869/1453 1618/870/1453 1408/858/1453
f 1429/869/1454 1137/865/1454 1423/661/1454 1618/870/1454
f 1618/870/1455 1423/661/1455 1136/866/1455 1430/871/1455
f 1408/858/1456 1618/870/1456 1430/871/1456 1130/846/1456
f 1130/846/1457 1430/871/1457 1619/872/1457 1420/873/1457
f 1430/871/1458 1136/866/1458 1425/676/1458 1619/872/1458
f 1619/872/1459 1425/676/1459 1138/662/1459 1428/861/1459
f 1420/873/1460 1619/872/1460 1428/861/1460 1134/558/1460
f 1034/677/1461 1273/680/1461 1620/874/1461 1431/875/1461
f 1273/680/1462 1062/685/1462 1378/684/1462 1620/874/1462
f 1620/874/1463 1378/684/1463 1140/683/1463 1434/876/1463
f 1431/875/1464 1620/874/1464 1434/876/1464 1114/744/1464
f 1114/744/1465 1434/876/1465 1621/877/1465 1432/723/1465
f 1434/876/1466 1140/683/1466 1379/690/1466 1621/877/1466
f 1621/877/1467 1379/690/1467 1141/600/1467 1435/878/1467
f 1432/723/1468 1621/877/1468 1435/878/1468 1115/733/1468
f 1115/733/1469 1435/878/1469 1622/879/1469 1433/786/1469
f 1435/878/1470 1141/600/1470 1380/809/1470 1622/879/1470
f 1622/879/1471 1380/809/1471 1065/520/1471 1276/693/1471
f 1433/786/1472 1622/879/1472 1276/693/1472 1037/587/1472
f 1114/744/1473 1440/880/1473 1623/760/1473 1431/762/1473
f 1440/880/1474 1142/881/1474 1436/882/1474 1623/760/1474
f 1623/760/1475 1436/882/1475 1066/698/1475 1283/701/1475
f 1431/762/1476 1623/760/1476 1283/701/1476 1034/702/1476
f 1115/733/1477 1439/830/1477 1624/883/1477 1432/723/1477
f 1439/830/1478 1143/829/1478 1437/726/1478 1624/883/1478
f 1624/883/1479 1437/726/1479 1142/881/1479 1440/880/1479
f 1432/723/1480 1624/883/1480 1440/880/1480 1114/744/1480
f 1153/884/1481 1462/885/1481 1625/886/1481 1465/887/1481
f 1462/885/1482 1147/888/1482 1447/889/1482 1625/886/1482
f 1625/886/1483 1447/889/1483 1146/744/1483 1449/721/1483
f 1465/887/1484 1625/886/1484 1449/721/1484 1152/890/1484
f 1143/829/1485 1445/891/1485 1626/883/1485 1437/726/1485
f 1445/891/1486 1145/733/1486 1442/723/1486 1626/883/1486
f 1626/883/1487 1442/723/1487 1144/744/1487 1444/892/1487
f 1437/726/1488 1626/883/1488 1444/892/1488 1142/881/1488
f 1069/595/1489 1289/590/1489 1627/893/1489 1438/728/1489
f 1289/590/1490 1073/595/1490 1443/778/1490 1627/893/1490
f 1627/893/1491 1443/778/1491 1145/733/1491 1445/891/1491
f 1438/728/1492 1627/893/1492 1445/891/1492 1143/829/1492
f 1142/881/1493 1444/892/1493 1628/760/1493 1436/882/1493
f 1444/892/1494 1144/744/1494 1441/894/1494 1628/760/1494
f 1628/760/1495 1441/894/1495 1070/677/1495 1290/701/1495
f 1436/882/1496 1628/760/1496 1290/701/1496 1066/698/1496
f 1077/595/1497 1306/590/1497 1629/895/1497 1448/896/1497
f 1306/590/1498 1081/595/1498 1453/778/1498 1629/895/1498
f 1629/895/1499 1453/778/1499 1149/733/1499 1454/897/1499
f 1448/896/1500 1629/895/1500 1454/897/1500 1147/888/1500
f 1153/898/1501 1464/899/1501 1630/900/1501 1462/901/1501
f 1464/899/1502 1155/902/1502 1469/903/1502 1630/900/1502
f 1630/900/1503 1469/903/1503 1154/904/1503 1472/905/1503
f 1462/901/1504 1630/900/1504 1472/905/1504 1147/888/1504
f 1152/720/1505 1449/721/1505 1631/742/1505 1463/741/1505
f 1449/721/1506 1146/722/1506 1446/762/1506 1631/742/1506
f 1631/742/1507 1446/762/1507 1074/677/1507 1300/677/1507
f 1463/741/1508 1631/742/1508 1300/677/1508 1087/677/1508
f 1149/724/1509 1453/786/1509 1632/906/1509 1452/723/1509
f 1453/786/1510 1081/587/1510 1304/755/1510 1632/906/1510
f 1632/906/1511 1304/755/1511 1078/677/1511 1451/762/1511
f 1452/723/1512 1632/906/1512 1451/762/1512 1148/722/1512
f 1146/744/1513 1455/907/1513 1633/908/1513 1446/762/1513
f 1455/907/1514 1148/744/1514 1451/762/1514 1633/908/1514
f 1633/908/1515 1451/762/1515 1078/702/1515 1307/698/1515
f 1446/762/1516 1633/908/1516 1307/698/1516 1074/702/1516
f 1147/888/1517 1454/897/1517 1634/909/1517 1447/889/1517
f 1454/897/1518 1149/733/1518 1452/723/1518 1634/909/1518
f 1634/909/1519 1452/723/1519 1148/744/1519 1455/907/1519
f 1447/889/1520 1634/909/1520 1455/907/1520 1146/744/1520
f 1144/744/1521 1456/890/1521 1635/742/1521 1441/894/1521
f 1456/890/1522 1150/744/1522 1458/743/1522 1635/742/1522
f 1635/742/1523 1458/743/1523 1085/677/1523 1312/677/1523
f 1441/894/1524 1635/742/1524 1312/677/1524 1070/677/1524
f 1073/587/1525 1299/595/1525 1636/910/1525 1443/778/1525
f 1299/595/1526 1084/595/1526 1459/778/1526 1636/910/1526
f 1636/910/1527 1459/778/1527 1151/737/1527 1450/911/1527
f 1443/778/1528 1636/910/1528 1450/911/1528 1145/733/1528
f 1145/733/1529 1450/911/1529 1637/912/1529 1442/723/1529
f 1450/911/1530 1151/737/1530 1460/913/1530 1637/912/1530
f 1637/912/1531 1460/913/1531 1150/722/1531 1456/890/1531
f 1442/723/1532 1637/912/1532 1456/890/1532 1144/722/1532
f 1150/744/1533 1461/914/1533 1638/908/1533 1458/743/1533
f 1461/914/1534 1152/890/1534 1463/741/1534 1638/908/1534
f 1638/908/1535 1463/741/1535 1087/677/1535 1318/677/1535
f 1458/743/1536 1638/908/1536 1318/677/1536 1085/677/1536
f 1151/737/1537 1471/915/1537 1639/916/1537 1457/917/1537
f 1471/915/1538 1156/775/1538 1467/903/1538 1639/916/1538
f 1639/916/1539 1467/903/1539 1155/902/1539 1464/899/1539
f 1457/917/1540 1639/916/1540 1464/899/1540 1153/898/1540
f 1151/737/1541 1457/918/1541 1640/919/1541 1460/913/1541
f 1457/918/1542 1153/884/1542 1465/887/1542 1640/919/1542
f 1640/919/1543 1465/887/1543 1152/890/1543 1461/914/1543
f 1460/913/1544 1640/919/1544 1461/914/1544 1150/744/1544
f 1094/595/1545 1330/595/1545 1641/920/1545 1470/921/1545
f 1330/595/1546 1091/587/1546 1466/922/1546 1641/920/1546
f 1641/920/1547 1466/922/1547 1154/904/1547 1469/903/1547
f 1470/921/1548 1641/920/1548 1469/903/1548 1155/923/1548
f 1095/779/1549 1327/590/1549 1642/924/1549 1468/780/1549
f 1327/590/1550 1094/595/1550 1470/921/1550 1642/924/1550
f 1642/924/1551 1470/921/1551 1155/923/1551 1467/925/1551
f 1468/780/1552 1642/924/1552 1467/925/1552 1156/775/1552
f 1147/888/1553 1472/905/1553 1643/926/1553 1448/927/1553
f 1472/905/1554 1154/904/1554 1466/922/1554 1643/926/1554
f 1643/926/1555 1466/922/1555 1091/587/1555 1334/590/1555
f 1448/927/1556 1643/926/1556 1334/590/1556 1077/595/1556
f 1084/783/1557 1335/590/1557 1644/928/1557 1459/778/1557
f 1335/590/1558 1095/779/1558 1468/780/1558 1644/928/1558
f 1644/928/1559 1468/780/1559 1156/775/1559 1471/915/1559
f 1459/778/1560 1644/928/1560 1471/915/1560 1151/737/1560
f 1124/641/1561 1475/640/1561 1645/647/1561 1400/646/1561
f 1475/640/1562 1159/639/1562 1477/646/1562 1645/647/1562
f 1645/647/1563 1477/646/1563 1160/648/1563 1414/645/1563
f 1400/646/1564 1645/647/1564 1414/645/1564 1126/648/1564
f 1126/558/1565 1414/645/1565 1646/850/1565 1402/840/1565
f 1414/645/1566 1160/558/1566 1478/840/1566 1646/850/1566
f 1646/850/1567 1478/840/1567 1158/568/1567 1412/616/1567
f 1402/840/1568 1646/850/1568 1412/616/1568 1127/568/1568
f 1125/631/1569 1473/929/1569 1647/930/1569 1399/642/1569
f 1473/929/1570 1157/629/1570 1479/637/1570 1647/930/1570
f 1647/930/1571 1479/637/1571 1159/639/1571 1475/640/1571
f 1399/642/1572 1647/930/1572 1475/640/1572 1124/641/1572
f 1127/626/1573 1412/542/1573 1648/931/1573 1401/632/1573
f 1412/542/1574 1158/626/1574 1480/627/1574 1648/931/1574
f 1648/931/1575 1480/627/1575 1157/629/1575 1473/929/1575
f 1401/632/1576 1648/931/1576 1473/929/1576 1125/631/1576
o Cube.004
v 2.311568 -0.507458 17.316994
v 1.864137 -1.918294 17.347000
v 0.965900 -0.511476 17.342100
v 0.932910 -1.912180 17.287056
v 0.880707 -1.862240 18.398335
v 2.644857 -0.479711 18.398335
v 0.626356 -0.485737 18.398335
v 1.858800 -1.867540 18.398335
v 2.049544 -1.321332 17.337875
v 0.868438 -1.317531 17.327797
v 2.344195 -1.318300 18.398335
v 0.572536 -1.312599 18.398335
v 0.595166 0.694184 18.398335
v 0.949756 0.657363 17.202820
v 2.355606 0.664661 17.177711
v 2.703941 0.705132 18.398335
v 0.511678 1.371927 18.398335
v 0.840511 1.330162 17.120550
v 2.153069 1.320835 17.109680
v 2.480515 1.357936 18.398335
v 0.470430 1.844337 18.398335
v 0.788703 1.778343 17.076826
v 2.060431 1.697266 17.047581
v 2.378022 1.722722 18.398335
v 0.475470 2.223069 18.398335
v 0.775568 2.187537 16.940037
v 1.974327 2.128103 16.910793
v 2.273608 2.133917 18.398335
v 0.804172 2.679287 18.398335
v 0.976178 2.668809 17.756721
v 1.663930 2.589668 17.756721
v 1.835800 2.560575 18.398335
v 1.888866 -2.492804 17.339241
v 1.096496 -2.483379 17.327784
v 1.888866 -2.503003 18.041542
v 1.096496 -2.493578 18.040150
v 1.854247 -3.627477 17.323166
v 1.101653 -3.618375 17.332294
v 1.854247 -3.637676 17.997475
v 1.101653 -3.628574 18.006603
v 1.774672 -4.644794 17.333918
v 1.104476 -4.639091 17.341778
v 1.774672 -4.654674 17.963829
v 1.104476 -4.648969 17.971689
v 1.765655 -6.020329 17.436951
v 1.247533 -5.998344 17.475754
v 1.765655 -6.028386 17.845722
v 1.247533 -6.004770 17.809471
v 1.808622 -6.356405 17.427700
v 1.238590 -6.346155 17.501022
v 1.808622 -6.363691 17.845562
v 1.238590 -6.350698 17.775864
v 2.451414 -6.192430 17.834196
v 2.451414 -6.184198 17.436996
v 2.488040 -6.359644 17.837444
v 2.488040 -6.351412 17.427500
v 0.582106 2.506240 18.398335
v 0.835303 2.487122 17.098505
v 1.846729 2.441010 17.092655
v 2.099245 2.437074 18.398335
v 0.738592 2.979299 18.398335
v 0.912307 2.994100 17.746780
v 1.662593 2.837845 17.773428
v 1.850894 2.759967 18.398335
v 0.618617 3.393438 18.398335
v 0.811954 3.486175 17.489893
v 1.862434 3.098646 17.623131
v 2.128701 2.887395 18.398335
v 0.499900 4.987035 18.398335
v 0.862532 4.970829 17.511494
v 2.468906 4.868385 17.687075
v 2.753046 4.957988 18.398335
v 1.091757 5.395282 18.398335
v 1.215684 5.277462 17.727533
v 2.132741 5.247504 17.780291
v 2.273262 5.354498 18.398335
v 0.778722 3.714121 17.426142
v 2.106436 3.199422 17.604494
v 2.325362 2.877885 18.398335
v 0.554667 3.623754 18.398335
v 0.743952 4.306625 17.413832
v 0.407274 4.297294 18.398335
v 2.223107 4.020060 17.418039
v 2.226024 3.970452 18.398335
v 2.904643 4.358545 18.007227
v 2.933127 4.365496 18.398335
v 2.882427 3.671884 17.967367
v 2.783242 3.036658 18.035511
v 2.959441 3.577949 18.398335
v 2.834531 2.898599 18.398335
v 1.207586 -5.347662 17.431349
v 1.207586 -5.355890 17.865429
v 1.672316 -5.353554 17.427784
v 1.672315 -5.361782 17.861864
v 2.311568 -0.507458 19.479675
v 1.864137 -1.918294 19.449669
v 0.965900 -0.511476 19.454569
v 0.932910 -1.912180 19.509613
v 2.049544 -1.321332 19.458794
v 0.868438 -1.317531 19.468872
v 0.949756 0.657363 19.593849
v 2.355606 0.664662 19.618958
v 0.840511 1.330162 19.676119
v 2.153069 1.320834 19.686989
v 0.788703 1.778342 19.719843
v 2.060431 1.697266 19.749088
v 0.775568 2.187537 19.856632
v 1.974327 2.128103 19.885876
v 0.976178 2.668808 19.039948
v 1.663930 2.589668 19.039948
v 1.888866 -2.492804 19.457428
v 1.096496 -2.483379 19.468885
v 1.888866 -2.503003 18.755127
v 1.096496 -2.493578 18.756519
v 1.854247 -3.627477 19.473503
v 1.101653 -3.618375 19.464375
v 1.854247 -3.637676 18.799194
v 1.101653 -3.628575 18.790066
v 1.774672 -4.644794 19.462751
v 1.104476 -4.639090 19.454891
v 1.774672 -4.654674 18.832840
v 1.104476 -4.648969 18.824980
v 1.765655 -6.020329 19.359718
v 1.247533 -5.998344 19.320915
v 1.765655 -6.028386 18.950947
v 1.247533 -6.004771 18.987198
v 1.808622 -6.356405 19.368969
v 1.238590 -6.346155 19.295647
v 1.808622 -6.363692 18.951107
v 1.238590 -6.350697 19.020805
v 2.451414 -6.192430 18.962473
v 2.451414 -6.184198 19.359673
v 2.488040 -6.359644 18.959225
v 2.488040 -6.351412 19.369169
v 0.835303 2.487122 19.698164
v 1.846729 2.441011 19.704014
v 0.912307 2.994100 19.049889
v 1.662593 2.837845 19.023241
v 0.811954 3.486175 19.306776
v 1.862434 3.098645 19.173538
v 0.862532 4.970829 19.285175
v 2.468906 4.868385 19.109594
v 1.215684 5.277462 19.069136
v 2.132741 5.247504 19.016378
v 0.778722 3.714121 19.370527
v 2.106436 3.199421 19.192175
v 0.743952 4.306625 19.382837
v 2.223107 4.020060 19.378630
v 2.904643 4.358545 18.789442
v 2.882427 3.671884 18.829302
v 2.783242 3.036658 18.761158
v 1.207586 -5.347662 19.365320
v 1.207586 -5.355889 18.931240
v 1.672316 -5.353554 19.368885
v 1.672315 -5.361782 18.934803
v 1.398523 -1.913690 17.160183
v 1.929997 -1.640790 17.341650
v 0.874992 -1.635425 17.298925
v 0.670206 -0.500989 17.794765
v 1.639203 -0.513479 17.169228
v 2.043635 -1.918705 17.786657
v 0.748616 -1.910318 17.734077
v 2.604604 -0.495213 17.772797
v 2.163902 -1.639176 18.398335
v 1.360758 -1.945298 18.398335
v 0.633739 -1.631612 18.398335
v 1.635607 -0.482724 18.398335
v 2.190660 -0.965510 17.338747
v 0.914038 -0.965537 17.351923
v 2.507940 -0.950034 18.398335
v 0.593006 -0.950075 18.398335
v 2.307645 -1.320471 17.790081
v 1.459085 -1.320028 17.173012
v 1.458365 -1.315449 18.398335
v 0.609805 -1.315007 17.781263
v 0.640897 0.672191 17.714680
v 1.653150 0.655215 17.009056
v 2.661806 0.682682 17.692711
v 1.649554 0.699657 18.398335
v 0.625537 0.115689 18.398335
v 0.977912 0.082328 17.280569
v 2.373026 0.088355 17.251698
v 2.718208 0.124729 18.398335
v 0.553094 1.348961 17.665239
v 1.496894 1.319583 16.922632
v 2.439897 1.335553 17.655727
v 1.496097 1.364932 18.398335
v 2.600113 1.104157 18.398335
v 0.552251 1.094020 18.398335
v 0.895446 1.057229 17.148485
v 2.260687 1.063986 17.132689
v 0.510368 1.815511 17.642853
v 1.424618 1.730946 16.861784
v 2.338476 1.698964 17.617264
v 1.424226 1.783529 18.398335
v 2.093166 1.512728 17.089371
v 2.414513 1.545340 18.398335
v 0.484735 1.618123 18.398335
v 0.806647 1.561251 17.107544
v 0.513166 2.209325 17.564201
v 1.375009 2.154719 16.704477
v 2.236382 2.123888 17.538610
v 1.374539 2.178493 18.398335
v 2.021704 1.911235 16.973019
v 2.332325 1.926255 18.398335
v 0.466202 2.044901 18.398335
v 0.777623 1.990332 17.006651
v 0.613909 2.500434 17.651810
v 1.341067 2.462928 16.900167
v 2.067834 2.434150 17.646692
v 1.340676 2.471657 18.398335
v 2.202097 2.311853 18.398335
v 0.506642 2.380835 18.398335
v 0.789618 2.356487 16.941717
v 1.919921 2.310499 16.924171
v 1.492681 -2.486179 17.200888
v 2.037436 -2.499671 17.691597
v 0.947926 -2.486712 17.682762
v 1.492681 -2.500203 18.173471
v 1.022666 -2.152536 17.303818
v 1.017621 -2.158628 18.113558
v 1.866238 -2.160286 17.345694
v 1.864789 -2.166300 18.124649
v 1.477950 -3.621014 17.201298
v 1.995358 -3.634284 17.658609
v 0.960542 -3.621768 17.671160
v 1.477950 -3.635038 18.128471
v 1.882909 -3.018573 17.331144
v 1.115143 -3.008649 17.335983
v 1.115144 -3.018848 18.015049
v 1.882909 -3.028772 18.008953
v 1.439574 -4.640090 17.219740
v 1.900334 -4.650804 17.647400
v 0.978815 -4.642961 17.658207
v 1.439574 -4.653674 18.085867
v 1.091112 -4.184481 17.997337
v 1.818428 -4.191776 17.988018
v 1.818428 -4.181617 17.319260
v 1.091112 -4.174321 17.328577
v 1.452260 -5.998772 17.406878
v 1.851120 -5.967747 17.641594
v 1.176038 -6.001879 17.642715
v 1.452260 -6.007863 17.877651
v 1.245541 -5.687045 17.464945
v 1.151043 -5.022351 17.921391
v 1.654178 -5.693884 17.459745
v 1.721669 -5.027730 17.915644
v 1.435705 -6.360717 17.456392
v 1.813151 -6.403364 17.635910
v 1.193691 -6.372469 17.638136
v 1.435705 -6.366668 17.819382
v 1.221303 -6.237010 17.806696
v 1.794325 -6.238784 17.914677
v 1.794325 -6.228618 17.362619
v 1.221303 -6.231166 17.473339
v 2.500940 -6.172975 17.635530
v 2.545015 -6.376904 17.631689
v 2.522977 -6.280147 17.886873
v 2.522977 -6.269732 17.380346
v 2.225517 -6.360719 17.397335
v 2.225517 -6.369801 17.870909
v 2.180176 -6.135653 17.412930
v 2.180176 -6.144805 17.863214
v 0.825704 2.682166 18.029408
v 1.320064 2.630635 17.660480
v 1.814347 2.568400 18.029408
v 1.319986 2.619931 18.398335
v 0.707086 2.593978 18.398335
v 0.915771 2.579259 17.441481
v 1.749693 2.518838 17.440748
v 1.957969 2.503345 18.398335
v 0.753742 3.005764 18.019693
v 1.286356 2.922923 17.664370
v 1.827357 2.786791 18.043011
v 1.294743 2.869632 18.398335
v 1.629068 2.698095 17.840321
v 1.794845 2.654744 18.398335
v 0.802321 2.801944 18.398335
v 0.966292 2.797482 17.836990
v 0.609966 3.492240 17.855995
v 1.331724 3.315209 17.430239
v 2.095417 2.963386 17.972578
v 1.373659 3.140417 18.398335
v 1.990390 2.839797 18.398335
v 0.669165 3.204140 18.398335
v 0.854363 3.258335 17.606680
v 1.761434 2.985339 17.686623
v 0.545229 4.985103 17.867096
v 1.604756 4.934677 17.461588
v 2.724399 4.947666 18.048437
v 1.587601 4.943687 18.398335
v 0.776560 4.663842 17.445906
v 1.926972 3.150374 17.597683
v 2.205076 2.902041 18.398335
v 0.409074 4.666020 18.398335
v 1.112556 5.334278 17.984409
v 1.679667 5.273894 17.712749
v 2.249621 5.295365 18.018034
v 1.694955 5.430204 18.398335
v 2.293876 5.137312 17.718340
v 2.599466 5.188074 18.398335
v 0.701763 5.239852 18.398335
v 1.012965 5.177770 17.609972
v 0.792867 3.597833 17.439587
v 2.138899 3.583099 17.455894
v 2.162970 3.474419 18.398335
v 0.592848 3.490993 18.398335
v 1.403815 3.340407 18.398335
v 0.549855 3.723362 17.819136
v 2.302836 2.963388 18.003668
v 1.375774 3.522670 17.359621
v 0.754393 3.963774 17.413651
v 0.475868 3.915890 18.398335
v 2.322672 4.461195 17.498491
v 2.344886 4.442937 18.398335
v 1.418399 4.140029 18.398335
v 0.442795 4.328329 17.822165
v 2.684491 3.826251 17.677479
v 1.453555 4.195197 17.296925
v 2.928390 4.373474 18.176168
v 2.848862 3.268155 18.002617
v 2.943973 3.175356 18.398335
v 2.825563 2.938493 18.204386
v 2.903780 4.081341 17.974400
v 2.958671 3.989533 18.398335
v 2.949814 3.599710 18.202721
v 2.570101 3.064551 17.866642
v 2.810726 4.573418 17.876411
v 2.860925 4.685992 18.398335
v 2.580415 2.834541 18.398335
v 2.694482 3.780356 18.398335
v 1.151044 -5.013159 17.382557
v 1.245541 -5.694253 17.825823
v 1.721669 -5.018537 17.376808
v 1.654178 -5.701244 17.827423
v 1.759452 -5.358773 17.644157
v 1.439951 -5.360379 17.945038
v 1.439951 -5.349065 17.348177
v 1.120449 -5.350671 17.649057
v 1.398523 -1.913690 19.636486
v 1.929997 -1.640790 19.455019
v 0.874992 -1.635425 19.497744
v 0.670207 -0.500989 19.001904
v 1.639203 -0.513479 19.627441
v 2.043635 -1.918705 19.010012
v 0.748616 -1.910318 19.062592
v 2.604604 -0.495213 19.023872
v 2.190660 -0.965510 19.457922
v 0.914038 -0.965537 19.444746
v 2.307645 -1.320471 19.006588
v 1.459085 -1.320028 19.623657
v 0.609805 -1.315007 19.015406
v 0.640898 0.672191 19.081989
v 1.653150 0.655216 19.787613
v 2.661806 0.682682 19.103958
v 0.977912 0.082328 19.516100
v 2.373026 0.088355 19.544971
v 0.553095 1.348961 19.131430
v 1.496894 1.319583 19.874037
v 2.439897 1.335553 19.140942
v 0.895447 1.057228 19.648184
v 2.260687 1.063986 19.663980
v 0.510368 1.815511 19.153814
v 1.424618 1.730946 19.934885
v 2.338476 1.698964 19.179405
v 2.093166 1.512729 19.707298
v 0.806647 1.561251 19.689125
v 0.513166 2.209325 19.232468
v 1.375009 2.154720 20.092192
v 2.236382 2.123888 19.258059
v 2.021704 1.911235 19.823650
v 0.777623 1.990332 19.790018
v 0.613909 2.500435 19.144859
v 1.341067 2.462928 19.896502
v 2.067834 2.434150 19.149977
v 0.789618 2.356487 19.854952
v 1.919922 2.310499 19.872498
v 1.492681 -2.486179 19.595781
v 2.037436 -2.499671 19.105072
v 0.947926 -2.486712 19.113907
v 1.492681 -2.500203 18.623198
v 1.022666 -2.152537 19.492851
v 1.017621 -2.158628 18.683111
v 1.866238 -2.160286 19.450975
v 1.864789 -2.166300 18.672020
v 1.477950 -3.621014 19.595371
v 1.995358 -3.634284 19.138060
v 0.960542 -3.621768 19.125509
v 1.477950 -3.635038 18.668198
v 1.882909 -3.018573 19.465525
v 1.115144 -3.008648 19.460686
v 1.115144 -3.018848 18.781620
v 1.882909 -3.028772 18.787716
v 1.439574 -4.640090 19.576929
v 1.900334 -4.650804 19.149269
v 0.978815 -4.642961 19.138462
v 1.439574 -4.653674 18.710802
v 1.091112 -4.184481 18.799332
v 1.818428 -4.191775 18.808651
v 1.818428 -4.181616 19.477409
v 1.091112 -4.174321 19.468092
v 1.452260 -5.998771 19.389791
v 1.851120 -5.967747 19.155075
v 1.176037 -6.001880 19.153954
v 1.452260 -6.007863 18.919018
v 1.245542 -5.687045 19.331724
v 1.151044 -5.022351 18.875278
v 1.654178 -5.693884 19.336924
v 1.721669 -5.027729 18.881025
v 1.435705 -6.360717 19.340277
v 1.813151 -6.403364 19.160759
v 1.193691 -6.372469 19.158533
v 1.435705 -6.366668 18.977287
v 1.221303 -6.237010 18.989973
v 1.794325 -6.238783 18.881992
v 1.794325 -6.228618 19.434050
v 1.221303 -6.231166 19.323330
v 2.500940 -6.172975 19.161139
v 2.545015 -6.376904 19.164980
v 2.522977 -6.280146 18.909796
v 2.522977 -6.269732 19.416323
v 2.225517 -6.360719 19.399334
v 2.225517 -6.369800 18.925760
v 2.180176 -6.135653 19.383738
v 2.180176 -6.144805 18.933455
v 0.825704 2.682165 18.767262
v 1.320064 2.630634 19.136189
v 1.814347 2.568400 18.767262
v 0.915771 2.579259 19.355188
v 1.749693 2.518838 19.355921
v 0.753742 3.005764 18.776976
v 1.286356 2.922923 19.132299
v 1.827357 2.786791 18.753658
v 1.629068 2.698095 18.956348
v 0.966292 2.797482 18.959679
v 0.609966 3.492239 18.940674
v 1.331724 3.315208 19.366430
v 2.095417 2.963386 18.824091
v 0.854363 3.258335 19.189989
v 1.761434 2.985338 19.110046
v 0.545229 4.985104 18.929573
v 1.604756 4.934677 19.335081
v 2.724399 4.947666 18.748232
v 0.776560 4.663842 19.350763
v 1.926972 3.150373 19.198986
v 1.112556 5.334278 18.812260
v 1.679667 5.273895 19.083920
v 2.249621 5.295365 18.778635
v 2.293876 5.137312 19.078329
v 1.012965 5.177770 19.186697
v 0.792867 3.597833 19.357082
v 2.138899 3.583099 19.340775
v 0.549855 3.723362 18.977533
v 2.302836 2.963388 18.793001
v 1.375774 3.522670 19.437048
v 0.754393 3.963774 19.383018
v 2.322672 4.461195 19.298178
v 0.442795 4.328329 18.974504
v 2.684491 3.826251 19.119188
v 1.453555 4.195197 19.499746
v 2.928390 4.373474 18.620501
v 2.848862 3.268154 18.794052
v 2.825563 2.938492 18.592283
v 2.903780 4.081341 18.822269
v 2.949814 3.599710 18.593948
v 2.570101 3.064551 18.930027
v 2.810726 4.573419 18.920258
v 1.151043 -5.013159 19.414112
v 1.245541 -5.694252 18.970846
v 1.721669 -5.018537 19.419861
v 1.654178 -5.701244 18.969246
v 1.759452 -5.358773 19.152512
v 1.439951 -5.360379 18.851631
v 1.439951 -5.349065 19.448492
v 1.120449 -5.350671 19.147612
v 0.633979 -0.958969 17.798624
v 1.550473 -0.950054 18.398335
v 1.552631 -0.967844 17.187386
v 2.469124 -0.958930 17.787094
v 0.863448 -2.154853 17.697800
v 0.671202 0.095828 17.759951
v 2.155784 -1.642729 17.795990
v 1.402506 -1.637377 17.159248
v 1.397821 -1.644328 18.398335
v 0.647940 -1.635097 17.758621
v 1.576182 1.099089 18.398335
v 1.676008 0.080112 17.096302
v 1.671872 0.120209 18.398335
v 2.676679 0.104492 17.734686
v 2.374472 1.521130 17.642954
v 1.578350 1.054835 16.951925
v 2.558533 1.081819 17.668219
v 0.595999 1.072104 17.682039
v 2.293677 1.908720 17.573734
v 0.525101 1.590880 17.658857
v 1.449624 1.581732 18.398335
v 1.449949 1.530278 16.903477
v 1.354369 2.346343 18.398335
v 0.505310 2.022422 17.603161
v 1.399263 1.985578 18.398335
v 1.399724 1.945564 16.778561
v 1.774127 2.668442 18.077976
v 1.354830 2.331565 16.713137
v 2.167005 2.305900 17.548058
v 0.542194 2.372008 17.563412
v 1.499026 -3.011698 17.206356
v 1.444452 -2.154545 17.179815
v 1.439856 -2.169677 18.255981
v 2.024258 -2.165489 17.735023
v 1.454770 -4.190033 18.118071
v 1.499026 -3.025723 18.139208
v 2.026865 -3.025533 17.669024
v 0.971187 -3.011887 17.676540
v 1.171511 -5.689626 17.645712
v 1.954800 -4.188064 17.651892
v 0.954740 -4.178033 17.664703
v 1.454770 -4.176064 17.198526
v 1.444059 -6.234450 17.882992
v 1.445630 -5.689010 17.395546
v 1.445630 -5.698957 17.893452
v 1.732194 -5.694468 17.643263
v 1.426127 -6.408508 17.637213
v 2.239192 -6.405846 17.633350
v 1.144313 -6.239492 17.639999
v 1.444059 -6.225886 17.396589
v 2.634728 -6.281273 17.632719
v 2.207654 -6.250062 17.317295
v 2.184039 -6.097010 17.638733
v 2.207654 -6.262657 17.954773
v 0.733264 2.592311 17.848253
v 1.332762 2.549106 17.297531
v 1.932026 2.505455 17.847612
v 1.332527 2.548661 18.398335
v 1.329778 3.021968 18.398335
v 0.822001 2.810607 18.075062
v 1.298583 2.728344 18.398335
v 1.297545 2.750705 17.754704
v 1.524963 4.594878 17.359140
v 1.304617 3.136817 17.533899
v 1.961771 2.891643 18.001091
v 0.672624 3.267142 17.931141
v 2.562806 5.157685 18.021833
v 2.751029 4.257373 17.729462
v 0.454189 4.679490 17.834440
v 1.485237 4.569949 18.398335
v 1.693034 5.357544 18.004520
v 0.740230 5.208906 17.926220
v 1.648775 5.217338 18.398335
v 1.649198 5.151935 17.555538
v 1.395782 3.205427 18.398335
v 0.580109 3.603273 17.824045
v 2.171433 2.988983 17.965584
v 1.349401 3.404650 17.384741
v 1.394703 3.694298 18.398335
v 0.490992 3.981379 17.818911
v 2.617136 3.393203 17.725561
v 1.404773 3.808580 17.311529
v 2.951739 4.009895 18.193853
v 2.932091 3.199140 18.220415
v 2.852908 4.682170 18.116549
v 2.576377 2.897666 18.112415
v 2.631987 3.309155 18.398335
v 2.765241 4.237171 18.398335
v 1.828661 -5.024141 17.645147
v 1.436356 -5.026764 18.019548
v 1.436356 -5.014124 17.278650
v 1.044051 -5.016747 17.653051
v 0.633979 -0.958969 18.998045
v 1.552631 -0.967844 19.609283
v 2.469124 -0.958930 19.009575
v 0.863448 -2.154853 19.098869
v 0.671202 0.095828 19.036718
v 2.155784 -1.642729 19.000679
v 1.402506 -1.637377 19.637421
v 0.647940 -1.635097 19.038048
v 1.676008 0.080112 19.700367
v 2.676679 0.104492 19.061983
v 2.374472 1.521130 19.153715
v 1.578350 1.054835 19.844744
v 2.558533 1.081819 19.128450
v 0.595999 1.072105 19.114630
v 2.293677 1.908720 19.222935
v 0.525101 1.590880 19.137812
v 1.449949 1.530278 19.893192
v 0.505310 2.022422 19.193508
v 1.399724 1.945564 20.018108
v 1.774127 2.668442 18.718693
v 1.354830 2.331566 20.083532
v 2.167005 2.305900 19.248611
v 0.542194 2.372009 19.233257
v 1.499026 -3.011698 19.590311
v 1.444452 -2.154545 19.616854
v 1.439857 -2.169677 18.540688
v 2.024258 -2.165489 19.061646
v 1.454770 -4.190033 18.678598
v 1.499026 -3.025723 18.657461
v 2.026865 -3.025533 19.127645
v 0.971187 -3.011887 19.120129
v 1.171511 -5.689626 19.150957
v 1.954800 -4.188064 19.144777
v 0.954740 -4.178033 19.131966
v 1.454770 -4.176064 19.598143
v 1.444059 -6.234450 18.913677
v 1.445630 -5.689010 19.401123
v 1.445630 -5.698957 18.903217
v 1.732193 -5.694467 19.153406
v 1.426127 -6.408508 19.159456
v 2.239192 -6.405846 19.163319
v 1.144313 -6.239492 19.156670
v 1.444059 -6.225886 19.400080
v 2.634728 -6.281274 19.163950
v 2.207654 -6.250061 19.479374
v 2.184039 -6.097010 19.157936
v 2.207654 -6.262657 18.841896
v 0.733264 2.592312 18.948416
v 1.332762 2.549106 19.499138
v 1.932026 2.505456 18.949057
v 0.822001 2.810607 18.721607
v 1.297545 2.750706 19.041965
v 1.524963 4.594878 19.437529
v 1.304617 3.136817 19.262770
v 1.961771 2.891643 18.795578
v 0.672624 3.267143 18.865528
v 2.562806 5.157685 18.774836
v 2.751029 4.257373 19.067207
v 0.454189 4.679490 18.962229
v 1.693034 5.357544 18.792149
v 0.740230 5.208906 18.870449
v 1.649198 5.151935 19.241131
v 0.580109 3.603274 18.972624
v 2.171433 2.988983 18.831085
v 1.349401 3.404650 19.411928
v 0.490992 3.981379 18.977758
v 2.617136 3.393203 19.071108
v 1.404773 3.808580 19.485140
v 2.951739 4.009895 18.602816
v 2.932091 3.199140 18.576254
v 2.852908 4.682171 18.680120
v 2.576377 2.897666 18.684254
v 1.828661 -5.024141 19.151522
v 1.436356 -5.026764 18.777121
v 1.436356 -5.014124 19.518019
v 1.044051 -5.016747 19.143618
vn -0.9959 0.0634 -0.0646
vn -0.9946 0.0747 -0.0716
vn -0.8393 0.0730 -0.5387
vn -0.8520 0.1139 -0.5110
vn -0.0000 -0.0000 1.0000
vn -0.2497 0.1020 -0.9629
vn -0.2491 0.0081 -0.9685
vn 0.2221 -0.0930 -0.9706
vn 0.2489 -0.0617 -0.9666
vn 0.8084 -0.3424 -0.4788
vn 0.8211 -0.2485 -0.5138
vn 0.9583 -0.2803 -0.0557
vn 0.9121 -0.4067 -0.0527
vn -0.8186 -0.5225 0.2384
vn -0.8666 -0.3514 -0.3542
vn -0.9016 -0.2204 -0.3722
vn -0.8988 -0.2664 0.3483
vn -0.8398 -0.0347 -0.5419
vn -0.9974 -0.0019 -0.0718
vn -0.9962 -0.0550 -0.0671
vn -0.8466 -0.0989 -0.5229
vn 0.8745 -0.2784 -0.3972
vn 0.8244 -0.3553 -0.4405
vn 0.8880 -0.4589 -0.0306
vn 0.7617 -0.6328 0.1394
vn -0.2592 -0.0062 -0.9658
vn -0.2534 0.0846 -0.9636
vn 0.2957 -0.0668 -0.9529
vn 0.3476 -0.0545 -0.9361
vn -0.8181 -0.5669 0.0964
vn -0.9876 -0.1521 -0.0397
vn -0.8827 -0.0239 -0.4694
vn -0.8868 -0.2283 -0.4018
vn 0.2156 -0.1303 -0.9678
vn -0.2511 -0.0987 -0.9629
vn -0.2580 -0.1484 -0.9547
vn 0.2253 -0.1274 -0.9659
vn 0.9908 -0.1215 -0.0595
vn 0.8376 -0.1392 -0.5282
vn 0.8534 -0.0284 -0.5205
vn 0.9978 0.0229 -0.0617
vn 0.9421 0.3299 -0.0610
vn 0.8590 0.2459 -0.4490
vn 0.8915 0.0863 -0.4447
vn 0.9790 0.1957 -0.0568
vn 0.2449 -0.0716 -0.9669
vn -0.2674 -0.1753 -0.9475
vn -0.2799 -0.1715 -0.9446
vn 0.2650 -0.0006 -0.9643
vn 0.9664 0.2488 -0.0641
vn 0.8520 0.1683 -0.4957
vn 0.8250 0.3339 -0.4560
vn 0.9040 0.4228 -0.0633
vn -0.8552 -0.1597 -0.4931
vn -0.9920 -0.1114 -0.0599
vn -0.9872 -0.1502 -0.0534
vn -0.8645 -0.1917 -0.4646
vn 0.9766 0.2083 -0.0529
vn 0.9034 0.0598 -0.4245
vn 0.9094 0.1314 -0.3946
vn 0.9643 0.2606 -0.0477
vn -0.8820 -0.1339 -0.4519
vn -0.9923 -0.1124 -0.0513
vn -0.9965 -0.0660 -0.0511
vn -0.8910 -0.1124 -0.4398
vn 0.2756 -0.0211 -0.9611
vn -0.2968 -0.1232 -0.9469
vn -0.3161 -0.1937 -0.9287
vn 0.2691 -0.1651 -0.9489
vn -0.8976 -0.1438 -0.4166
vn -0.9984 -0.0276 -0.0500
vn -0.9980 0.0417 -0.0480
vn -0.9134 -0.0950 -0.3959
vn 0.2613 -0.2991 -0.9178
vn -0.3343 -0.3437 -0.8775
vn -0.3535 -0.3268 -0.8765
vn 0.2910 -0.2465 -0.9244
vn 0.9178 0.3946 -0.0438
vn 0.7606 0.5202 -0.3885
vn 0.7290 -0.4490 -0.5167
vn 0.8898 -0.4483 -0.0852
vn 0.3393 0.1276 -0.9320
vn -0.3692 0.0212 -0.9291
vn -0.1961 0.7886 -0.5827
vn 0.2354 0.8091 -0.5384
vn 0.9300 0.3651 -0.0427
vn 0.8782 0.3205 -0.3550
vn 0.6615 0.7049 -0.2560
vn 0.7747 0.6313 -0.0357
vn -0.9175 0.1202 -0.3791
vn -0.9818 0.1843 -0.0456
vn -0.8581 0.5119 -0.0413
vn -0.7255 0.6171 -0.3046
vn -0.3125 -0.0198 -0.9497
vn 0.3197 0.0025 -0.9475
vn 0.3086 -0.0024 -0.9512
vn -0.3242 0.0160 -0.9459
vn -0.2696 -0.1480 -0.9515
vn 0.3694 0.0015 -0.9293
vn 0.3488 0.0166 -0.9371
vn -0.2918 -0.1183 -0.9491
vn 0.1642 -0.5975 0.7849
vn -0.1835 -0.6678 0.7214
vn -0.3123 -0.2749 0.9093
vn 0.2994 -0.1972 0.9335
vn 0.9262 0.0081 -0.3770
vn 0.9196 -0.2176 0.3271
vn 0.9230 -0.0212 0.3843
vn 0.9218 0.0779 -0.3798
vn 0.3323 -0.0346 0.9425
vn -0.3116 -0.0074 0.9502
vn -0.3189 -0.0583 0.9460
vn 0.3380 -0.0786 0.9378
vn 0.3176 -0.0601 0.9463
vn -0.3138 -0.0610 0.9475
vn -0.3080 -0.0062 0.9514
vn 0.3247 -0.0305 0.9453
vn 0.9207 -0.0031 -0.3903
vn 0.9202 -0.0349 0.3899
vn 0.9209 -0.0525 0.3862
vn 0.9199 -0.0396 -0.3903
vn -0.9211 -0.0483 0.3862
vn -0.9210 -0.0375 -0.3877
vn -0.9220 0.0211 -0.3866
vn -0.9208 0.0138 0.3898
vn -0.9180 -0.1441 0.3696
vn -0.9176 -0.1371 -0.3731
vn -0.9223 -0.0145 -0.3862
vn -0.9221 -0.0217 0.3864
vn 0.9214 -0.0598 -0.3839
vn 0.9229 -0.0692 0.3787
vn 0.9229 -0.1094 0.3693
vn 0.9212 -0.1018 -0.3756
vn -0.9234 0.0081 0.3837
vn -0.9248 0.0171 -0.3800
vn -0.9271 -0.0400 -0.3727
vn -0.9259 -0.0502 0.3745
vn -0.3326 0.0156 -0.9429
vn 0.3114 -0.0108 -0.9502
vn 0.3174 -0.0568 -0.9466
vn -0.3393 -0.0342 -0.9401
vn 0.0067 0.1679 0.9858
vn -0.3200 0.0293 0.9470
vn -0.2671 -0.3539 0.8963
vn -0.0717 -0.4588 0.8856
vn -0.3307 -0.1326 -0.9344
vn 0.3058 -0.1158 -0.9450
vn 0.1800 0.0511 -0.9823
vn -0.3232 -0.0382 -0.9456
vn 0.3171 -0.1251 0.9401
vn -0.3216 -0.1467 0.9354
vn -0.3185 -0.0536 0.9464
vn 0.1859 0.0384 0.9818
vn 0.9210 -0.0794 -0.3815
vn 0.9225 -0.0818 0.3771
vn 0.8458 0.3360 0.4144
vn 0.8486 0.3425 -0.4033
vn -0.1392 -0.9589 -0.2474
vn 0.0028 -0.9716 -0.2366
vn 0.0038 -0.9790 0.2036
vn -0.1384 -0.9666 0.2158
vn -0.0145 -0.9860 0.1663
vn -0.0158 -0.9792 -0.2023
vn 0.0746 -0.9827 -0.1696
vn 0.0761 -0.9885 0.1310
vn -0.9082 0.1073 0.4046
vn -0.9089 0.1163 -0.4004
vn -0.8805 -0.2768 -0.3849
vn -0.8809 -0.2879 0.3756
vn -0.3226 0.0503 -0.9452
vn 0.0012 0.1908 -0.9816
vn -0.0770 -0.4296 -0.8997
vn -0.2691 -0.3269 -0.9059
vn 0.6333 0.7402 -0.2260
vn 0.6344 0.7296 0.2555
vn 0.7364 -0.6090 0.2945
vn 0.7340 -0.5992 -0.3198
vn -0.0934 -0.5268 -0.8449
vn 0.0030 0.4664 -0.8846
vn 0.1850 0.6518 -0.7355
vn 0.1228 -0.5550 -0.8227
vn 0.2923 0.9214 -0.2559
vn 0.2935 0.9104 0.2915
vn 0.2117 0.9607 0.1794
vn 0.2098 0.9676 -0.1401
vn 0.0123 0.4409 0.8974
vn -0.0852 -0.5566 0.8264
vn 0.1331 -0.5840 0.8007
vn 0.1943 0.6244 0.7565
vn -0.6610 0.7497 -0.0333
vn -0.3660 0.9055 -0.2146
vn -0.3627 0.9148 -0.1777
vn -0.5760 0.8169 -0.0305
vn 0.0096 0.9694 -0.2452
vn 0.1522 0.9689 -0.1953
vn 0.1264 0.9724 -0.1961
vn -0.0286 0.9724 -0.2314
vn 0.3331 0.9358 -0.1154
vn 0.4400 0.8979 -0.0130
vn 0.4332 0.9011 -0.0196
vn 0.3254 0.9383 -0.1169
vn -0.8443 0.1991 -0.4976
vn -0.9982 -0.0112 -0.0596
vn -0.9377 -0.3417 -0.0636
vn -0.7918 -0.4140 -0.4492
vn 0.2819 0.6323 -0.7216
vn -0.1466 0.5552 -0.8187
vn -0.2742 -0.4615 -0.8437
vn 0.1533 -0.4535 -0.8780
vn 0.1870 0.1273 -0.9741
vn -0.1201 0.1390 -0.9830
vn -0.0693 0.2674 -0.9611
vn 0.2383 0.2891 -0.9272
vn 0.1098 -0.5381 -0.8357
vn -0.2707 -0.4910 -0.8280
vn -0.2567 -0.4684 -0.8454
vn 0.0989 -0.5271 -0.8440
vn 0.5415 -0.8314 -0.1244
vn 0.5012 -0.7132 -0.4900
vn 0.3945 -0.7583 -0.5190
vn 0.3810 -0.9088 -0.1698
vn -0.8006 -0.4042 -0.4422
vn -0.9511 -0.3042 -0.0531
vn -0.9622 -0.2698 -0.0383
vn -0.8132 -0.3767 -0.4437
vn 0.8115 0.5748 -0.1052
vn 0.6582 0.4684 -0.5894
vn 0.3903 0.8369 -0.3837
vn 0.4260 0.8939 -0.1397
vn 0.4952 0.0375 -0.8680
vn 0.5687 0.2074 -0.7960
vn 0.8633 0.0636 -0.5006
vn 0.8221 -0.0461 -0.5675
vn -0.7826 0.0872 -0.6164
vn -0.9974 0.0195 -0.0698
vn -0.9565 0.2816 -0.0760
vn -0.7155 0.3074 -0.6274
vn 0.1053 0.9588 -0.2640
vn -0.0170 0.9679 -0.2506
vn -0.0457 0.9854 -0.1641
vn 0.1208 0.9779 -0.1705
vn -0.5555 0.6398 -0.5311
vn -0.7605 0.6438 -0.0846
vn -0.3351 0.9346 -0.1194
vn -0.2621 0.9132 -0.3120
vn 0.2527 0.3044 -0.9184
vn -0.0488 0.4311 -0.9010
vn -0.0179 0.7856 -0.6185
vn 0.1673 0.7250 -0.6682
vn -0.8231 -0.3470 -0.4495
vn -0.9646 -0.2620 -0.0310
vn -0.9646 -0.2617 -0.0334
vn -0.8539 -0.1978 -0.4813
vn 0.2417 -0.9497 -0.1991
vn 0.3104 -0.7876 -0.5323
vn 0.1384 -0.8446 -0.5172
vn -0.1625 -0.9681 -0.1907
vn 0.1056 -0.4949 -0.8625
vn -0.2352 -0.4194 -0.8768
vn -0.1536 -0.1527 -0.9763
vn 0.1813 -0.3251 -0.9281
vn -0.8436 -0.1512 -0.5152
vn -0.9692 -0.2425 -0.0432
vn -0.9859 -0.1578 -0.0564
vn -0.8212 -0.0670 -0.5666
vn 0.3490 -0.3862 -0.8539
vn 0.4327 -0.1630 -0.8867
vn 0.7493 -0.1545 -0.6440
vn 0.6028 -0.3447 -0.7196
vn 0.1424 -0.2910 -0.9461
vn -0.1630 -0.1095 -0.9805
vn -0.1611 -0.0110 -0.9869
vn 0.1507 -0.0871 -0.9847
vn 0.9991 -0.0019 -0.0415
vn 0.9668 -0.0280 -0.2540
vn 0.9836 0.0387 -0.1760
vn 0.9976 0.0654 -0.0229
vn 0.9229 -0.3675 -0.1147
vn 0.8551 -0.3133 -0.4131
vn 0.9378 -0.0820 -0.3373
vn 0.9971 -0.0426 -0.0626
vn 0.7615 0.4074 -0.5042
vn 0.9165 0.3952 -0.0620
vn 0.9738 0.2264 -0.0228
vn 0.9486 0.2264 -0.2213
vn -0.1572 -0.9661 -0.2048
vn 0.0422 -0.8413 -0.5389
vn 0.3243 -0.7793 -0.5362
vn 0.2361 -0.9487 -0.2101
vn 0.9134 -0.1725 -0.3687
vn 0.9157 -0.1773 0.3607
vn 0.9129 -0.1914 0.3604
vn 0.9102 -0.1887 -0.3687
vn 0.3369 -0.1676 0.9265
vn -0.3216 -0.1644 0.9325
vn -0.3208 -0.2096 0.9237
vn 0.3322 -0.1999 0.9218
vn -0.3391 -0.1435 -0.9298
vn 0.3181 -0.1513 -0.9359
vn 0.3160 -0.1888 -0.9298
vn -0.3343 -0.1931 -0.9225
vn -0.9170 -0.1642 0.3634
vn -0.9178 -0.1546 -0.3658
vn -0.9085 -0.2051 -0.3640
vn -0.9086 -0.2132 0.3591
vn -0.9959 0.0634 0.0646
vn -0.8520 0.1139 0.5110
vn -0.8393 0.0730 0.5387
vn -0.9946 0.0747 0.0716
vn -0.2497 0.1020 0.9629
vn 0.2489 -0.0617 0.9666
vn 0.2221 -0.0930 0.9706
vn -0.2491 0.0081 0.9685
vn 0.8084 -0.3424 0.4788
vn 0.9121 -0.4067 0.0527
vn 0.9583 -0.2803 0.0557
vn 0.8211 -0.2485 0.5138
vn -0.8186 -0.5225 -0.2384
vn -0.8988 -0.2664 -0.3483
vn -0.9016 -0.2204 0.3722
vn -0.8666 -0.3514 0.3542
vn -0.8398 -0.0347 0.5419
vn -0.8466 -0.0989 0.5229
vn -0.9962 -0.0550 0.0671
vn -0.9974 -0.0019 0.0718
vn 0.8745 -0.2784 0.3972
vn 0.7617 -0.6328 -0.1394
vn 0.8880 -0.4589 0.0306
vn 0.8244 -0.3553 0.4405
vn -0.2592 -0.0062 0.9658
vn 0.3476 -0.0545 0.9361
vn 0.2957 -0.0668 0.9529
vn -0.2534 0.0846 0.9636
vn -0.8181 -0.5669 -0.0964
vn -0.8868 -0.2283 0.4018
vn -0.8827 -0.0239 0.4694
vn -0.9876 -0.1521 0.0397
vn 0.2156 -0.1303 0.9678
vn 0.2253 -0.1274 0.9659
vn -0.2580 -0.1484 0.9547
vn -0.2511 -0.0987 0.9629
vn 0.9908 -0.1215 0.0595
vn 0.9978 0.0229 0.0617
vn 0.8534 -0.0284 0.5205
vn 0.8376 -0.1392 0.5282
vn 0.9421 0.3299 0.0610
vn 0.9790 0.1957 0.0568
vn 0.8915 0.0863 0.4447
vn 0.8590 0.2459 0.4490
vn 0.2449 -0.0716 0.9669
vn 0.2650 -0.0006 0.9643
vn -0.2799 -0.1715 0.9446
vn -0.2674 -0.1753 0.9475
vn 0.9664 0.2488 0.0641
vn 0.9040 0.4228 0.0633
vn 0.8250 0.3339 0.4560
vn 0.8520 0.1683 0.4957
vn -0.8552 -0.1597 0.4931
vn -0.8645 -0.1917 0.4646
vn -0.9872 -0.1502 0.0534
vn -0.9920 -0.1114 0.0599
vn 0.9766 0.2083 0.0529
vn 0.9643 0.2606 0.0477
vn 0.9094 0.1314 0.3946
vn 0.9034 0.0598 0.4245
vn -0.8820 -0.1339 0.4519
vn -0.8910 -0.1124 0.4398
vn -0.9965 -0.0660 0.0511
vn -0.9923 -0.1124 0.0513
vn 0.2756 -0.0211 0.9611
vn 0.2691 -0.1651 0.9489
vn -0.3161 -0.1937 0.9287
vn -0.2968 -0.1232 0.9469
vn -0.8976 -0.1438 0.4166
vn -0.9134 -0.0950 0.3959
vn -0.9980 0.0417 0.0480
vn -0.9984 -0.0276 0.0500
vn 0.2613 -0.2991 0.9178
vn 0.2910 -0.2465 0.9244
vn -0.3535 -0.3268 0.8765
vn -0.3343 -0.3437 0.8775
vn 0.9178 0.3946 0.0438
vn 0.8898 -0.4483 0.0852
vn 0.7290 -0.4490 0.5167
vn 0.7606 0.5202 0.3885
vn 0.3393 0.1276 0.9320
vn 0.2354 0.8091 0.5384
vn -0.1961 0.7886 0.5827
vn -0.3692 0.0212 0.9291
vn 0.9300 0.3651 0.0427
vn 0.7747 0.6313 0.0357
vn 0.6615 0.7049 0.2561
vn 0.8782 0.3205 0.3550
vn -0.9175 0.1202 0.3791
vn -0.7255 0.6171 0.3046
vn -0.8581 0.5119 0.0413
vn -0.9818 0.1843 0.0456
vn -0.3125 -0.0198 0.9497
vn -0.3242 0.0160 0.9459
vn 0.3086 -0.0024 0.9512
vn 0.3197 0.0025 0.9475
vn -0.2696 -0.1480 0.9515
vn -0.2918 -0.1183 0.9491
vn 0.3488 0.0166 0.9371
vn 0.3694 0.0015 0.9293
vn 0.1642 -0.5975 -0.7849
vn 0.2994 -0.1972 -0.9335
vn -0.3123 -0.2749 -0.9093
vn -0.1835 -0.6678 -0.7214
vn 0.9262 0.0081 0.3770
vn 0.9218 0.0779 0.3798
vn 0.9230 -0.0212 -0.3843
vn 0.9196 -0.2176 -0.3271
vn 0.3323 -0.0346 -0.9425
vn 0.3380 -0.0786 -0.9378
vn -0.3189 -0.0583 -0.9460
vn -0.3116 -0.0074 -0.9502
vn 0.3176 -0.0601 -0.9463
vn 0.3247 -0.0305 -0.9453
vn -0.3080 -0.0062 -0.9514
vn -0.3138 -0.0610 -0.9475
vn 0.9207 -0.0031 0.3903
vn 0.9199 -0.0396 0.3903
vn 0.9209 -0.0525 -0.3862
vn 0.9202 -0.0349 -0.3899
vn -0.9211 -0.0483 -0.3862
vn -0.9208 0.0138 -0.3898
vn -0.9220 0.0211 0.3866
vn -0.9210 -0.0375 0.3877
vn -0.9180 -0.1441 -0.3696
vn -0.9221 -0.0217 -0.3864
vn -0.9223 -0.0145 0.3862
vn -0.9176 -0.1371 0.3731
vn 0.9214 -0.0598 0.3839
vn 0.9212 -0.1018 0.3756
vn 0.9229 -0.1094 -0.3693
vn 0.9229 -0.0692 -0.3787
vn -0.9234 0.0081 -0.3837
vn -0.9259 -0.0502 -0.3745
vn -0.9271 -0.0400 0.3727
vn -0.9248 0.0171 0.3800
vn -0.3326 0.0156 0.9429
vn -0.3393 -0.0342 0.9401
vn 0.3174 -0.0568 0.9466
vn 0.3114 -0.0108 0.9502
vn 0.0067 0.1679 -0.9858
vn -0.0717 -0.4588 -0.8856
vn -0.2671 -0.3539 -0.8963
vn -0.3200 0.0293 -0.9470
vn -0.3307 -0.1326 0.9344
vn -0.3232 -0.0382 0.9456
vn 0.1800 0.0511 0.9823
vn 0.3058 -0.1158 0.9450
vn 0.3171 -0.1251 -0.9401
vn 0.1859 0.0384 -0.9818
vn -0.3185 -0.0536 -0.9464
vn -0.3216 -0.1467 -0.9354
vn 0.9210 -0.0794 0.3815
vn 0.8486 0.3425 0.4033
vn 0.8458 0.3360 -0.4144
vn 0.9225 -0.0818 -0.3771
vn -0.1392 -0.9589 0.2473
vn -0.1384 -0.9666 -0.2158
vn 0.0038 -0.9790 -0.2036
vn 0.0028 -0.9716 0.2366
vn -0.0145 -0.9860 -0.1663
vn 0.0761 -0.9885 -0.1310
vn 0.0746 -0.9827 0.1696
vn -0.0158 -0.9792 0.2023
vn -0.9082 0.1073 -0.4046
vn -0.8809 -0.2879 -0.3756
vn -0.8805 -0.2768 0.3849
vn -0.9089 0.1163 0.4004
vn -0.3226 0.0503 0.9452
vn -0.2691 -0.3269 0.9059
vn -0.0770 -0.4296 0.8997
vn 0.0012 0.1908 0.9816
vn 0.6333 0.7402 0.2260
vn 0.7340 -0.5992 0.3198
vn 0.7364 -0.6090 -0.2945
vn 0.6344 0.7296 -0.2555
vn -0.0934 -0.5268 0.8449
vn 0.1228 -0.5550 0.8227
vn 0.1850 0.6518 0.7355
vn 0.0030 0.4664 0.8846
vn 0.2923 0.9214 0.2559
vn 0.2098 0.9676 0.1401
vn 0.2117 0.9607 -0.1794
vn 0.2935 0.9104 -0.2915
vn 0.0123 0.4409 -0.8974
vn 0.1943 0.6244 -0.7565
vn 0.1331 -0.5840 -0.8007
vn -0.0852 -0.5566 -0.8264
vn -0.6610 0.7497 0.0333
vn -0.5760 0.8169 0.0305
vn -0.3627 0.9148 0.1777
vn -0.3660 0.9055 0.2146
vn 0.0096 0.9694 0.2452
vn -0.0286 0.9724 0.2314
vn 0.1264 0.9724 0.1961
vn 0.1522 0.9689 0.1953
vn 0.3331 0.9358 0.1154
vn 0.3254 0.9383 0.1169
vn 0.4332 0.9011 0.0196
vn 0.4400 0.8979 0.0130
vn -0.8443 0.1991 0.4976
vn -0.7918 -0.4140 0.4492
vn -0.9377 -0.3417 0.0636
vn -0.9982 -0.0112 0.0596
vn 0.2819 0.6323 0.7216
vn 0.1533 -0.4535 0.8780
vn -0.2742 -0.4615 0.8437
vn -0.1466 0.5552 0.8187
vn 0.1870 0.1273 0.9741
vn 0.2383 0.2891 0.9272
vn -0.0693 0.2674 0.9611
vn -0.1201 0.1390 0.9830
vn 0.1098 -0.5381 0.8357
vn 0.0989 -0.5271 0.8440
vn -0.2567 -0.4684 0.8454
vn -0.2707 -0.4910 0.8280
vn 0.5415 -0.8314 0.1244
vn 0.3810 -0.9088 0.1698
vn 0.3945 -0.7583 0.5190
vn 0.5012 -0.7132 0.4900
vn -0.8006 -0.4042 0.4422
vn -0.8132 -0.3767 0.4437
vn -0.9622 -0.2698 0.0383
vn -0.9511 -0.3042 0.0531
vn 0.8115 0.5748 0.1052
vn 0.4260 0.8939 0.1397
vn 0.3903 0.8369 0.3837
vn 0.6582 0.4684 0.5894
vn 0.4952 0.0375 0.8680
vn 0.8221 -0.0461 0.5675
vn 0.8633 0.0636 0.5006
vn 0.5687 0.2074 0.7960
vn -0.7826 0.0872 0.6164
vn -0.7155 0.3074 0.6274
vn -0.9565 0.2816 0.0760
vn -0.9974 0.0195 0.0698
vn 0.1053 0.9588 0.2640
vn 0.1208 0.9779 0.1705
vn -0.0457 0.9854 0.1641
vn -0.0170 0.9679 0.2506
vn -0.5555 0.6398 0.5311
vn -0.2621 0.9132 0.3120
vn -0.3351 0.9346 0.1194
vn -0.7605 0.6438 0.0846
vn 0.2527 0.3044 0.9184
vn 0.1673 0.7249 0.6682
vn -0.0179 0.7856 0.6185
vn -0.0488 0.4311 0.9010
vn -0.8231 -0.3470 0.4495
vn -0.8539 -0.1978 0.4813
vn -0.9646 -0.2617 0.0334
vn -0.9646 -0.2620 0.0310
vn 0.2417 -0.9497 0.1991
vn -0.1625 -0.9681 0.1907
vn 0.1384 -0.8446 0.5172
vn 0.3104 -0.7876 0.5323
vn 0.1056 -0.4949 0.8625
vn 0.1813 -0.3251 0.9281
vn -0.1536 -0.1527 0.9763
vn -0.2352 -0.4194 0.8768
vn -0.8436 -0.1512 0.5152
vn -0.8212 -0.0670 0.5666
vn -0.9859 -0.1578 0.0564
vn -0.9692 -0.2425 0.0432
vn 0.3490 -0.3862 0.8539
vn 0.6028 -0.3447 0.7196
vn 0.7493 -0.1545 0.6440
vn 0.4327 -0.1630 0.8867
vn 0.1424 -0.2910 0.9461
vn 0.1507 -0.0871 0.9847
vn -0.1611 -0.0110 0.9869
vn -0.1630 -0.1095 0.9805
vn 0.9991 -0.0019 0.0415
vn 0.9976 0.0654 0.0229
vn 0.9836 0.0387 0.1760
vn 0.9668 -0.0280 0.2540
vn 0.9229 -0.3675 0.1147
vn 0.9971 -0.0426 0.0626
vn 0.9378 -0.0820 0.3373
vn 0.8551 -0.3133 0.4131
vn 0.7615 0.4074 0.5042
vn 0.9486 0.2264 0.2213
vn 0.9738 0.2264 0.0228
vn 0.9165 0.3952 0.0620
vn -0.1572 -0.9661 0.2048
vn 0.2361 -0.9487 0.2101
vn 0.3243 -0.7793 0.5362
vn 0.0422 -0.8413 0.5389
vn 0.9134 -0.1725 0.3687
vn 0.9102 -0.1887 0.3687
vn 0.9129 -0.1914 -0.3604
vn 0.9157 -0.1773 -0.3607
vn 0.3369 -0.1676 -0.9265
vn 0.3322 -0.1999 -0.9218
vn -0.3208 -0.2096 -0.9237
vn -0.3216 -0.1644 -0.9325
vn -0.3391 -0.1435 0.9298
vn -0.3343 -0.1931 0.9225
vn 0.3160 -0.1888 0.9298
vn 0.3181 -0.1513 0.9359
vn -0.9170 -0.1642 -0.3634
vn -0.9086 -0.2132 -0.3591
vn -0.9085 -0.2051 0.3640
vn -0.9178 -0.1546 0.3658
vt 0.500000 0.125000
vt 0.562500 0.125000
vt 0.560330 0.190104
vt 0.500000 0.190104
vt 0.625000 0.125000
vt 0.605903 0.190104
vt 0.604167 0.270833
vt 0.559896 0.270833
vt 0.500000 0.270833
vt 0.500000 0.625000
vt 0.562500 0.625000
vt 0.531250 0.437500
vt 0.437500 0.500000
vt 0.625000 0.625000
vt 0.625000 0.375000
vt 0.500000 0.250000
vt 0.375000 0.375000
vt 0.500000 0.270833
vt 0.559896 0.270833
vt 0.559896 0.375000
vt 0.500000 0.375000
vt 0.604167 0.270833
vt 0.604167 0.375000
vt 0.604167 0.479167
vt 0.559896 0.479167
vt 0.500000 0.479167
vt 0.500000 0.479167
vt 0.559896 0.479167
vt 0.560330 0.559896
vt 0.500000 0.559896
vt 0.604167 0.479167
vt 0.605903 0.559896
vt 0.375000 0.125000
vt 0.394097 0.190104
vt 0.377170 0.190104
vt 0.375000 0.125000
vt 0.395833 0.270833
vt 0.377604 0.270833
vt 0.375000 0.270833
vt 0.375000 0.190104
vt 0.605903 0.190104
vt 0.622830 0.190104
vt 0.622396 0.270833
vt 0.625000 0.125000
vt 0.625000 0.190104
vt 0.625000 0.270833
vt 0.395833 0.479167
vt 0.440104 0.479167
vt 0.439670 0.559896
vt 0.393229 0.559462
vt 0.437500 0.625000
vt 0.375000 0.625000
vt 0.395833 0.270833
vt 0.440104 0.270833
vt 0.440104 0.375000
vt 0.395833 0.375000
vt 0.440104 0.479167
vt 0.395833 0.479167
vt 0.343750 0.562500
vt 0.250000 0.625000
vt 0.250000 0.500000
vt 0.125000 0.625000
vt 0.437500 0.125000
vt 0.439670 0.190104
vt 0.394097 0.190104
vt 0.440104 0.270833
vt 0.625000 0.625000
vt 0.604167 0.375000
vt 0.622396 0.375000
vt 0.622396 0.479167
vt 0.622396 0.270833
vt 0.625000 0.479167
vt 0.625000 0.375000
vt 0.605903 0.559896
vt 0.622830 0.559896
vt 0.622396 0.479167
vt 0.625000 0.559896
vt 0.625000 0.375000
vt 0.625000 0.479167
vt 0.625000 0.270833
vt 0.680105 0.599511
vt 0.674981 0.563865
vt 0.682109 0.563976
vt 0.680105 0.599511
vt 0.697281 0.534994
vt 0.702638 0.537472
vt 0.703404 0.537826
vt 0.683018 0.564042
vt 0.680105 0.599511
vt 0.625000 0.375000
vt 0.625191 0.480903
vt 0.625000 0.269097
vt 0.625000 0.250000
vt 0.625000 0.500000
vt 0.625765 0.560330
vt 0.633330 0.562412
vt 0.625000 0.189670
vt 0.625000 0.187500
vt 0.375000 0.375000
vt 0.375000 0.375000
vt 0.375000 0.270833
vt 0.375000 0.479167
vt 0.375000 0.479167
vt 0.395833 0.375000
vt 0.377604 0.375000
vt 0.377604 0.270833
vt 0.377604 0.479167
vt 0.245660 0.622830
vt 0.337240 0.605903
vt 0.125000 0.625000
vt 0.244792 0.622396
vt 0.333333 0.604167
vt 0.393229 0.559462
vt 0.372830 0.557726
vt 0.377604 0.479167
vt 0.369792 0.557292
vt 0.369792 0.557292
vt 0.333333 0.604167
vt 0.333333 0.604167
vt 0.375000 0.125000
vt 0.375000 0.187500
vt 0.375000 0.189236
vt 0.375000 0.250000
vt 0.375000 0.267361
vt 0.375000 0.250000
vt 0.375000 0.187500
vt 0.249132 0.625000
vt 0.245660 0.622830
vt 0.336806 0.621962
vt 0.244792 0.605903
vt 0.375000 0.375000
vt 0.375000 0.375000
vt 0.375000 0.500000
vt 0.375000 0.482639
vt 0.375000 0.500000
vt 0.375000 0.375000
vt 0.249132 0.624566
vt 0.250000 0.625000
vt 0.375000 0.625000
vt 0.375000 0.562500
vt 0.375000 0.560764
vt 0.375000 0.625000
vt 0.125000 0.500000
vt 0.250000 0.500000
vt 0.245660 0.560330
vt 0.125000 0.562500
vt 0.336806 0.560330
vt 0.333333 0.604167
vt 0.244792 0.605903
vt 0.336806 0.560330
vt 0.370660 0.562066
vt 0.369792 0.602382
vt 0.374132 0.520014
vt 0.375000 0.531250
vt 0.375000 0.562500
vt 0.375000 0.593750
vt 0.375000 0.373264
vt 0.375000 0.466146
vt 0.375000 0.562500
vt 0.375000 0.524402
vt 0.375000 0.593750
vt 0.375000 0.600598
vt 0.375000 0.466146
vt 0.375000 0.503279
vt 0.375000 0.520014
vt 0.375000 0.524402
vt 0.374132 0.604119
vt 0.336806 0.621962
vt 0.370660 0.617815
vt 0.375000 0.600598
vt 0.819895 0.599511
vt 0.825019 0.563865
vt 0.845164 0.564073
vt 0.847447 0.612256
vt 0.802719 0.534994
vt 0.819203 0.527240
vt 0.875000 0.500000
vt 0.875000 0.562500
vt 0.875000 0.625000
vt 0.750000 0.524679
vt 0.750000 0.515536
vt 0.697281 0.534994
vt 0.680989 0.527240
vt 0.750000 0.500000
vt 0.674981 0.563865
vt 0.655601 0.564073
vt 0.652553 0.612256
vt 0.633330 0.562412
vt 0.750000 0.603051
vt 0.750000 0.612610
vt 0.750000 0.625000
vt 0.819895 0.599511
vt 0.750000 0.599511
vt 0.750000 0.599511
vt 0.819895 0.599511
vt 0.819895 0.599511
vt 0.825019 0.563865
vt 0.817891 0.563976
vt 0.797362 0.537472
vt 0.816983 0.564042
vt 0.796597 0.537826
vt 0.750000 0.603051
vt 0.750000 0.599865
vt 0.697281 0.534994
vt 0.750000 0.528086
vt 0.702638 0.537472
vt 0.802719 0.534994
vt 0.797362 0.537472
vt 0.796597 0.537826
vt 0.750000 0.528573
vt 0.703404 0.537826
vt 0.680105 0.525489
vt 0.750000 0.525489
vt 0.819895 0.525489
vt 0.819895 0.525489
vt 0.819895 0.525489
vt 0.750000 0.525489
vt 0.680105 0.525489
vt 0.750000 0.528573
vt 0.750000 0.528573
vt 0.703404 0.537826
vt 0.683018 0.564042
vt 0.816983 0.564042
vt 0.816982 0.564042
vt 0.680591 0.563014
vt 0.684851 0.563985
vt 0.680105 0.525489
vt 0.703458 0.537854
vt 0.715053 0.543994
vt 0.703458 0.564842
vt 0.680105 0.525489
vt 0.680105 0.526517
vt 0.680591 0.525746
vt 0.680105 0.535770
vt 0.819895 0.562500
vt 0.819895 0.562500
vt 0.819409 0.562757
vt 0.819895 0.525489
vt 0.752912 0.599511
vt 0.752427 0.599511
vt 0.703404 0.599511
vt 0.701462 0.599511
vt 0.750485 0.599511
vt 0.750000 0.539939
vt 0.750000 0.564442
vt 0.703458 0.564842
vt 0.784947 0.543994
vt 0.796543 0.564842
vt 0.750000 0.599511
vt 0.815149 0.563985
vt 0.796543 0.537854
vt 0.750000 0.529487
vt 0.750000 0.599511
vt 0.817468 0.563785
vt 0.798538 0.536798
vt 0.819895 0.562500
vt 0.682843 0.563950
vt 0.702705 0.537456
vt 0.696880 0.534372
vt 0.681833 0.563672
vt 0.750311 0.528224
vt 0.751728 0.526661
vt 0.752427 0.599511
vt 0.701462 0.599511
vt 0.700763 0.526404
vt 0.682357 0.528166
vt 0.681833 0.538513
vt 0.680105 0.537855
vt 0.680105 0.543995
vt 0.752252 0.525653
vt 0.700763 0.526404
vt 0.680105 0.562500
vt 0.680105 0.599511
vt 0.680105 0.564842
vt 0.680105 0.563985
vt 0.680105 0.537855
vt 0.680105 0.599511
vt 0.680591 0.563014
vt 0.680105 0.563528
vt 0.680105 0.562500
vt 0.680416 0.564150
vt 0.703404 0.599511
vt 0.701462 0.599511
vt 0.682532 0.599511
vt 0.683018 0.599511
vt 0.682532 0.599511
vt 0.370660 0.558160
vt 0.375000 0.480903
vt 0.336806 0.605903
vt 0.375000 0.375000
vt 0.375000 0.375000
vt 0.375000 0.269097
vt 0.375000 0.189670
vt 0.500000 0.190104
vt 0.562500 0.189670
vt 0.562500 0.269097
vt 0.625000 0.187500
vt 0.500000 0.375000
vt 0.562500 0.375000
vt 0.562500 0.480903
vt 0.500000 0.559896
vt 0.562500 0.560330
vt 0.625000 0.562500
vt 0.375000 0.189670
vt 0.375000 0.190104
vt 0.375000 0.269097
vt 0.437500 0.560330
vt 0.437500 0.480903
vt 0.437500 0.375000
vt 0.437500 0.269097
vt 0.437500 0.189670
vt 0.625000 0.480903
vt 0.625000 0.479167
vt 0.625000 0.560330
vt 0.625000 0.562500
vt 0.625000 0.479167
vt 0.625000 0.479167
vt 0.625000 0.375000
vt 0.625000 0.375000
vt 0.625000 0.270833
vt 0.625000 0.270833
vt 0.682532 0.563785
vt 0.703404 0.537826
vt 0.701462 0.536798
vt 0.625000 0.269097
vt 0.375000 0.270833
vt 0.375000 0.270833
vt 0.375000 0.375000
vt 0.375000 0.480903
vt 0.336806 0.605903
vt 0.245660 0.622830
vt 0.244792 0.622396
vt 0.369792 0.557292
vt 0.249132 0.624566
vt 0.369792 0.557292
vt 0.369792 0.557292
vt 0.333333 0.604167
vt 0.375000 0.480903
vt 0.370660 0.558160
vt 0.345000 0.610000
vt 0.338056 0.623021
vt 0.245972 0.624722
vt 0.246042 0.623455
vt 0.250000 0.625000
vt 0.375000 0.375156
vt 0.375000 0.375191
vt 0.375000 0.485000
vt 0.375000 0.481528
vt 0.338056 0.606528
vt 0.245972 0.622986
vt 0.370972 0.558472
vt 0.371910 0.559410
vt 0.250000 0.562500
vt 0.375000 0.500000
vt 0.374132 0.604118
vt 0.375000 0.520014
vt 0.375000 0.373420
vt 0.375000 0.465035
vt 0.375000 0.531250
vt 0.375000 0.593750
vt 0.375000 0.503002
vt 0.375000 0.465035
vt 0.375000 0.518902
vt 0.374444 0.561944
vt 0.371910 0.603007
vt 0.370972 0.617971
vt 0.338056 0.623021
vt 0.844741 0.563882
vt 0.819895 0.562500
vt 0.820379 0.526565
vt 0.750000 0.515509
vt 0.679621 0.526565
vt 0.655260 0.563882
vt 0.798538 0.536798
vt 0.796597 0.537826
vt 0.816983 0.564042
vt 0.750000 0.528059
vt 0.703404 0.525489
vt 0.702705 0.526404
vt 0.752738 0.525653
vt 0.752427 0.525746
vt 0.696880 0.534372
vt 0.751728 0.526661
vt 0.819895 0.525489
vt 0.701462 0.536798
vt 0.798538 0.536798
vt 0.682532 0.563785
vt 0.819409 0.562757
vt 0.682357 0.563693
vt 0.681833 0.563672
vt 0.700763 0.536428
vt 0.703403 0.525489
vt 0.683018 0.527031
vt 0.682843 0.528423
vt 0.702705 0.526404
vt 0.680105 0.537826
vt 0.680105 0.538883
vt 0.680105 0.543994
vt 0.681833 0.538512
vt 0.750000 0.562500
vt 0.800480 0.535770
vt 0.817953 0.563528
vt 0.750311 0.527710
vt 0.682047 0.563528
vt 0.699521 0.535770
vt 0.751942 0.526517
vt 0.750000 0.525489
vt 0.800480 0.535770
vt 0.680591 0.537855
vt 0.682532 0.528259
vt 0.701462 0.525746
vt 0.701462 0.525746
vt 0.750485 0.526517
vt 0.680105 0.564242
vt 0.680105 0.564042
vt 0.680105 0.564842
vt 0.680105 0.537826
vt 0.680105 0.564242
vt 0.680105 0.538883
vt 0.680416 0.564150
vt 0.681833 0.563672
vt 0.680105 0.563985
vt 0.375000 0.267361
vt 0.375000 0.375000
vt 0.375000 0.189236
s 0
usemtl Material
f 1660/932/1577 1819/933/1577 2124/934/1577 1823/935/1577
f 1819/933/1578 1655/936/1578 1807/937/1578 2124/934/1578
f 2124/934/1579 1807/937/1579 1651/938/1579 1817/939/1579
f 1823/935/1580 2124/934/1580 1817/939/1580 1658/940/1580
f 1659/941/1581 1818/942/1581 2125/943/1581 1822/944/1581
f 1818/942/1581 1654/945/1581 1815/946/1581 2125/943/1581
f 2125/943/1581 1815/946/1581 1655/936/1581 1819/947/1581
f 1822/944/1581 2125/943/1581 1819/947/1581 1660/948/1581
f 1658/949/1582 1817/950/1582 2126/951/1582 1821/952/1582
f 1817/950/1583 1651/953/1583 1808/954/1583 2126/951/1583
f 2126/951/1584 1808/954/1584 1649/955/1584 1816/956/1584
f 1821/952/1585 2126/951/1585 1816/956/1585 1657/957/1585
f 1657/958/1586 1816/959/1586 2127/960/1586 1820/961/1586
f 1816/959/1587 1649/962/1587 1811/963/1587 2127/960/1587
f 2127/960/1588 1811/963/1588 1654/945/1588 1818/942/1588
f 1820/961/1589 2127/960/1589 1818/942/1589 1659/941/1589
f 1653/964/1590 1810/965/1590 2128/966/1590 1869/967/1590
f 1810/965/1591 1652/968/1591 1868/969/1591 2128/966/1591
f 2128/966/1592 1868/969/1592 1682/970/1592 1866/971/1592
f 1869/967/1593 2128/966/1593 1866/971/1593 1684/964/1593
f 1651/953/1594 1807/972/1594 2129/973/1594 1829/974/1594
f 1807/972/1595 1655/936/1595 1828/975/1595 2129/973/1595
f 2129/973/1596 1828/975/1596 1661/975/1596 1824/976/1596
f 1829/974/1597 2129/973/1597 1824/976/1597 1662/977/1597
f 1650/978/1598 1805/979/1598 2130/980/1598 1809/981/1598
f 1805/979/1599 1657/958/1599 1820/961/1599 2130/980/1599
f 2130/980/1600 1820/961/1600 1659/941/1600 1812/982/1600
f 1809/981/1601 2130/980/1601 1812/982/1601 1656/983/1601
f 1652/984/1602 1806/985/1602 2131/986/1602 1804/987/1602
f 1806/985/1603 1658/949/1603 1821/952/1603 2131/986/1603
f 2131/986/1604 1821/952/1604 1657/957/1604 1805/988/1604
f 1804/987/1605 2131/986/1605 1805/988/1605 1650/989/1605
f 1656/983/1581 1812/982/1581 2132/990/1581 1813/991/1581
f 1812/982/1581 1659/941/1581 1822/944/1581 2132/990/1581
f 2132/990/1581 1822/944/1581 1660/948/1581 1814/992/1581
f 1813/991/1581 2132/990/1581 1814/992/1581 1653/993/1581
f 1653/964/1606 1814/994/1606 2133/995/1606 1810/996/1606
f 1814/994/1607 1660/932/1607 1823/935/1607 2133/995/1607
f 2133/995/1608 1823/935/1608 1658/940/1608 1806/997/1608
f 1810/996/1609 2133/995/1609 1806/997/1609 1652/968/1609
f 1661/975/1581 1827/946/1581 2134/946/1581 1837/975/1581
f 1827/946/1581 1664/998/1581 1836/998/1581 2134/946/1581
f 2134/946/1581 1836/998/1581 1668/998/1581 1835/946/1581
f 1837/975/1581 2134/946/1581 1835/946/1581 1665/975/1581
f 1649/955/1610 1808/999/1610 2135/1000/1610 1830/1001/1610
f 1808/999/1611 1651/953/1611 1829/1002/1611 2135/1000/1611
f 2135/1000/1612 1829/1002/1612 1662/977/1612 1825/946/1612
f 1830/1001/1613 2135/1000/1613 1825/946/1613 1663/1003/1613
f 1655/975/1581 1815/1004/1581 2136/946/1581 1828/975/1581
f 1815/1004/1581 1654/998/1581 1831/998/1581 2136/946/1581
f 2136/946/1581 1831/998/1581 1664/998/1581 1827/946/1581
f 1828/975/1581 2136/946/1581 1827/946/1581 1661/975/1581
f 1654/945/1614 1811/1005/1614 2137/1006/1614 1831/998/1614
f 1811/1005/1615 1649/955/1615 1830/1007/1615 2137/1006/1615
f 2137/1006/1616 1830/1007/1616 1663/1003/1616 1826/1008/1616
f 1831/998/1617 2137/1006/1617 1826/1008/1617 1664/998/1617
f 1668/998/1618 1834/1008/1618 2138/1008/1618 1845/998/1618
f 1834/1008/1619 1667/1003/1619 1844/1003/1619 2138/1008/1619
f 2138/1008/1620 1844/1003/1620 1671/1003/1620 1842/1008/1620
f 1845/998/1621 2138/1008/1621 1842/1008/1621 1672/998/1621
f 1663/1003/1622 1825/946/1622 2139/1009/1622 1839/1010/1622
f 1825/946/1623 1662/977/1623 1838/1011/1623 2139/1009/1623
f 2139/1009/1624 1838/1011/1624 1666/977/1624 1833/946/1624
f 1839/1010/1625 2139/1009/1625 1833/946/1625 1667/1003/1625
f 1664/998/1626 1826/1008/1626 2140/1008/1626 1836/998/1626
f 1826/1008/1627 1663/1003/1627 1839/1003/1627 2140/1008/1627
f 2140/1008/1628 1839/1003/1628 1667/1003/1628 1834/1008/1628
f 1836/998/1629 2140/1008/1629 1834/1008/1629 1668/998/1629
f 1662/977/1630 1824/976/1630 2141/976/1630 1838/977/1630
f 1824/976/1631 1661/975/1631 1837/975/1631 2141/976/1631
f 2141/976/1632 1837/975/1632 1665/975/1632 1832/976/1632
f 1838/977/1633 2141/976/1633 1832/976/1633 1666/977/1633
f 1672/998/1634 1842/1008/1634 2142/1008/1634 1853/998/1634
f 1842/1008/1635 1671/1003/1635 1852/1003/1635 2142/1008/1635
f 2142/1008/1636 1852/1003/1636 1675/1003/1636 1850/1008/1636
f 1853/998/1637 2142/1008/1637 1850/1008/1637 1676/998/1637
f 1666/977/1638 1832/976/1638 2143/976/1638 1847/977/1638
f 1832/976/1639 1665/975/1639 1846/975/1639 2143/976/1639
f 2143/976/1640 1846/975/1640 1669/975/1640 1840/976/1640
f 1847/977/1641 2143/976/1641 1840/976/1641 1670/977/1641
f 1665/975/1581 1835/946/1581 2144/946/1581 1846/975/1581
f 1835/946/1581 1668/998/1581 1845/998/1581 2144/946/1581
f 2144/946/1581 1845/998/1581 1672/998/1581 1843/946/1581
f 1846/975/1581 2144/946/1581 1843/946/1581 1669/975/1581
f 1667/1003/1642 1833/946/1642 2145/1009/1642 1844/1010/1642
f 1833/946/1643 1666/977/1643 1847/1011/1643 2145/1009/1643
f 2145/1009/1644 1847/1011/1644 1670/977/1644 1841/946/1644
f 1844/1010/1645 2145/1009/1645 1841/946/1645 1671/1003/1645
f 1673/975/1581 1851/946/1581 2146/946/1581 1861/975/1581
f 1851/946/1581 1676/998/1581 1860/998/1581 2146/946/1581
f 2146/946/1581 1860/998/1581 1708/998/1581 1859/1004/1581
f 1861/975/1581 2146/946/1581 1859/1004/1581 1705/975/1581
f 1670/977/1646 1840/976/1646 2147/976/1646 1855/977/1646
f 1840/976/1647 1669/975/1647 1854/975/1647 2147/976/1647
f 2147/976/1648 1854/975/1648 1673/975/1648 1848/976/1648
f 1855/977/1649 2147/976/1649 1848/976/1649 1674/977/1649
f 1669/975/1581 1843/946/1581 2148/946/1581 1854/975/1581
f 1843/946/1581 1672/998/1581 1853/998/1581 2148/946/1581
f 2148/946/1581 1853/998/1581 1676/998/1581 1851/946/1581
f 1854/975/1581 2148/946/1581 1851/946/1581 1673/975/1581
f 1671/1003/1650 1841/946/1650 2149/1009/1650 1852/1010/1650
f 1841/946/1651 1670/977/1651 1855/1011/1651 2149/1009/1651
f 2149/1009/1652 1855/1011/1652 1674/977/1652 1849/946/1652
f 1852/1010/1653 2149/1009/1653 1849/946/1653 1675/1003/1653
f 1680/1012/1654 1914/1013/1654 2150/1014/1654 1925/1015/1654
f 1914/1013/1655 1679/1016/1655 1924/1017/1655 2150/1014/1655
f 2150/1014/1656 1924/1017/1656 1711/1018/1656 1922/1019/1656
f 1925/1015/1657 2150/1014/1657 1922/1019/1657 1712/1020/1657
f 1675/1003/1658 1849/1021/1658 2151/946/1658 1863/1022/1658
f 1849/1021/1659 1674/977/1659 1862/1023/1659 2151/946/1659
f 2151/946/1660 1862/1023/1660 1706/1024/1660 1857/1004/1660
f 1863/1022/1661 2151/946/1661 1857/1004/1661 1707/1025/1661
f 1676/998/1662 1850/1008/1662 2152/1026/1662 1860/998/1662
f 1850/1008/1663 1675/1003/1663 1863/1022/1663 2152/1026/1663
f 2152/1026/1664 1863/1022/1664 1707/1025/1664 1858/1027/1664
f 1860/998/1665 2152/1026/1665 1858/1027/1665 1708/945/1665
f 1674/977/1666 1848/976/1666 2153/1028/1666 1862/1023/1666
f 1848/976/1667 1673/975/1667 1861/975/1667 2153/1028/1667
f 2153/1028/1668 1861/975/1668 1705/975/1668 1856/1029/1668
f 1862/1023/1669 2153/1028/1669 1856/1029/1669 1706/1024/1669
f 1682/970/1670 1864/1030/1670 2154/1031/1670 1877/1032/1670
f 1864/1030/1671 1681/1033/1671 1876/1034/1671 2154/1031/1671
f 2154/1031/1672 1876/1034/1672 1685/1033/1672 1872/1030/1672
f 1877/1032/1673 2154/1031/1673 1872/1030/1673 1686/970/1673
f 1652/968/1674 1804/1035/1674 2155/1036/1674 1868/1037/1674
f 1804/1035/1675 1650/978/1675 1870/1038/1675 2155/1036/1675
f 2155/1036/1676 1870/1038/1676 1681/1033/1676 1864/1030/1676
f 1868/1037/1677 2155/1036/1677 1864/1030/1677 1682/970/1677
f 1656/983/1678 1813/991/1678 2156/1039/1678 1871/1040/1678
f 1813/991/1679 1653/993/1679 1869/1041/1679 2156/1039/1679
f 2156/1039/1680 1869/1041/1680 1684/993/1680 1867/1042/1680
f 1871/1040/1681 2156/1039/1681 1867/1042/1681 1683/1043/1681
f 1650/978/1682 1809/1044/1682 2157/1045/1682 1870/1046/1682
f 1809/1044/1683 1656/983/1683 1871/1040/1683 2157/1045/1683
f 2157/1045/1684 1871/1040/1684 1683/1043/1684 1865/1047/1684
f 1870/1046/1685 2157/1045/1685 1865/1047/1685 1681/1033/1685
f 1687/1043/1686 1875/1042/1686 2158/1042/1686 1885/1043/1686
f 1875/1042/1687 1688/993/1687 1884/1041/1687 2158/1042/1687
f 2158/1042/1688 1884/1041/1688 1692/993/1688 1883/1042/1688
f 1885/1043/1689 2158/1042/1689 1883/1042/1689 1691/1043/1689
f 1683/1043/1690 1867/1042/1690 2159/1042/1690 1879/1043/1690
f 1867/1042/1691 1684/993/1691 1878/1041/1691 2159/1042/1691
f 2159/1042/1692 1878/1041/1692 1688/993/1692 1875/1042/1692
f 1879/1043/1693 2159/1042/1693 1875/1042/1693 1687/1043/1693
f 1681/1033/1694 1865/1047/1694 2160/1048/1694 1876/1034/1694
f 1865/1047/1695 1683/1049/1695 1879/1050/1695 2160/1048/1695
f 2160/1048/1696 1879/1050/1696 1687/1049/1696 1873/1047/1696
f 1876/1034/1697 2160/1048/1697 1873/1047/1697 1685/1033/1697
f 1684/964/1698 1866/971/1698 2161/971/1698 1878/967/1698
f 1866/971/1699 1682/970/1699 1877/970/1699 2161/971/1699
f 2161/971/1700 1877/970/1700 1686/970/1700 1874/971/1700
f 1878/967/1701 2161/971/1701 1874/971/1701 1688/964/1701
f 1740/1051/1702 1987/1052/1702 2162/1053/1702 1981/967/1702
f 1987/1052/1703 1739/1054/1703 1892/1055/1703 2162/1053/1703
f 2162/1053/1704 1892/1055/1704 1694/1056/1704 1890/1057/1704
f 1981/967/1705 2162/1053/1705 1890/1057/1705 1696/1051/1705
f 1685/1033/1706 1873/1047/1706 2163/1048/1706 1886/1034/1706
f 1873/1047/1707 1687/1049/1707 1885/1050/1707 2163/1048/1707
f 2163/1048/1708 1885/1050/1708 1691/1049/1708 1881/1047/1708
f 1886/1034/1709 2163/1048/1709 1881/1047/1709 1689/1033/1709
f 1688/964/1710 1874/971/1710 2164/971/1710 1884/967/1710
f 1874/971/1711 1686/970/1711 1887/970/1711 2164/971/1711
f 2164/971/1712 1887/970/1712 1690/970/1712 1882/971/1712
f 1884/967/1713 2164/971/1713 1882/971/1713 1692/964/1713
f 1686/970/1714 1872/1030/1714 2165/1031/1714 1887/1032/1714
f 1872/1030/1715 1685/1033/1715 1886/1034/1715 2165/1031/1715
f 2165/1031/1716 1886/1034/1716 1689/1033/1716 1880/1030/1716
f 1887/1032/1717 2165/1031/1717 1880/1030/1717 1690/970/1717
f 1695/983/1718 1891/1058/1718 2166/1059/1718 1901/1060/1718
f 1891/1058/1719 1696/993/1719 1900/1041/1719 2166/1059/1719
f 2166/1059/1720 1900/1041/1720 1700/993/1720 1899/1061/1720
f 1901/1060/1721 2166/1059/1721 1899/1061/1721 1699/1049/1721
f 1739/1054/1722 1986/1062/1722 2167/1063/1722 1892/1055/1722
f 1986/1062/1723 1741/1064/1723 1894/1065/1723 2167/1063/1723
f 2167/1063/1724 1894/1065/1724 1693/1066/1724 1888/1067/1724
f 1892/1055/1725 2167/1063/1725 1888/1067/1725 1694/1056/1725
f 1742/983/1726 1985/1068/1726 2168/1069/1726 1983/1070/1726
f 1985/1068/1727 1740/993/1727 1981/1041/1727 2168/1069/1727
f 2168/1069/1728 1981/1041/1728 1696/993/1728 1891/1058/1728
f 1983/1070/1729 2168/1069/1729 1891/1058/1729 1695/983/1729
f 1741/1064/1730 1984/1071/1730 2169/1072/1730 1894/1065/1730
f 1984/1071/1731 1742/1073/1731 1983/1070/1731 2169/1072/1731
f 2169/1072/1732 1983/1070/1732 1695/1073/1732 1889/1071/1732
f 1894/1065/1733 2169/1072/1733 1889/1071/1733 1693/1066/1733
f 1698/1074/1734 1896/1075/1734 2170/1076/1734 1898/1077/1734
f 1896/1075/1735 1697/1066/1735 1897/1078/1735 2170/1076/1735
f 2170/1076/1736 1897/1078/1736 1699/1079/1736 1899/1080/1736
f 1898/1077/1737 2170/1076/1737 1899/1080/1737 1700/993/1737
f 1699/1079/1738 1897/1081/1738 2171/1082/1738 1909/1083/1738
f 1897/1081/1739 1697/1066/1739 1908/1084/1739 2171/1082/1739
f 2171/1082/1740 1908/1084/1740 1704/1085/1740 1905/1086/1740
f 1909/1083/1741 2171/1082/1741 1905/1086/1741 1703/1087/1741
f 1696/1051/1742 1890/1057/1742 2172/1053/1742 1900/967/1742
f 1890/1057/1743 1694/1056/1743 1903/1055/1743 2172/1053/1743
f 2172/1053/1744 1903/1055/1744 1698/1056/1744 1898/1057/1744
f 1900/967/1745 2172/1053/1745 1898/1057/1745 1700/1051/1745
f 1694/1056/1746 1888/1067/1746 2173/1088/1746 1903/1055/1746
f 1888/1067/1747 1693/1066/1747 1902/1089/1747 2173/1088/1747
f 2173/1088/1748 1902/1089/1748 1697/1066/1748 1896/1067/1748
f 1903/1055/1749 2173/1088/1749 1896/1067/1749 1698/1056/1749
f 1702/1085/1750 1904/1071/1750 2174/1090/1750 1907/1091/1750
f 1904/1071/1751 1701/1092/1751 1906/1093/1751 2174/1090/1751
f 2174/1090/1752 1906/1093/1752 1703/1087/1752 1905/1086/1752
f 1907/1091/1753 2174/1090/1753 1905/1086/1753 1704/1085/1753
f 1697/1066/1754 1902/1094/1754 2175/1095/1754 1908/1084/1754
f 1902/1094/1755 1693/1066/1755 1910/1096/1755 2175/1095/1755
f 2175/1095/1756 1910/1096/1756 1702/1085/1756 1907/1097/1756
f 1908/1084/1757 2175/1095/1757 1907/1097/1757 1704/1085/1757
f 1693/1066/1758 1889/1071/1758 2176/1090/1758 1910/1096/1758
f 1889/1071/1759 1695/983/1759 1911/1098/1759 2176/1090/1759
f 2176/1090/1760 1911/1098/1760 1701/1092/1760 1904/1071/1760
f 1910/1096/1761 2176/1090/1761 1904/1071/1761 1702/1085/1761
f 1695/983/1762 1901/1099/1762 2177/1100/1762 1911/1098/1762
f 1901/1099/1763 1699/1079/1763 1909/1083/1763 2177/1100/1763
f 2177/1100/1764 1909/1083/1764 1703/1087/1764 1906/1101/1764
f 1911/1098/1765 2177/1100/1765 1906/1101/1765 1701/1092/1765
f 1677/1102/1766 1912/1103/1766 2178/1104/1766 1916/1105/1766
f 1912/1103/1767 1678/1106/1767 1917/1107/1767 2178/1104/1767
f 2178/1104/1768 1917/1107/1768 1706/1108/1768 1856/1109/1768
f 1916/1105/1769 2178/1104/1769 1856/1109/1769 1705/1110/1769
f 1678/1106/1770 1913/1111/1770 2179/1112/1770 1917/1107/1770
f 1913/1111/1771 1679/1113/1771 1918/1114/1771 2179/1112/1771
f 2179/1112/1772 1918/1114/1772 1707/1025/1772 1857/1115/1772
f 1917/1107/1773 2179/1112/1773 1857/1115/1773 1706/1108/1773
f 1679/1113/1774 1914/1116/1774 2180/1117/1774 1918/1114/1774
f 1914/1116/1775 1680/1012/1775 1919/1118/1775 2180/1117/1775
f 2180/1117/1776 1919/1118/1776 1708/945/1776 1858/1119/1776
f 1918/1114/1777 2180/1117/1777 1858/1119/1777 1707/1025/1777
f 1680/1012/1581 1915/1120/1581 2181/1121/1581 1919/1118/1581
f 1915/1120/1581 1677/1102/1581 1916/1105/1581 2181/1121/1581
f 2181/1121/1581 1916/1105/1581 1705/1110/1581 1859/1122/1581
f 1919/1118/1581 2181/1121/1581 1859/1122/1581 1708/945/1581
f 1709/1123/1581 1923/1124/1581 2182/1125/1581 1933/1126/1581
f 1923/1124/1581 1712/1020/1581 1932/1015/1581 2182/1125/1581
f 2182/1125/1581 1932/1015/1581 1716/1020/1581 1931/1125/1581
f 1933/1126/1581 2182/1125/1581 1931/1125/1581 1713/1127/1581
f 1678/1106/1778 1912/1128/1778 2183/1129/1778 1927/1130/1778
f 1912/1128/1779 1677/1102/1779 1926/1126/1779 2183/1129/1779
f 2183/1129/1780 1926/1126/1780 1709/1123/1780 1920/1131/1780
f 1927/1130/1781 2183/1129/1781 1920/1131/1781 1710/1132/1781
f 1677/1102/1581 1915/1133/1581 2184/1134/1581 1926/1126/1581
f 1915/1133/1581 1680/1012/1581 1925/1015/1581 2184/1134/1581
f 2184/1134/1581 1925/1015/1581 1712/1020/1581 1923/1124/1581
f 1926/1126/1581 2184/1134/1581 1923/1124/1581 1709/1123/1581
f 1679/1135/1782 1913/1111/1782 2185/1136/1782 1924/1137/1782
f 1913/1111/1783 1678/1138/1783 1927/1139/1783 2185/1136/1783
f 2185/1136/1784 1927/1139/1784 1710/1140/1784 1921/1141/1784
f 1924/1137/1785 2185/1136/1785 1921/1141/1785 1711/1142/1785
f 1731/1143/1786 1967/1144/1786 2186/1144/1786 1962/1143/1786
f 1967/1144/1787 1729/1145/1787 1940/1146/1787 2186/1144/1787
f 2186/1144/1788 1940/1146/1788 1718/1147/1788 1937/1148/1788
f 1962/1143/1789 2186/1144/1789 1937/1148/1789 1719/1149/1789
f 1711/1142/1790 1921/1141/1790 2187/1150/1790 1935/1142/1790
f 1921/1141/1791 1710/1140/1791 1934/1132/1791 2187/1150/1791
f 2187/1150/1792 1934/1132/1792 1714/1140/1792 1929/1151/1792
f 1935/1142/1793 2187/1150/1793 1929/1151/1793 1715/1142/1793
f 1712/1020/1794 1922/1019/1794 2188/1019/1794 1932/1015/1794
f 1922/1019/1795 1711/1018/1795 1935/1018/1795 2188/1019/1795
f 2188/1019/1796 1935/1018/1796 1715/1152/1796 1930/1153/1796
f 1932/1015/1797 2188/1019/1797 1930/1153/1797 1716/1012/1797
f 1710/1132/1798 1920/1131/1798 2189/1154/1798 1934/1132/1798
f 1920/1131/1799 1709/1123/1799 1933/1126/1799 2189/1154/1799
f 2189/1154/1800 1933/1126/1800 1713/1102/1800 1928/1155/1800
f 1934/1132/1801 2189/1154/1801 1928/1155/1801 1714/1132/1801
f 1720/1020/1802 1938/1156/1802 2190/1157/1802 1949/1015/1802
f 1938/1156/1803 1719/1158/1803 1948/1159/1803 2190/1157/1803
f 2190/1157/1804 1948/1159/1804 1723/1160/1804 1946/1161/1804
f 1949/1015/1805 2190/1157/1805 1946/1161/1805 1724/1012/1805
f 1731/1162/1806 1962/1143/1806 2191/1163/1806 1966/1164/1806
f 1962/1143/1807 1719/1158/1807 1976/1165/1807 2191/1163/1807
f 2191/1163/1808 1976/1165/1808 1733/1158/1808 1972/1143/1808
f 1966/1164/1809 2191/1163/1809 1972/1143/1809 1735/1162/1809
f 1729/1145/1810 1965/1166/1810 2192/1167/1810 1940/1146/1810
f 1965/1166/1811 1730/1102/1811 1943/1102/1811 2192/1167/1811
f 2192/1167/1812 1943/1102/1812 1717/1102/1812 1936/1168/1812
f 1940/1146/1813 2192/1167/1813 1936/1168/1813 1718/1169/1813
f 1730/1102/1581 1964/1170/1581 2193/1171/1581 1943/1102/1581
f 1964/1170/1581 1732/1172/1581 1963/1173/1581 2193/1171/1581
f 2193/1171/1581 1963/1173/1581 1720/1012/1581 1939/1174/1581
f 1943/1102/1581 2193/1171/1581 1939/1174/1581 1717/1102/1581
f 1723/1160/1814 1945/1175/1814 2194/1176/1814 1946/1177/1814
f 1945/1175/1815 1722/1178/1815 1944/1179/1815 2194/1176/1815
f 2194/1176/1816 1944/1179/1816 1721/1102/1816 1947/1180/1816
f 1946/1177/1817 2194/1176/1817 1947/1180/1817 1724/1012/1817
f 1718/1169/1818 1936/1168/1818 2195/1181/1818 1951/1182/1818
f 1936/1168/1819 1717/1102/1819 1950/1123/1819 2195/1181/1819
f 2195/1181/1820 1950/1123/1820 1721/1102/1820 1944/1179/1820
f 1951/1182/1821 2195/1181/1821 1944/1179/1821 1722/1178/1821
f 1717/1102/1581 1939/1174/1581 2196/1125/1581 1950/1123/1581
f 1939/1174/1581 1720/1012/1581 1949/1015/1581 2196/1125/1581
f 2196/1125/1581 1949/1015/1581 1724/1012/1581 1947/1180/1581
f 1950/1123/1581 2196/1125/1581 1947/1180/1581 1721/1102/1581
f 1719/1158/1822 1937/1148/1822 2197/1183/1822 1948/1159/1822
f 1937/1148/1823 1718/1169/1823 1951/1182/1823 2197/1183/1823
f 2197/1183/1824 1951/1182/1824 1722/1178/1824 1945/1175/1824
f 1948/1159/1825 2197/1183/1825 1945/1175/1825 1723/1160/1825
f 1713/1102/1581 1931/1125/1581 2198/1125/1581 1955/1102/1581
f 1931/1125/1581 1716/1012/1581 1942/1020/1581 2198/1125/1581
f 2198/1125/1581 1942/1020/1581 1727/1020/1581 1956/1184/1581
f 1955/1102/1581 2198/1125/1581 1956/1184/1581 1728/1102/1581
f 1714/1132/1826 1928/1155/1826 2199/1185/1826 1952/1186/1826
f 1928/1155/1827 1713/1102/1827 1955/1102/1827 2199/1185/1827
f 2199/1185/1828 1955/1102/1828 1728/1102/1828 1957/1187/1828
f 1952/1186/1829 2199/1185/1829 1957/1187/1829 1725/1169/1829
f 1716/1012/1830 1930/1153/1830 2200/1188/1830 1942/1020/1830
f 1930/1153/1831 1715/1152/1831 1941/1189/1831 2200/1188/1831
f 2200/1188/1832 1941/1189/1832 1726/1190/1832 1958/1191/1832
f 1942/1020/1833 2200/1188/1833 1958/1191/1833 1727/1020/1833
f 1715/1152/1834 1929/1150/1834 2201/1192/1834 1941/1189/1834
f 1929/1150/1835 1714/1132/1835 1952/1186/1835 2201/1192/1835
f 2201/1192/1836 1952/1186/1836 1725/1169/1836 1959/1193/1836
f 1941/1189/1837 2201/1192/1837 1959/1193/1837 1726/1190/1837
f 1728/1102/1581 1956/1184/1581 2202/1194/1581 1961/1102/1581
f 1956/1184/1581 1727/1020/1581 1954/1195/1581 2202/1194/1581
f 2202/1194/1581 1954/1195/1581 1732/1172/1581 1964/1170/1581
f 1961/1102/1581 2202/1194/1581 1964/1170/1581 1730/1102/1581
f 1725/1147/1838 1957/1187/1838 2203/1167/1838 1960/1146/1838
f 1957/1187/1839 1728/1102/1839 1961/1102/1839 2203/1167/1839
f 2203/1167/1840 1961/1102/1840 1730/1102/1840 1965/1166/1840
f 1960/1146/1841 2203/1167/1841 1965/1166/1841 1729/1145/1841
f 1726/1190/1842 1953/1196/1842 2204/1197/1842 1975/1198/1842
f 1953/1196/1843 1731/1162/1843 1966/1164/1843 2204/1197/1843
f 2204/1197/1844 1966/1164/1844 1735/1162/1844 1969/1199/1844
f 1975/1198/1845 2204/1197/1845 1969/1199/1845 1736/1200/1845
f 1726/1190/1846 1959/1193/1846 2205/1201/1846 1953/1202/1846
f 1959/1193/1847 1725/1169/1847 1960/1146/1847 2205/1201/1847
f 2205/1201/1848 1960/1146/1848 1729/1145/1848 1967/1144/1848
f 1953/1202/1849 2205/1201/1849 1967/1144/1849 1731/1162/1849
f 1737/1020/1850 1974/1203/1850 2206/1203/1850 1973/1020/1850
f 1974/1203/1851 1735/1143/1851 1972/1143/1851 2206/1203/1851
f 2206/1203/1852 1972/1143/1852 1733/1149/1852 1968/1203/1852
f 1973/1020/1853 2206/1203/1853 1968/1203/1853 1734/1012/1853
f 1738/1204/1854 1971/1205/1854 2207/1206/1854 1970/1015/1854
f 1971/1205/1855 1736/1200/1855 1969/1207/1855 2207/1206/1855
f 2207/1206/1856 1969/1207/1856 1735/1162/1856 1974/1203/1856
f 1970/1015/1857 2207/1206/1857 1974/1203/1857 1737/1208/1857
f 1719/1158/1858 1938/1209/1858 2208/1210/1858 1976/1165/1858
f 1938/1209/1859 1720/1020/1859 1977/1015/1859 2208/1210/1859
f 2208/1210/1860 1977/1015/1860 1734/1020/1860 1968/1211/1860
f 1976/1165/1861 2208/1210/1861 1968/1211/1861 1733/1158/1861
f 1727/1020/1862 1958/1191/1862 2209/1212/1862 1978/1015/1862
f 1958/1191/1863 1726/1190/1863 1975/1198/1863 2209/1212/1863
f 2209/1212/1864 1975/1198/1864 1736/1200/1864 1971/1205/1864
f 1978/1015/1865 2209/1212/1865 1971/1205/1865 1738/1204/1865
f 1732/1213/1581 1954/1214/1581 2210/1215/1581 1979/1216/1581
f 1954/1214/1581 1727/1020/1581 1978/1015/1581 2210/1215/1581
f 2210/1215/1581 1978/1015/1581 1738/1020/1581 1970/1015/1581
f 1979/1216/1581 2210/1215/1581 1970/1015/1581 1737/1020/1581
f 1720/1012/1581 1963/1195/1581 2211/1217/1581 1977/1015/1581
f 1963/1195/1581 1732/1213/1581 1979/1216/1581 2211/1217/1581
f 2211/1217/1581 1979/1216/1581 1737/1020/1581 1973/1020/1581
f 1977/1015/1581 2211/1217/1581 1973/1020/1581 1734/1012/1581
f 1689/1033/1866 1881/1047/1866 2212/1218/1866 1982/1219/1866
f 1881/1047/1867 1691/1043/1867 1895/1220/1867 2212/1218/1867
f 2212/1218/1868 1895/1220/1868 1742/983/1868 1984/1071/1868
f 1982/1219/1869 2212/1218/1869 1984/1071/1869 1741/1064/1869
f 1691/1043/1870 1883/1042/1870 2213/1059/1870 1895/1220/1870
f 1883/1042/1871 1692/993/1871 1893/1041/1871 2213/1059/1871
f 2213/1059/1872 1893/1041/1872 1740/993/1872 1985/1068/1872
f 1895/1220/1873 2213/1059/1873 1985/1068/1873 1742/983/1873
f 1690/970/1874 1880/1221/1874 2214/1222/1874 1980/1223/1874
f 1880/1221/1875 1689/1033/1875 1982/1219/1875 2214/1222/1875
f 2214/1222/1876 1982/1219/1876 1741/1064/1876 1986/1062/1876
f 1980/1223/1877 2214/1222/1877 1986/1062/1877 1739/1054/1877
f 1692/964/1878 1882/971/1878 2215/1224/1878 1893/967/1878
f 1882/971/1879 1690/970/1879 1980/1223/1879 2215/1224/1879
f 2215/1224/1880 1980/1223/1880 1739/1054/1880 1987/1052/1880
f 1893/967/1881 2215/1224/1881 1987/1052/1881 1740/1051/1881
f 1660/932/1882 2000/1225/1882 2216/1226/1882 1819/933/1882
f 2000/1225/1883 1748/940/1883 1997/1227/1883 2216/1226/1883
f 2216/1226/1884 1997/1227/1884 1745/1024/1884 1991/1228/1884
f 1819/933/1885 2216/1226/1885 1991/1228/1885 1655/936/1885
f 1748/940/1886 1999/1229/1886 2217/1230/1886 1997/1227/1886
f 1999/1229/1887 1747/958/1887 1996/1231/1887 2217/1230/1887
f 2217/1230/1888 1996/1231/1888 1743/1025/1888 1992/946/1888
f 1997/1227/1889 2217/1230/1889 1992/946/1889 1745/1024/1889
f 1747/958/1890 1998/1232/1890 2218/1233/1890 1996/1231/1890
f 1998/1232/1891 1659/941/1891 1818/942/1891 2218/1233/1891
f 2218/1233/1892 1818/942/1892 1654/945/1892 1995/1234/1892
f 1996/1231/1893 2218/1233/1893 1995/1234/1893 1743/1025/1893
f 1653/1051/1894 2031/967/1894 2219/1235/1894 1994/1057/1894
f 2031/967/1895 1762/964/1895 2028/1236/1895 2219/1235/1895
f 2219/1235/1896 2028/1236/1896 1760/970/1896 2030/1237/1896
f 1994/1057/1897 2219/1235/1897 2030/1237/1897 1746/1056/1897
f 1745/1024/1898 2004/1023/1898 2220/1028/1898 1991/1029/1898
f 2004/1023/1899 1749/977/1899 2001/976/1899 2220/1028/1899
f 2220/1028/1900 2001/976/1900 1661/975/1900 1828/975/1900
f 1991/1029/1901 2220/1028/1901 1828/975/1901 1655/975/1901
f 1744/1066/1902 1993/1071/1902 2221/1238/1902 1989/1239/1902
f 1993/1071/1903 1656/983/1903 1812/982/1903 2221/1238/1903
f 2221/1238/1904 1812/982/1904 1659/941/1904 1998/1232/1904
f 1989/1239/1905 2221/1238/1905 1998/1232/1905 1747/958/1905
f 1746/1056/1906 1988/1067/1906 2222/1240/1906 1990/1241/1906
f 1988/1067/1907 1744/1066/1907 1989/1239/1907 2222/1240/1907
f 2222/1240/1908 1989/1239/1908 1747/958/1908 1999/1229/1908
f 1990/1241/1909 2222/1240/1909 1999/1229/1909 1748/940/1909
f 1653/964/1910 1994/1057/1910 2223/1242/1910 1814/994/1910
f 1994/1057/1911 1746/1056/1911 1990/1241/1911 2223/1242/1911
f 2223/1242/1912 1990/1241/1912 1748/940/1912 2000/1225/1912
f 1814/994/1913 2223/1242/1913 2000/1225/1913 1660/932/1913
f 1743/1025/1914 2005/1243/1914 2224/1004/1914 1992/1004/1914
f 2005/1243/1915 1750/1244/1915 2002/1021/1915 2224/1004/1915
f 2224/1004/1916 2002/1021/1916 1749/977/1916 2004/1023/1916
f 1992/1004/1917 2224/1004/1917 2004/1023/1917 1745/1024/1917
f 1654/998/1918 1831/998/1918 2225/1245/1918 1995/1246/1918
f 1831/998/1919 1664/998/1919 2003/1008/1919 2225/1245/1919
f 2225/1245/1920 2003/1008/1920 1750/1244/1920 2005/1243/1920
f 1995/1246/1921 2225/1245/1921 2005/1243/1921 1743/1025/1921
f 1668/998/1922 1845/998/1922 2226/1008/1922 2008/1008/1922
f 1845/998/1923 1672/998/1923 2013/1008/1923 2226/1008/1923
f 2226/1008/1924 2013/1008/1924 1754/1244/1924 2014/1244/1924
f 2008/1008/1925 2226/1008/1925 2014/1244/1925 1752/1244/1925
f 1750/1247/1926 2010/1248/1926 2227/1249/1926 2002/1250/1926
f 2010/1248/1927 1752/1247/1927 2007/1250/1927 2227/1249/1927
f 2227/1249/1928 2007/1250/1928 1751/1251/1928 2009/1252/1928
f 2002/1250/1929 2227/1249/1929 2009/1252/1929 1749/1251/1929
f 1664/998/1930 1836/998/1930 2228/1008/1930 2003/1008/1930
f 1836/998/1931 1668/998/1931 2008/1008/1931 2228/1008/1931
f 2228/1008/1932 2008/1008/1932 1752/1244/1932 2010/1244/1932
f 2003/1008/1933 2228/1008/1933 2010/1244/1933 1750/1244/1933
f 1749/977/1934 2009/977/1934 2229/976/1934 2001/976/1934
f 2009/977/1935 1751/977/1935 2006/976/1935 2229/976/1935
f 2229/976/1936 2006/976/1936 1665/975/1936 1837/975/1936
f 2001/976/1937 2229/976/1937 1837/975/1937 1661/975/1937
f 1672/998/1938 1853/998/1938 2230/1008/1938 2013/1008/1938
f 1853/998/1939 1676/998/1939 2018/1008/1939 2230/1008/1939
f 2230/1008/1940 2018/1008/1940 1756/1244/1940 2019/1244/1940
f 2013/1008/1941 2230/1008/1941 2019/1244/1941 1754/1244/1941
f 1751/977/1942 2015/977/1942 2231/976/1942 2006/976/1942
f 2015/977/1943 1753/977/1943 2011/976/1943 2231/976/1943
f 2231/976/1944 2011/976/1944 1669/975/1944 1846/975/1944
f 2006/976/1945 2231/976/1945 1846/975/1945 1665/975/1945
f 1752/1247/1946 2014/1248/1946 2232/1249/1946 2007/1250/1946
f 2014/1248/1947 1754/1247/1947 2012/1250/1947 2232/1249/1947
f 2232/1249/1948 2012/1250/1948 1753/1251/1948 2015/1252/1948
f 2007/1250/1949 2232/1249/1949 2015/1252/1949 1751/1251/1949
f 1753/977/1950 2020/977/1950 2233/976/1950 2011/976/1950
f 2020/977/1951 1755/977/1951 2016/976/1951 2233/976/1951
f 2233/976/1952 2016/976/1952 1673/975/1952 1854/975/1952
f 2011/976/1953 2233/976/1953 1854/975/1953 1669/975/1953
f 1754/1247/1954 2019/1248/1954 2234/1249/1954 2012/1250/1954
f 2019/1248/1955 1756/1247/1955 2017/1250/1955 2234/1249/1955
f 2234/1249/1956 2017/1250/1956 1755/1251/1956 2020/1252/1956
f 2012/1250/1957 2234/1249/1957 2020/1252/1957 1753/1251/1957
f 1680/1020/1958 1925/1015/1958 2235/1253/1958 2076/1203/1958
f 1925/1015/1959 1712/1020/1959 2081/1153/1959 2235/1253/1959
f 2235/1253/1960 2081/1153/1960 1786/1254/1960 2082/1255/1960
f 2076/1203/1961 2235/1253/1961 2082/1255/1961 1758/1158/1961
f 1756/1244/1962 2025/1243/1962 2236/946/1962 2017/1021/1962
f 2025/1243/1963 1784/1025/1963 2022/1004/1963 2236/946/1963
f 2236/946/1964 2022/1004/1964 1783/1024/1964 2024/1256/1964
f 2017/1021/1965 2236/946/1965 2024/1256/1965 1755/977/1965
f 1676/998/1966 1860/998/1966 2237/1245/1966 2018/1008/1966
f 1860/998/1967 1708/998/1967 2023/1246/1967 2237/1245/1967
f 2237/1245/1968 2023/1246/1968 1784/1025/1968 2025/1243/1968
f 2018/1008/1969 2237/1245/1969 2025/1243/1969 1756/1244/1969
f 1755/977/1970 2024/1256/1970 2238/1028/1970 2016/976/1970
f 2024/1256/1971 1783/1024/1971 2021/1029/1971 2238/1028/1971
f 2238/1028/1972 2021/1029/1972 1705/975/1972 1861/975/1972
f 2016/976/1973 2238/1028/1973 1861/975/1973 1673/975/1973
f 1760/1257/1974 2039/1258/1974 2239/1222/1974 2026/1259/1974
f 2039/1258/1975 1764/1257/1975 2034/1259/1975 2239/1222/1975
f 2239/1222/1976 2034/1259/1976 1763/1033/1976 2038/1034/1976
f 2026/1259/1977 2239/1222/1977 2038/1034/1977 1759/1033/1977
f 1746/1056/1978 2030/1237/1978 2240/1222/1978 1988/1067/1978
f 2030/1237/1979 1760/970/1979 2026/1222/1979 2240/1222/1979
f 2240/1222/1980 2026/1222/1980 1759/1033/1980 2032/1260/1980
f 1988/1067/1981 2240/1222/1981 2032/1260/1981 1744/1066/1981
f 1656/983/1982 2033/1261/1982 2241/1262/1982 1813/991/1982
f 2033/1261/1983 1761/1049/1983 2029/1263/1983 2241/1262/1983
f 2241/1262/1984 2029/1263/1984 1762/993/1984 2031/1041/1984
f 1813/991/1985 2241/1262/1985 2031/1041/1985 1653/993/1985
f 1744/1066/1986 2032/1260/1986 2242/1218/1986 1993/1071/1986
f 2032/1260/1987 1759/1033/1987 2027/1264/1987 2242/1218/1987
f 2242/1218/1988 2027/1264/1988 1761/1049/1988 2033/1261/1988
f 1993/1071/1989 2242/1218/1989 2033/1261/1989 1656/983/1989
f 1765/1049/1990 2047/1220/1990 2243/1262/1990 2037/1263/1990
f 2047/1220/1991 1769/983/1991 2045/1265/1991 2243/1262/1991
f 2243/1262/1992 2045/1265/1992 1770/993/1992 2046/1041/1992
f 2037/1263/1993 2243/1262/1993 2046/1041/1993 1766/993/1993
f 1761/1049/1994 2041/1049/1994 2244/1263/1994 2029/1263/1994
f 2041/1049/1995 1765/1049/1995 2037/1263/1995 2244/1263/1995
f 2244/1263/1996 2037/1263/1996 1766/993/1996 2040/1041/1996
f 2029/1263/1997 2244/1263/1997 2040/1041/1997 1762/993/1997
f 1759/1033/1998 2038/1034/1998 2245/1266/1998 2027/1267/1998
f 2038/1034/1999 1763/1033/1999 2035/1267/1999 2245/1266/1999
f 2245/1266/2000 2035/1267/2000 1765/1049/2000 2041/1268/2000
f 2027/1267/2001 2245/1266/2001 2041/1268/2001 1761/1049/2001
f 1762/964/2002 2040/967/2002 2246/1236/2002 2028/1236/2002
f 2040/967/2003 1766/964/2003 2036/1236/2003 2246/1236/2003
f 2246/1236/2004 2036/1236/2004 1764/970/2004 2039/970/2004
f 2028/1236/2005 2246/1236/2005 2039/970/2005 1760/970/2005
f 1801/1051/2006 2117/967/2006 2247/1235/2006 2123/1052/2006
f 2117/967/2007 1774/964/2007 2052/1236/2007 2247/1235/2007
f 2247/1235/2008 2052/1236/2008 1772/970/2008 2054/1223/2008
f 2123/1052/2009 2247/1235/2009 2054/1223/2009 1800/1054/2009
f 1763/1033/2010 2048/1269/2010 2248/1270/2010 2035/1264/2010
f 2048/1269/2011 1767/1066/2011 2043/1071/2011 2248/1270/2011
f 2248/1270/2012 2043/1071/2012 1769/983/2012 2047/1220/2012
f 2035/1264/2013 2248/1270/2013 2047/1220/2013 1765/1049/2013
f 1766/964/2014 2046/967/2014 2249/1224/2014 2036/1236/2014
f 2046/967/2015 1770/1051/2015 2044/1057/2015 2249/1224/2015
f 2249/1224/2016 2044/1057/2016 1768/1056/2016 2049/1237/2016
f 2036/1236/2017 2249/1224/2017 2049/1237/2017 1764/970/2017
f 1764/970/2018 2049/1237/2018 2250/1222/2018 2034/1222/2018
f 2049/1237/2019 1768/1056/2019 2042/1067/2019 2250/1222/2019
f 2250/1222/2020 2042/1067/2020 1767/1066/2020 2048/1269/2020
f 2034/1222/2021 2250/1222/2021 2048/1269/2021 1763/1033/2021
f 1773/1271/2022 2063/1272/2022 2251/1273/2022 2053/1274/2022
f 2063/1272/2023 1777/983/2023 2061/1275/2023 2251/1273/2023
f 2251/1273/2024 2061/1275/2024 1778/1041/2024 2062/1041/2024
f 2053/1274/2025 2251/1273/2025 2062/1041/2025 1774/993/2025
f 1800/1054/2026 2054/1223/2026 2252/1276/2026 2122/1062/2026
f 2054/1223/2027 1772/970/2027 2050/1277/2027 2252/1276/2027
f 2252/1276/2028 2050/1277/2028 1771/1278/2028 2056/1279/2028
f 2122/1062/2029 2252/1276/2029 2056/1279/2029 1802/1064/2029
f 1803/983/2030 2119/1280/2030 2253/1281/2030 2121/1265/2030
f 2119/1280/2031 1773/1271/2031 2053/1274/2031 2253/1281/2031
f 2253/1281/2032 2053/1274/2032 1774/993/2032 2117/1041/2032
f 2121/1265/2033 2253/1281/2033 2117/1041/2033 1801/993/2033
f 1802/1064/2034 2056/1279/2034 2254/1282/2034 2120/1071/2034
f 2056/1279/2035 1771/1278/2035 2051/1283/2035 2254/1282/2035
f 2254/1282/2036 2051/1283/2036 1773/1271/2036 2119/1280/2036
f 2120/1071/2037 2254/1282/2037 2119/1280/2037 1803/983/2037
f 1776/1074/2038 2060/1077/2038 2255/1284/2038 2058/1075/2038
f 2060/1077/2039 1778/1041/2039 2061/1275/2039 2255/1284/2039
f 2255/1284/2040 2061/1275/2040 1777/1073/2040 2059/1071/2040
f 2058/1075/2041 2255/1284/2041 2059/1071/2041 1775/1285/2041
f 1777/983/2042 2071/1286/2042 2256/1086/2042 2059/1086/2042
f 2071/1286/2043 1781/1087/2043 2067/1086/2043 2256/1086/2043
f 2256/1086/2044 2067/1086/2044 1782/1085/2044 2070/1287/2044
f 2059/1086/2045 2256/1086/2045 2070/1287/2045 1775/1066/2045
f 1774/964/2046 2062/967/2046 2257/1224/2046 2052/1236/2046
f 2062/967/2047 1778/1051/2047 2060/1057/2047 2257/1224/2047
f 2257/1224/2048 2060/1057/2048 1776/1056/2048 2065/1237/2048
f 2052/1236/2049 2257/1224/2049 2065/1237/2049 1772/970/2049
f 1772/970/2050 2065/1237/2050 2258/1288/2050 2050/1277/2050
f 2065/1237/2051 1776/1056/2051 2058/1067/2051 2258/1288/2051
f 2258/1288/2052 2058/1067/2052 1775/1066/2052 2064/1289/2052
f 2050/1277/2053 2258/1288/2053 2064/1289/2053 1771/1278/2053
f 1780/1290/2054 2069/1097/2054 2259/1090/2054 2066/1086/2054
f 2069/1097/2055 1782/1085/2055 2067/1071/2055 2259/1090/2055
f 2259/1090/2056 2067/1071/2056 1781/1087/2056 2068/1101/2056
f 2066/1086/2057 2259/1090/2057 2068/1101/2057 1779/1291/2057
f 1775/1066/2058 2070/1287/2058 2260/1292/2058 2064/1293/2058
f 2070/1287/2059 1782/1085/2059 2069/1091/2059 2260/1292/2059
f 2260/1292/2060 2069/1091/2060 1780/1290/2060 2072/1294/2060
f 2064/1293/2061 2260/1292/2061 2072/1294/2061 1771/1278/2061
f 1771/1278/2062 2072/1294/2062 2261/1295/2062 2051/1283/2062
f 2072/1294/2063 1780/1290/2063 2066/1086/2063 2261/1295/2063
f 2261/1295/2064 2066/1086/2064 1779/1291/2064 2073/1296/2064
f 2051/1283/2065 2261/1295/2065 2073/1296/2065 1773/1271/2065
f 1773/1271/2066 2073/1296/2066 2262/1297/2066 2063/1298/2066
f 2073/1296/2067 1779/1291/2067 2068/1101/2067 2262/1297/2067
f 2262/1297/2068 2068/1101/2068 1781/1087/2068 2071/1286/2068
f 2063/1298/2069 2262/1297/2069 2071/1286/2069 1777/983/2069
f 1677/1102/2070 1916/1105/2070 2263/1299/2070 2074/1300/2070
f 1916/1105/2071 1705/1110/2071 2021/1109/2071 2263/1299/2071
f 2263/1299/2072 2021/1109/2072 1783/1108/2072 2077/1301/2072
f 2074/1300/2073 2263/1299/2073 2077/1301/2073 1757/1169/2073
f 1757/1169/2074 2077/1301/2074 2264/1302/2074 2075/1148/2074
f 2077/1301/2075 1783/1108/2075 2022/1115/2075 2264/1302/2075
f 2264/1302/2076 2022/1115/2076 1784/1025/2076 2078/1303/2076
f 2075/1148/2077 2264/1302/2077 2078/1303/2077 1758/1158/2077
f 1758/1158/2078 2078/1303/2078 2265/1304/2078 2076/1211/2078
f 2078/1303/2079 1784/1025/2079 2023/1234/2079 2265/1304/2079
f 2265/1304/2080 2023/1234/2080 1708/945/2080 1919/1118/2080
f 2076/1211/2081 2265/1304/2081 1919/1118/2081 1680/1012/2081
f 1757/1169/2082 2083/1305/2082 2266/1185/2082 2074/1187/2082
f 2083/1305/2083 1785/1306/2083 2079/1307/2083 2266/1185/2083
f 2266/1185/2084 2079/1307/2084 1709/1123/2084 1926/1126/2084
f 2074/1187/2085 2266/1185/2085 1926/1126/2085 1677/1127/2085
f 1758/1158/2086 2082/1255/2086 2267/1308/2086 2075/1148/2086
f 2082/1255/2087 1786/1254/2087 2080/1151/2087 2267/1308/2087
f 2267/1308/2088 2080/1151/2088 1785/1306/2088 2083/1305/2088
f 2075/1148/2089 2267/1308/2089 2083/1305/2089 1757/1169/2089
f 1796/1309/2090 2105/1310/2090 2268/1311/2090 2108/1312/2090
f 2105/1310/2091 1790/1313/2091 2090/1314/2091 2268/1311/2091
f 2268/1311/2092 2090/1314/2092 1789/1169/2092 2092/1146/2092
f 2108/1312/2093 2268/1311/2093 2092/1146/2093 1795/1315/2093
f 1786/1254/2094 2088/1316/2094 2269/1308/2094 2080/1151/2094
f 2088/1316/2095 1788/1158/2095 2085/1148/2095 2269/1308/2095
f 2269/1308/2096 2085/1148/2096 1787/1169/2096 2087/1317/2096
f 2080/1151/2097 2269/1308/2097 2087/1317/2097 1785/1306/2097
f 1712/1020/2098 1932/1015/2098 2270/1318/2098 2081/1153/2098
f 1932/1015/2099 1716/1020/2099 2086/1203/2099 2270/1318/2099
f 2270/1318/2100 2086/1203/2100 1788/1158/2100 2088/1316/2100
f 2081/1153/2101 2270/1318/2101 2088/1316/2101 1786/1254/2101
f 1785/1306/2102 2087/1317/2102 2271/1185/2102 2079/1307/2102
f 2087/1317/2103 1787/1169/2103 2084/1319/2103 2271/1185/2103
f 2271/1185/2104 2084/1319/2104 1713/1102/2104 1933/1126/2104
f 2079/1307/2105 2271/1185/2105 1933/1126/2105 1709/1123/2105
f 1720/1020/2106 1949/1015/2106 2272/1320/2106 2091/1321/2106
f 1949/1015/2107 1724/1020/2107 2096/1203/2107 2272/1320/2107
f 2272/1320/2108 2096/1203/2108 1792/1158/2108 2097/1322/2108
f 2091/1321/2109 2272/1320/2109 2097/1322/2109 1790/1313/2109
f 1796/1323/2110 2107/1324/2110 2273/1325/2110 2105/1326/2110
f 2107/1324/2111 1798/1327/2111 2112/1328/2111 2273/1325/2111
f 2273/1325/2112 2112/1328/2112 1797/1329/2112 2115/1330/2112
f 2105/1326/2113 2273/1325/2113 2115/1330/2113 1790/1313/2113
f 1795/1145/2114 2092/1146/2114 2274/1167/2114 2106/1166/2114
f 2092/1146/2115 1789/1147/2115 2089/1187/2115 2274/1167/2115
f 2274/1167/2116 2089/1187/2116 1717/1102/2116 1943/1102/2116
f 2106/1166/2117 2274/1167/2117 1943/1102/2117 1730/1102/2117
f 1792/1149/2118 2096/1211/2118 2275/1331/2118 2095/1148/2118
f 2096/1211/2119 1724/1012/2119 1947/1180/2119 2275/1331/2119
f 2275/1331/2120 1947/1180/2120 1721/1102/2120 2094/1187/2120
f 2095/1148/2121 2275/1331/2121 2094/1187/2121 1791/1147/2121
f 1789/1169/2122 2098/1332/2122 2276/1333/2122 2089/1187/2122
f 2098/1332/2123 1791/1169/2123 2094/1187/2123 2276/1333/2123
f 2276/1333/2124 2094/1187/2124 1721/1127/2124 1950/1123/2124
f 2089/1187/2125 2276/1333/2125 1950/1123/2125 1717/1127/2125
f 1790/1313/2126 2097/1322/2126 2277/1334/2126 2090/1314/2126
f 2097/1322/2127 1792/1158/2127 2095/1148/2127 2277/1334/2127
f 2277/1334/2128 2095/1148/2128 1791/1169/2128 2098/1332/2128
f 2090/1314/2129 2277/1334/2129 2098/1332/2129 1789/1169/2129
f 1787/1169/2130 2099/1315/2130 2278/1167/2130 2084/1319/2130
f 2099/1315/2131 1793/1169/2131 2101/1168/2131 2278/1167/2131
f 2278/1167/2132 2101/1168/2132 1728/1102/2132 1955/1102/2132
f 2084/1319/2133 2278/1167/2133 1955/1102/2133 1713/1102/2133
f 1716/1012/2134 1942/1020/2134 2279/1335/2134 2086/1203/2134
f 1942/1020/2135 1727/1020/2135 2102/1203/2135 2279/1335/2135
f 2279/1335/2136 2102/1203/2136 1794/1162/2136 2093/1336/2136
f 2086/1203/2137 2279/1335/2137 2093/1336/2137 1788/1158/2137
f 1788/1158/2138 2093/1336/2138 2280/1337/2138 2085/1148/2138
f 2093/1336/2139 1794/1162/2139 2103/1338/2139 2280/1337/2139
f 2280/1337/2140 2103/1338/2140 1793/1147/2140 2099/1315/2140
f 2085/1148/2141 2280/1337/2141 2099/1315/2141 1787/1147/2141
f 1793/1169/2142 2104/1339/2142 2281/1333/2142 2101/1168/2142
f 2104/1339/2143 1795/1315/2143 2106/1166/2143 2281/1333/2143
f 2281/1333/2144 2106/1166/2144 1730/1102/2144 1961/1102/2144
f 2101/1168/2145 2281/1333/2145 1961/1102/2145 1728/1102/2145
f 1794/1162/2146 2114/1340/2146 2282/1341/2146 2100/1342/2146
f 2114/1340/2147 1799/1200/2147 2110/1328/2147 2282/1341/2147
f 2282/1341/2148 2110/1328/2148 1798/1327/2148 2107/1324/2148
f 2100/1342/2149 2282/1341/2149 2107/1324/2149 1796/1323/2149
f 1794/1162/2150 2100/1343/2150 2283/1344/2150 2103/1338/2150
f 2100/1343/2151 1796/1309/2151 2108/1312/2151 2283/1344/2151
f 2283/1344/2152 2108/1312/2152 1795/1315/2152 2104/1339/2152
f 2103/1338/2153 2283/1344/2153 2104/1339/2153 1793/1169/2153
f 1737/1020/2154 1973/1020/2154 2284/1345/2154 2113/1346/2154
f 1973/1020/2155 1734/1012/2155 2109/1347/2155 2284/1345/2155
f 2284/1345/2156 2109/1347/2156 1797/1329/2156 2112/1328/2156
f 2113/1346/2157 2284/1345/2157 2112/1328/2157 1798/1348/2157
f 1738/1204/2158 1970/1015/2158 2285/1349/2158 2111/1205/2158
f 1970/1015/2159 1737/1020/2159 2113/1346/2159 2285/1349/2159
f 2285/1349/2160 2113/1346/2160 1798/1348/2160 2110/1350/2160
f 2111/1205/2161 2285/1349/2161 2110/1350/2161 1799/1200/2161
f 1790/1313/2162 2115/1330/2162 2286/1351/2162 2091/1352/2162
f 2115/1330/2163 1797/1329/2163 2109/1347/2163 2286/1351/2163
f 2286/1351/2164 2109/1347/2164 1734/1012/2164 1977/1015/2164
f 2091/1352/2165 2286/1351/2165 1977/1015/2165 1720/1020/2165
f 1727/1208/2166 1978/1015/2166 2287/1353/2166 2102/1203/2166
f 1978/1015/2167 1738/1204/2167 2111/1205/2167 2287/1353/2167
f 2287/1353/2168 2111/1205/2168 1799/1200/2168 2114/1340/2168
f 2102/1203/2169 2287/1353/2169 2114/1340/2169 1794/1162/2169
f 1767/1066/2170 2118/1065/2170 2288/1072/2170 2043/1071/2170
f 2118/1065/2171 1802/1064/2171 2120/1071/2171 2288/1072/2171
f 2288/1072/2172 2120/1071/2172 1803/1073/2172 2057/1070/2172
f 2043/1071/2173 2288/1072/2173 2057/1070/2173 1769/1073/2173
f 1769/983/2174 2057/1070/2174 2289/1275/2174 2045/1265/2174
f 2057/1070/2175 1803/983/2175 2121/1265/2175 2289/1275/2175
f 2289/1275/2176 2121/1265/2176 1801/993/2176 2055/1041/2176
f 2045/1265/2177 2289/1275/2177 2055/1041/2177 1770/993/2177
f 1768/1056/2178 2116/1354/2178 2290/1355/2178 2042/1067/2178
f 2116/1354/2179 1800/1054/2179 2122/1062/2179 2290/1355/2179
f 2290/1355/2180 2122/1062/2180 1802/1064/2180 2118/1065/2180
f 2042/1067/2181 2290/1355/2181 2118/1065/2181 1767/1066/2181
f 1770/1051/2182 2055/967/2182 2291/1356/2182 2044/1057/2182
f 2055/967/2183 1801/1051/2183 2123/1052/2183 2291/1356/2183
f 2291/1356/2184 2123/1052/2184 1800/1054/2184 2116/1354/2184
f 2044/1057/2185 2291/1356/2185 2116/1354/2185 1768/1056/2185
o Sphere.001
v 2.444655 8.315782 7.864019
v 2.454711 8.185911 7.656103
v 2.463920 8.072183 7.604864
v 2.474169 7.947579 7.601189
v 2.483900 7.831071 7.645639
v 2.491630 7.740396 7.731446
v 2.496183 7.689358 7.845547
v 2.497029 7.681406 7.907878
v 2.475864 8.318105 7.872299
v 2.536824 8.278068 7.770684
v 2.587726 8.195812 7.691390
v 2.620821 8.083861 7.646487
v 2.631071 7.959258 7.642813
v 2.616915 7.840971 7.680926
v 2.580508 7.747011 7.755024
v 2.527393 7.691680 7.853827
v 2.498803 8.319319 7.895110
v 2.602148 8.281526 7.835644
v 2.685490 8.200988 7.788609
v 2.736141 8.089966 7.761166
v 2.746391 7.965362 7.757491
v 2.714678 7.846147 7.778145
v 2.645831 7.750469 7.819984
v 2.550331 7.692895 7.876637
v 2.507324 8.319099 7.926340
v 2.626413 8.280899 7.924581
v 2.721806 8.200049 7.921712
v 2.778979 8.088860 7.918171
v 2.789228 7.964256 7.914496
v 2.750994 7.845209 7.911248
v 2.670097 7.749842 7.908920
v 2.558852 7.692675 7.907867
v 2.499144 8.317504 7.957622
v 2.603119 8.276356 8.013663
v 2.686944 8.193251 8.055033
v 2.737857 8.080839 8.075434
v 2.748106 7.956236 8.071759
v 2.716132 7.838410 8.044569
v 2.646803 7.745299 7.998003
v 2.550672 7.691080 7.939149
v 2.476455 8.314960 7.980572
v 2.538507 8.269114 8.079021
v 2.590245 8.182412 8.152849
v 2.623793 8.068054 8.190816
v 2.634043 7.943450 8.187141
v 2.619434 7.827571 8.142385
v 2.582191 7.738057 8.063361
v 2.527984 7.688537 7.962100
v 2.496866 7.685727 7.970571
v 2.413537 8.312972 7.872490
v 2.359329 8.263452 7.771228
v 2.322086 8.173938 7.692204
v 2.307478 8.058058 7.647448
v 2.317727 7.933455 7.643774
v 2.351275 7.819097 7.681741
v 2.403013 7.732395 7.755569
v 2.465065 7.686548 7.854018
v 2.447947 8.271452 7.747106
vn 0.2042 0.4158 -0.8862
vn 0.0243 0.9350 -0.3538
vn 0.1248 0.7276 -0.6746
vn 0.2650 -0.3243 -0.9081
vn 0.2387 -0.6567 -0.7154
vn 0.5610 -0.6356 -0.5303
vn -0.2632 0.0068 -0.9647
vn 0.6203 0.4430 -0.6473
vn 0.3515 -0.8846 -0.3064
vn 0.7009 0.0786 -0.7090
vn 0.2009 0.9465 -0.2524
vn 0.6811 -0.2971 -0.6691
vn 0.4472 0.7486 -0.4895
vn 0.3035 0.9498 -0.0761
vn 0.9229 -0.2895 -0.2538
vn 0.6345 0.7545 -0.1678
vn 0.7483 -0.6297 -0.2086
vn 0.8620 0.4506 -0.2320
vn 0.4542 -0.8814 -0.1301
vn 0.9613 0.0868 -0.2617
vn 0.8647 0.4367 0.2484
vn 0.4553 -0.8873 0.0738
vn 0.9641 0.0718 0.2558
vn 0.3046 0.9439 0.1278
vn 0.9255 -0.3034 0.2265
vn 0.6365 0.7437 0.2044
vn 0.7503 -0.6405 0.1635
vn 0.6883 -0.3352 0.6433
vn 0.2039 0.9304 0.3047
vn 0.4527 0.7191 0.5272
vn 0.5666 -0.6651 0.4864
vn 0.6274 0.4049 0.6651
vn 0.3546 -0.9008 0.2507
vn 0.7086 0.0375 0.7046
vn -0.1791 0.9183 -0.3532
vn -0.2463 0.6970 -0.6735
vn -0.2139 -0.3638 -0.9066
vn -0.1324 -0.6872 -0.7143
vn -0.2748 0.3764 -0.8848
vn -0.0284 -0.9129 -0.4072
vn 0.1749 -0.8961 -0.4078
vn 0.2527 0.0493 -0.9663
vt 0.750000 0.687500
vt 0.666667 0.687500
vt 0.666667 0.562500
vt 0.750000 0.562500
vt 0.750000 0.812500
vt 0.750000 0.937500
vt 0.666667 0.937500
vt 0.666667 0.812500
vt 0.750000 0.312500
vt 0.750000 0.437500
vt 0.666667 0.437500
vt 0.666667 0.312500
vt 0.750000 0.187500
vt 0.666667 0.187500
vt 0.583333 0.312500
vt 0.583333 0.187500
vt 0.833333 0.562500
vt 0.833333 0.437500
vt 0.583333 0.687500
vt 0.583333 0.562500
vt 0.666667 0.062500
vt 0.583333 0.062500
vt 0.583333 0.437500
vt 0.583333 0.937500
vt 0.583333 0.812500
vt 0.500000 0.937500
vt 0.500000 0.812500
vt 0.500000 0.437500
vt 0.500000 0.312500
vt 0.500000 0.687500
vt 0.500000 0.187500
vt 0.500000 0.562500
vt 0.500000 0.062500
vt 0.416667 0.687500
vt 0.416667 0.562500
vt 0.416667 0.187500
vt 0.416667 0.062500
vt 0.416667 0.437500
vt 0.416667 0.937500
vt 0.416667 0.812500
vt 0.416667 0.312500
vt 0.333333 0.437500
vt 0.333333 0.312500
vt 0.333333 0.937500
vt 0.333333 0.812500
vt 0.333333 0.687500
vt 0.333333 0.187500
vt 0.333333 0.562500
vt 0.333333 0.062500
vt 0.833333 0.812500
vt 0.833333 0.937500
vt 0.833333 0.687500
vt 0.833333 0.312500
vt 0.833333 0.187500
vt 0.833333 0.062500
vt 0.750000 0.062500
s 0
f 2293/1357/2186 2302/1358/2186 2303/1359/2186 2294/1360/2186
f 2349/1361/2187 2292/1362/2187 2300/1363/2187 2301/1364/2187
f 2293/1357/2188 2349/1361/2188 2301/1364/2188 2302/1358/2188
f 2296/1365/2189 2295/1366/2189 2304/1367/2189 2305/1368/2189
f 2297/1369/2190 2296/1365/2190 2305/1368/2190 2306/1370/2190
f 2305/1368/2191 2313/1371/2191 2314/1372/2191 2306/1370/2191
f 2344/1373/2192 2294/1360/2192 2295/1366/2192 2345/1374/2192
f 2303/1359/2193 2302/1358/2193 2310/1375/2193 2311/1376/2193
f 2307/1377/2194 2306/1370/2194 2314/1372/2194 2315/1378/2194
f 2304/1367/2195 2303/1359/2195 2311/1376/2195 2312/1379/2195
f 2301/1364/2196 2300/1363/2196 2308/1380/2196 2309/1381/2196
f 2305/1368/2197 2304/1367/2197 2312/1379/2197 2313/1371/2197
f 2302/1358/2198 2301/1364/2198 2309/1381/2198 2310/1375/2198
f 2309/1381/2199 2308/1380/2199 2316/1382/2199 2317/1383/2199
f 2313/1371/2200 2312/1379/2200 2320/1384/2200 2321/1385/2200
f 2310/1375/2201 2309/1381/2201 2317/1383/2201 2318/1386/2201
f 2314/1372/2202 2313/1371/2202 2321/1385/2202 2322/1387/2202
f 2311/1376/2203 2310/1375/2203 2318/1386/2203 2319/1388/2203
f 2315/1378/2204 2314/1372/2204 2322/1387/2204 2323/1389/2204
f 2312/1379/2205 2311/1376/2205 2319/1388/2205 2320/1384/2205
f 2319/1388/2206 2318/1386/2206 2326/1390/2206 2327/1391/2206
f 2323/1389/2207 2322/1387/2207 2330/1392/2207 2331/1393/2207
f 2320/1384/2208 2319/1388/2208 2327/1391/2208 2328/1394/2208
f 2317/1383/2209 2316/1382/2209 2324/1395/2209 2325/1396/2209
f 2321/1385/2210 2320/1384/2210 2328/1394/2210 2329/1397/2210
f 2318/1386/2211 2317/1383/2211 2325/1396/2211 2326/1390/2211
f 2322/1387/2212 2321/1385/2212 2329/1397/2212 2330/1392/2212
f 2329/1397/2213 2328/1394/2213 2336/1398/2213 2337/1399/2213
f 2324/1395/2214 2332/1400/2214 2333/1401/2214 2325/1396/2214
f 2326/1390/2215 2325/1396/2215 2333/1401/2215 2334/1402/2215
f 2330/1392/2216 2329/1397/2216 2337/1399/2216 2338/1403/2216
f 2327/1391/2217 2326/1390/2217 2334/1402/2217 2335/1404/2217
f 2331/1393/2218 2330/1392/2218 2338/1403/2218 2339/1405/2218
f 2328/1394/2219 2327/1391/2219 2335/1404/2219 2336/1398/2219
f 2342/1406/2220 2341/1407/2220 2292/1362/2220 2349/1361/2220
f 2343/1408/2221 2342/1406/2221 2349/1361/2221 2293/1357/2221
f 2346/1409/2222 2345/1374/2222 2295/1366/2222 2296/1365/2222
f 2347/1410/2223 2346/1409/2223 2296/1365/2223 2297/1369/2223
f 2344/1373/2224 2343/1408/2224 2293/1357/2224 2294/1360/2224
f 2348/1411/2225 2347/1410/2225 2297/1369/2225 2298/1412/2225
f 2298/1412/2226 2297/1369/2226 2306/1370/2226 2307/1377/2226
f 2295/1366/2227 2294/1360/2227 2303/1359/2227 2304/1367/2227
l 2340 2339
l 2340 2299
l 2348 2299
o Sphere.003
v 2.676272 8.177096 7.801229
v 2.676272 8.135371 7.723167
v 2.676272 8.027566 7.678513
v 2.691144 8.177096 7.805214
v 2.718623 8.154331 7.757618
v 2.730175 8.135371 7.737610
v 2.746699 8.085910 7.708989
v 2.752502 8.027566 7.698939
v 2.746699 7.969222 7.708989
v 2.730175 7.919761 7.737610
v 2.705444 7.886712 7.780446
v 2.702030 8.177096 7.816101
v 2.749626 8.154331 7.788621
v 2.769634 8.135371 7.777070
v 2.798255 8.085910 7.760545
v 2.808306 8.027566 7.754743
v 2.798255 7.969222 7.760545
v 2.769634 7.919761 7.777070
v 2.726799 7.886712 7.801801
v 2.706015 8.177096 7.830973
v 2.760974 8.154331 7.830973
v 2.784077 8.135371 7.830973
v 2.817126 8.085910 7.830973
v 2.828732 8.027566 7.830973
v 2.817126 7.969222 7.830973
v 2.784077 7.919761 7.830973
v 2.734616 7.886712 7.830973
v 2.702030 8.177096 7.845844
v 2.749626 8.154331 7.873324
v 2.769634 8.135371 7.884875
v 2.798255 8.085910 7.901400
v 2.808306 8.027566 7.907203
v 2.798255 7.969222 7.901400
v 2.769634 7.919761 7.884875
v 2.726799 7.886712 7.860145
v 2.691144 8.177096 7.856731
v 2.718623 8.154331 7.904327
v 2.730175 8.135371 7.924335
v 2.746699 8.085910 7.952956
v 2.752502 8.027566 7.963006
v 2.746699 7.969222 7.952956
v 2.730175 7.919761 7.924335
v 2.705444 7.886712 7.881500
v 2.661400 8.177096 7.805214
v 2.633921 8.154331 7.757618
v 2.622369 8.135371 7.737610
v 2.605845 8.085910 7.708989
v 2.600042 8.027566 7.698939
v 2.605845 7.969222 7.708989
v 2.622369 7.919761 7.737610
v 2.647100 7.886712 7.780446
v 2.676272 8.154331 7.746271
v 2.676272 8.085910 7.690118
v 2.676272 7.969222 7.690118
v 2.676272 7.919761 7.723167
v 2.676272 7.886712 7.772629
vn 0.4023 -0.8224 -0.4023
vn 0.6944 0.1887 -0.6944
vn 0.6944 -0.1887 -0.6944
vn 0.5941 -0.5423 -0.5941
vn 0.1676 0.7621 -0.6254
vn 0.5494 0.7730 -0.3172
vn 0.5495 -0.8224 -0.1472
vn 0.8116 0.5423 -0.2175
vn 0.9486 0.1887 -0.2542
vn 0.9486 -0.1887 -0.2542
vn 0.3807 0.9191 -0.1020
vn 0.8116 -0.5423 -0.2175
vn 0.5941 0.5423 -0.5941
vn 0.3807 0.9191 0.1020
vn 0.9486 -0.1887 0.2542
vn 0.8116 -0.5423 0.2175
vn 0.8116 0.5423 0.2175
vn 0.5495 -0.8224 0.1472
vn 0.9486 0.1887 0.2542
vn 0.5941 0.5423 0.5941
vn 0.4023 -0.8224 0.4023
vn 0.6944 0.1887 0.6944
vn 0.6944 -0.1887 0.6944
vn 0.2787 0.9191 0.2787
vn 0.5941 -0.5423 0.5941
vn 0.6254 0.7621 0.1676
vn -0.2542 -0.1887 -0.9486
vn -0.1020 0.9191 -0.3807
vn -0.2175 -0.5423 -0.8116
vn 0.4578 0.7621 0.4578
vn -0.2175 0.5423 -0.8116
vn -0.1472 -0.8224 -0.5495
vn -0.2542 0.1887 -0.9486
vn 0.2175 -0.5423 -0.8116
vn 0.1020 0.9191 -0.3807
vn 0.1472 -0.8224 -0.5495
vn -0.1676 0.7621 -0.6254
vn 0.2542 -0.1887 -0.9486
vn 0.2787 0.9191 -0.2787
vn 0.2175 0.5423 -0.8116
vn 0.2542 0.1887 -0.9486
vt 0.666667 0.125000
vt 0.666667 0.250000
vt 0.583333 0.250000
vt 0.583333 0.125000
vt 0.666667 0.500000
vt 0.666667 0.625000
vt 0.583333 0.625000
vt 0.583333 0.500000
vt 0.666667 0.375000
vt 0.583333 0.375000
vt 0.750000 0.750000
vt 0.750000 0.812500
vt 0.666667 0.812500
vt 0.666667 0.750000
vt 0.583333 0.812500
vt 0.500000 0.812500
vt 0.500000 0.750000
vt 0.583333 0.750000
vt 0.500000 0.250000
vt 0.500000 0.125000
vt 0.500000 0.625000
vt 0.500000 0.500000
vt 0.500000 0.375000
vt 0.583333 0.937500
vt 0.500000 0.937500
vt 0.416667 0.937500
vt 0.416667 0.812500
vt 0.416667 0.500000
vt 0.416667 0.375000
vt 0.416667 0.250000
vt 0.416667 0.750000
vt 0.416667 0.625000
vt 0.416667 0.125000
vt 0.333333 0.750000
vt 0.333333 0.625000
vt 0.333333 0.250000
vt 0.333333 0.125000
vt 0.333333 0.500000
vt 0.333333 0.375000
vt 0.333333 0.937500
vt 0.333333 0.812500
vt 0.833333 0.375000
vt 0.833333 0.500000
vt 0.750000 0.500000
vt 0.750000 0.375000
vt 0.833333 0.812500
vt 0.833333 0.937500
vt 0.750000 0.937500
vt 0.833333 0.250000
vt 0.750000 0.250000
vt 0.833333 0.625000
vt 0.833333 0.750000
vt 0.750000 0.625000
vt 0.833333 0.125000
vt 0.750000 0.125000
vt 0.666667 0.937500
s 0
f 2360/1413/2228 2359/1414/2228 2367/1415/2228 2368/1416/2228
f 2357/1417/2229 2356/1418/2229 2364/1419/2229 2365/1420/2229
f 2358/1421/2230 2357/1417/2230 2365/1420/2230 2366/1422/2230
f 2359/1414/2231 2358/1421/2231 2366/1422/2231 2367/1415/2231
f 2351/1423/2232 2401/1424/2232 2354/1425/2232 2355/1426/2232
f 2362/1427/2233 2370/1428/2233 2371/1429/2233 2363/1430/2233 2355/1426/2233 2354/1425/2233
f 2368/1416/2234 2367/1415/2234 2375/1431/2234 2376/1432/2234
f 2364/1419/2235 2363/1430/2235 2371/1429/2235 2372/1433/2235
f 2365/1420/2236 2364/1419/2236 2372/1433/2236 2373/1434/2236
f 2365/1420/2237 2373/1434/2237 2374/1435/2237 2366/1422/2237
f 2362/1427/2238 2361/1436/2238 2369/1437/2238 2370/1428/2238
f 2367/1415/2239 2366/1422/2239 2374/1435/2239 2375/1431/2239
f 2355/1426/2240 2363/1430/2240 2364/1419/2240 2356/1418/2240
f 2370/1428/2241 2369/1437/2241 2377/1438/2241 2378/1439/2241
f 2374/1435/2242 2373/1434/2242 2381/1440/2242 2382/1441/2242
f 2375/1431/2243 2374/1435/2243 2382/1441/2243 2383/1442/2243
f 2371/1429/2244 2379/1443/2244 2380/1444/2244 2372/1433/2244
f 2375/1431/2245 2383/1442/2245 2384/1445/2245 2376/1432/2245
f 2373/1434/2246 2372/1433/2246 2380/1444/2246 2381/1440/2246
f 2380/1444/2247 2379/1443/2247 2387/1446/2247 2388/1447/2247
f 2384/1445/2248 2383/1442/2248 2391/1448/2248 2392/1449/2248
f 2381/1440/2249 2380/1444/2249 2388/1447/2249 2389/1450/2249
f 2381/1440/2250 2389/1450/2250 2390/1451/2250 2382/1441/2250
f 2377/1438/2251 2385/1452/2251 2386/1453/2251 2378/1439/2251
f 2383/1442/2252 2382/1441/2252 2390/1451/2252 2391/1448/2252
f 2371/1429/2253 2370/1428/2253 2378/1439/2253 2379/1443/2253
f 2398/1454/2254 2397/1455/2254 2352/1456/2254 2403/1457/2254
f 2394/1458/2255 2393/1459/2255 2350/1460/2255 2401/1424/2255
f 2399/1461/2256 2398/1454/2256 2403/1457/2256 2404/1462/2256
f 2379/1443/2257 2378/1439/2257 2386/1453/2257 2387/1446/2257
f 2396/1463/2258 2395/1464/2258 2351/1423/2258 2402/1465/2258
f 2400/1466/2259 2399/1461/2259 2404/1462/2259 2405/1467/2259
f 2397/1455/2260 2396/1463/2260 2402/1465/2260 2352/1456/2260
f 2404/1462/2261 2403/1457/2261 2358/1421/2261 2359/1414/2261
f 2401/1424/2262 2350/1460/2262 2353/1468/2262 2354/1425/2262
f 2404/1462/2263 2359/1414/2263 2360/1413/2263 2405/1467/2263
f 2395/1464/2264 2394/1458/2264 2401/1424/2264 2351/1423/2264
f 2403/1457/2265 2352/1456/2265 2357/1417/2265 2358/1421/2265
f 2354/1425/2266 2353/1468/2266 2361/1436/2266 2362/1427/2266
f 2402/1465/2267 2351/1423/2267 2355/1426/2267 2356/1418/2267
f 2352/1456/2268 2402/1465/2268 2356/1418/2268 2357/1417/2268
o Sphere.002
v 2.480907 8.309485 8.612423
v 2.665996 8.179615 8.517174
v 2.714975 8.065886 8.499529
v 2.723282 7.941283 8.506568
v 2.689652 7.824775 8.537220
v 2.619206 7.734099 8.586818
v 2.522668 7.683062 8.647812
v 2.469111 7.675110 8.679709
v 2.489341 8.311809 8.643591
v 2.607822 8.271771 8.645576
v 2.701944 8.189516 8.650012
v 2.757379 8.077565 8.656221
v 2.765686 7.952961 8.663260
v 2.725600 7.834675 8.670057
v 2.643226 7.740715 8.675577
v 2.531103 7.685384 8.678980
v 2.481056 8.313023 8.674862
v 2.584227 8.275229 8.734628
v 2.666631 8.194692 8.783287
v 2.715724 8.083670 8.813431
v 2.724031 7.959066 8.820470
v 2.690287 7.839850 8.803333
v 2.619631 7.744173 8.764629
v 2.522818 7.686599 8.710251
v 2.458270 8.312803 8.697857
v 2.519339 8.274603 8.800111
v 2.569519 8.193753 8.881289
v 2.601172 8.082563 8.929032
v 2.609479 7.957960 8.936071
v 2.593175 7.838912 8.901335
v 2.554742 7.743546 8.830112
v 2.500032 7.686378 8.733245
v 2.427090 8.311208 8.706413
v 2.430544 8.270060 8.824479
v 2.436629 8.186954 8.917759
v 2.444417 8.074543 8.972051
v 2.452724 7.949940 8.979090
v 2.460285 7.832114 8.937804
v 2.465948 7.739003 8.854480
v 2.468851 7.684783 8.741802
v 2.395869 8.308664 8.698240
v 2.341636 8.262817 8.801203
v 2.303568 8.176116 8.882923
v 2.287462 8.061758 8.930960
v 2.295768 7.937154 8.937999
v 2.327224 7.821275 8.902969
v 2.377039 7.731761 8.831204
v 2.437631 7.682240 8.733628
v 2.414736 7.679431 8.710915
v 2.458012 8.306676 8.589709
v 2.518603 8.257155 8.492134
v 2.568419 8.167642 8.420368
v 2.599874 8.051762 8.385339
v 2.608181 7.927158 8.392378
v 2.592075 7.812800 8.440414
v 2.554007 7.726099 8.522135
v 2.499774 7.680252 8.625097
v 2.583802 8.265156 8.556817
vn 0.8696 0.4158 -0.2663
vn 0.3186 0.9350 -0.1559
vn 0.6466 0.7276 -0.2292
vn 0.9189 -0.3243 -0.2245
vn 0.7389 -0.6567 -0.1510
vn 0.7398 -0.6356 0.2207
vn 0.7039 0.0068 -0.7103
vn 0.8707 0.4430 0.2135
vn 0.4411 -0.8846 0.1512
vn 0.9644 0.0786 0.2525
vn 0.3191 0.9465 0.0478
vn 0.9201 -0.2971 0.2553
vn 0.6475 0.7486 0.1425
vn 0.2177 0.9498 0.2248
vn 0.6813 -0.2895 0.6723
vn 0.4625 0.7545 0.4656
vn 0.5548 -0.6297 0.5438
vn 0.6320 0.4506 0.6305
vn 0.3398 -0.8814 0.3283
vn 0.7072 0.0868 0.7016
vn 0.2172 0.4367 0.8730
vn 0.1637 -0.8873 0.4312
vn 0.2605 0.0718 0.9628
vn 0.0416 0.9439 0.3277
vn 0.2666 -0.3034 0.9148
vn 0.1413 0.7437 0.6534
vn 0.2335 -0.6405 0.7316
vn -0.2130 -0.3352 0.9177
vn -0.1619 0.9304 0.3290
vn -0.2302 0.7191 0.6557
vn -0.1379 -0.6651 0.7339
vn -0.2623 0.4049 0.8759
vn -0.0398 -0.9008 0.4324
vn -0.2559 0.0375 0.9660
vn 0.2164 0.9183 -0.3317
vn 0.4601 0.6970 -0.5500
vn 0.6782 -0.3638 -0.6386
vn 0.5524 -0.6872 -0.4718
vn 0.6288 0.3764 -0.6804
vn 0.3384 -0.9129 -0.2282
vn 0.4406 -0.8961 -0.0525
vn 0.9632 0.0493 -0.2643
vt 0.750000 0.687500
vt 0.666667 0.687500
vt 0.666667 0.562500
vt 0.750000 0.562500
vt 0.750000 0.812500
vt 0.750000 0.937500
vt 0.666667 0.937500
vt 0.666667 0.812500
vt 0.750000 0.312500
vt 0.750000 0.437500
vt 0.666667 0.437500
vt 0.666667 0.312500
vt 0.750000 0.187500
vt 0.666667 0.187500
vt 0.583333 0.312500
vt 0.583333 0.187500
vt 0.833333 0.562500
vt 0.833333 0.437500
vt 0.583333 0.687500
vt 0.583333 0.562500
vt 0.666667 0.062500
vt 0.583333 0.062500
vt 0.583333 0.437500
vt 0.583333 0.937500
vt 0.583333 0.812500
vt 0.500000 0.937500
vt 0.500000 0.812500
vt 0.500000 0.437500
vt 0.500000 0.312500
vt 0.500000 0.687500
vt 0.500000 0.187500
vt 0.500000 0.562500
vt 0.500000 0.062500
vt 0.416667 0.687500
vt 0.416667 0.562500
vt 0.416667 0.187500
vt 0.416667 0.062500
vt 0.416667 0.437500
vt 0.416667 0.937500
vt 0.416667 0.812500
vt 0.416667 0.312500
vt 0.333333 0.437500
vt 0.333333 0.312500
vt 0.333333 0.937500
vt 0.333333 0.812500
vt 0.333333 0.687500
vt 0.333333 0.187500
vt 0.333333 0.562500
vt 0.333333 0.062500
vt 0.833333 0.812500
vt 0.833333 0.937500
vt 0.833333 0.687500
vt 0.833333 0.312500
vt 0.833333 0.187500
vt 0.833333 0.062500
vt 0.750000 0.062500
s 0
f 2407/1469/2269 2416/1470/2269 2417/1471/2269 2408/1472/2269
f 2463/1473/2270 2406/1474/2270 2414/1475/2270 2415/1476/2270
f 2407/1469/2271 2463/1473/2271 2415/1476/2271 2416/1470/2271
f 2410/1477/2272 2409/1478/2272 2418/1479/2272 2419/1480/2272
f 2411/1481/2273 2410/1477/2273 2419/1480/2273 2420/1482/2273
f 2419/1480/2274 2427/1483/2274 2428/1484/2274 2420/1482/2274
f 2458/1485/2275 2408/1472/2275 2409/1478/2275 2459/1486/2275
f 2417/1471/2276 2416/1470/2276 2424/1487/2276 2425/1488/2276
f 2421/1489/2277 2420/1482/2277 2428/1484/2277 2429/1490/2277
f 2418/1479/2278 2417/1471/2278 2425/1488/2278 2426/1491/2278
f 2415/1476/2279 2414/1475/2279 2422/1492/2279 2423/1493/2279
f 2419/1480/2280 2418/1479/2280 2426/1491/2280 2427/1483/2280
f 2416/1470/2281 2415/1476/2281 2423/1493/2281 2424/1487/2281
f 2423/1493/2282 2422/1492/2282 2430/1494/2282 2431/1495/2282
f 2427/1483/2283 2426/1491/2283 2434/1496/2283 2435/1497/2283
f 2424/1487/2284 2423/1493/2284 2431/1495/2284 2432/1498/2284
f 2428/1484/2285 2427/1483/2285 2435/1497/2285 2436/1499/2285
f 2425/1488/2286 2424/1487/2286 2432/1498/2286 2433/1500/2286
f 2429/1490/2287 2428/1484/2287 2436/1499/2287 2437/1501/2287
f 2426/1491/2288 2425/1488/2288 2433/1500/2288 2434/1496/2288
f 2433/1500/2289 2432/1498/2289 2440/1502/2289 2441/1503/2289
f 2437/1501/2290 2436/1499/2290 2444/1504/2290 2445/1505/2290
f 2434/1496/2291 2433/1500/2291 2441/1503/2291 2442/1506/2291
f 2431/1495/2292 2430/1494/2292 2438/1507/2292 2439/1508/2292
f 2435/1497/2293 2434/1496/2293 2442/1506/2293 2443/1509/2293
f 2432/1498/2294 2431/1495/2294 2439/1508/2294 2440/1502/2294
f 2436/1499/2295 2435/1497/2295 2443/1509/2295 2444/1504/2295
f 2443/1509/2296 2442/1506/2296 2450/1510/2296 2451/1511/2296
f 2438/1507/2297 2446/1512/2297 2447/1513/2297 2439/1508/2297
f 2440/1502/2298 2439/1508/2298 2447/1513/2298 2448/1514/2298
f 2444/1504/2299 2443/1509/2299 2451/1511/2299 2452/1515/2299
f 2441/1503/2300 2440/1502/2300 2448/1514/2300 2449/1516/2300
f 2445/1505/2301 2444/1504/2301 2452/1515/2301 2453/1517/2301
f 2442/1506/2302 2441/1503/2302 2449/1516/2302 2450/1510/2302
f 2456/1518/2303 2455/1519/2303 2406/1474/2303 2463/1473/2303
f 2457/1520/2304 2456/1518/2304 2463/1473/2304 2407/1469/2304
f 2460/1521/2305 2459/1486/2305 2409/1478/2305 2410/1477/2305
f 2461/1522/2306 2460/1521/2306 2410/1477/2306 2411/1481/2306
f 2458/1485/2307 2457/1520/2307 2407/1469/2307 2408/1472/2307
f 2462/1523/2308 2461/1522/2308 2411/1481/2308 2412/1524/2308
f 2412/1524/2309 2411/1481/2309 2420/1482/2309 2421/1489/2309
f 2409/1478/2310 2408/1472/2310 2417/1471/2310 2418/1479/2310
l 2454 2453
l 2454 2413
l 2462 2413
o Sphere.004
v 2.651093 8.170801 8.781615
v 2.718696 8.129076 8.742584
v 2.757368 8.021271 8.720257
v 2.655078 8.170801 8.796487
v 2.710036 8.148036 8.796487
v 2.733140 8.129076 8.796487
v 2.766189 8.079615 8.796487
v 2.777794 8.021271 8.796487
v 2.766189 7.962927 8.796487
v 2.733140 7.913465 8.796487
v 2.683678 7.880416 8.796487
v 2.651093 8.170801 8.811358
v 2.698689 8.148036 8.838838
v 2.718696 8.129076 8.850389
v 2.747318 8.079615 8.866914
v 2.757368 8.021271 8.872717
v 2.747318 7.962927 8.866914
v 2.718696 7.913465 8.850389
v 2.675861 7.880416 8.825659
v 2.640206 8.170801 8.822246
v 2.667685 8.148036 8.869841
v 2.679237 8.129076 8.889849
v 2.695761 8.079615 8.918470
v 2.701564 8.021271 8.928521
v 2.695761 7.962927 8.918470
v 2.679237 7.913465 8.889849
v 2.654506 7.880416 8.847014
v 2.625334 8.170801 8.826230
v 2.625334 8.148036 8.881189
v 2.625334 8.129076 8.904292
v 2.625334 8.079615 8.937342
v 2.625334 8.021271 8.948947
v 2.625334 7.962927 8.937342
v 2.625334 7.913465 8.904292
v 2.625334 7.880416 8.854831
v 2.610463 8.170801 8.822246
v 2.582983 8.148036 8.869841
v 2.571432 8.129076 8.889849
v 2.554907 8.079615 8.918470
v 2.549104 8.021271 8.928521
v 2.554907 7.962927 8.918470
v 2.571432 7.913465 8.889849
v 2.596162 7.880416 8.847014
v 2.640206 8.170801 8.770728
v 2.667685 8.148036 8.723133
v 2.679237 8.129076 8.703125
v 2.695761 8.079615 8.674503
v 2.701564 8.021271 8.664453
v 2.695761 7.962927 8.674503
v 2.679237 7.913465 8.703125
v 2.654506 7.880416 8.745959
v 2.698689 8.148036 8.754136
v 2.747318 8.079615 8.726060
v 2.747318 7.962927 8.726060
v 2.718696 7.913465 8.742584
v 2.675862 7.880416 8.767315
vn 0.5495 -0.8224 0.1472
vn 0.9486 0.1887 0.2542
vn 0.9486 -0.1887 0.2542
vn 0.8116 -0.5423 0.2175
vn 0.6254 0.7621 -0.1676
vn 0.5494 0.7730 0.3172
vn 0.4023 -0.8224 0.4023
vn 0.5941 0.5423 0.5941
vn 0.6944 0.1887 0.6944
vn 0.6944 -0.1887 0.6944
vn 0.2787 0.9191 0.2787
vn 0.5941 -0.5423 0.5941
vn 0.8116 0.5423 0.2175
vn 0.1020 0.9191 0.3807
vn 0.2542 -0.1887 0.9486
vn 0.2175 -0.5423 0.8116
vn 0.2175 0.5423 0.8116
vn 0.1472 -0.8224 0.5495
vn 0.2542 0.1887 0.9486
vn -0.2175 0.5423 0.8116
vn -0.1472 -0.8224 0.5495
vn -0.2542 0.1887 0.9486
vn -0.2542 -0.1887 0.9486
vn -0.1020 0.9191 0.3807
vn -0.2175 -0.5423 0.8116
vn 0.1676 0.7621 0.6254
vn 0.6944 -0.1887 -0.6944
vn 0.2787 0.9191 -0.2787
vn 0.5941 -0.5423 -0.5941
vn -0.1676 0.7621 0.6254
vn 0.5941 0.5423 -0.5941
vn 0.4023 -0.8224 -0.4023
vn 0.6944 0.1887 -0.6944
vn 0.8116 -0.5423 -0.2175
vn 0.3807 0.9191 -0.1020
vn 0.5495 -0.8224 -0.1472
vn 0.4578 0.7621 -0.4578
vn 0.9486 -0.1887 -0.2542
vn 0.3807 0.9191 0.1020
vn 0.8116 0.5423 -0.2175
vn 0.9486 0.1887 -0.2542
vt 0.666667 0.125000
vt 0.666667 0.250000
vt 0.583333 0.250000
vt 0.583333 0.125000
vt 0.666667 0.500000
vt 0.666667 0.625000
vt 0.583333 0.625000
vt 0.583333 0.500000
vt 0.666667 0.375000
vt 0.583333 0.375000
vt 0.750000 0.750000
vt 0.750000 0.812500
vt 0.666667 0.812500
vt 0.666667 0.750000
vt 0.583333 0.812500
vt 0.500000 0.812500
vt 0.500000 0.750000
vt 0.583333 0.750000
vt 0.500000 0.250000
vt 0.500000 0.125000
vt 0.500000 0.625000
vt 0.500000 0.500000
vt 0.500000 0.375000
vt 0.583333 0.937500
vt 0.500000 0.937500
vt 0.416667 0.937500
vt 0.416667 0.812500
vt 0.416667 0.500000
vt 0.416667 0.375000
vt 0.416667 0.250000
vt 0.416667 0.750000
vt 0.416667 0.625000
vt 0.416667 0.125000
vt 0.333333 0.750000
vt 0.333333 0.625000
vt 0.333333 0.250000
vt 0.333333 0.125000
vt 0.333333 0.500000
vt 0.333333 0.375000
vt 0.333333 0.937500
vt 0.333333 0.812500
vt 0.833333 0.375000
vt 0.833333 0.500000
vt 0.750000 0.500000
vt 0.750000 0.375000
vt 0.833333 0.812500
vt 0.833333 0.937500
vt 0.750000 0.937500
vt 0.833333 0.250000
vt 0.750000 0.250000
vt 0.833333 0.625000
vt 0.833333 0.750000
vt 0.750000 0.625000
vt 0.833333 0.125000
vt 0.750000 0.125000
vt 0.666667 0.937500
s 0
f 2474/1525/2311 2473/1526/2311 2481/1527/2311 2482/1528/2311
f 2471/1529/2312 2470/1530/2312 2478/1531/2312 2479/1532/2312
f 2472/1533/2313 2471/1529/2313 2479/1532/2313 2480/1534/2313
f 2473/1526/2314 2472/1533/2314 2480/1534/2314 2481/1527/2314
f 2465/1535/2315 2515/1536/2315 2468/1537/2315 2469/1538/2315
f 2476/1539/2316 2484/1540/2316 2485/1541/2316 2477/1542/2316 2469/1538/2316 2468/1537/2316
f 2482/1528/2317 2481/1527/2317 2489/1543/2317 2490/1544/2317
f 2478/1531/2318 2477/1542/2318 2485/1541/2318 2486/1545/2318
f 2479/1532/2319 2478/1531/2319 2486/1545/2319 2487/1546/2319
f 2479/1532/2320 2487/1546/2320 2488/1547/2320 2480/1534/2320
f 2476/1539/2321 2475/1548/2321 2483/1549/2321 2484/1540/2321
f 2481/1527/2322 2480/1534/2322 2488/1547/2322 2489/1543/2322
f 2469/1538/2323 2477/1542/2323 2478/1531/2323 2470/1530/2323
f 2484/1540/2324 2483/1549/2324 2491/1550/2324 2492/1551/2324
f 2488/1547/2325 2487/1546/2325 2495/1552/2325 2496/1553/2325
f 2489/1543/2326 2488/1547/2326 2496/1553/2326 2497/1554/2326
f 2485/1541/2327 2493/1555/2327 2494/1556/2327 2486/1545/2327
f 2489/1543/2328 2497/1554/2328 2498/1557/2328 2490/1544/2328
f 2487/1546/2329 2486/1545/2329 2494/1556/2329 2495/1552/2329
f 2494/1556/2330 2493/1555/2330 2501/1558/2330 2502/1559/2330
f 2498/1557/2331 2497/1554/2331 2505/1560/2331 2506/1561/2331
f 2495/1552/2332 2494/1556/2332 2502/1559/2332 2503/1562/2332
f 2495/1552/2333 2503/1562/2333 2504/1563/2333 2496/1553/2333
f 2491/1550/2334 2499/1564/2334 2500/1565/2334 2492/1551/2334
f 2497/1554/2335 2496/1553/2335 2504/1563/2335 2505/1560/2335
f 2485/1541/2336 2484/1540/2336 2492/1551/2336 2493/1555/2336
f 2512/1566/2337 2511/1567/2337 2466/1568/2337 2517/1569/2337
f 2508/1570/2338 2507/1571/2338 2464/1572/2338 2515/1536/2338
f 2513/1573/2339 2512/1566/2339 2517/1569/2339 2518/1574/2339
f 2493/1555/2340 2492/1551/2340 2500/1565/2340 2501/1558/2340
f 2510/1575/2341 2509/1576/2341 2465/1535/2341 2516/1577/2341
f 2514/1578/2342 2513/1573/2342 2518/1574/2342 2519/1579/2342
f 2511/1567/2343 2510/1575/2343 2516/1577/2343 2466/1568/2343
f 2518/1574/2344 2517/1569/2344 2472/1533/2344 2473/1526/2344
f 2515/1536/2345 2464/1572/2345 2467/1580/2345 2468/1537/2345
f 2518/1574/2346 2473/1526/2346 2474/1525/2346 2519/1579/2346
f 2509/1576/2347 2508/1570/2347 2515/1536/2347 2465/1535/2347
f 2517/1569/2348 2466/1568/2348 2471/1529/2348 2472/1533/2348
f 2468/1537/2349 2467/1580/2349 2475/1548/2349 2476/1539/2349
f 2516/1577/2350 2465/1535/2350 2469/1538/2350 2470/1530/2350
f 2466/1568/2351 2516/1577/2351 2470/1530/2351 2471/1529/2351
o Cube.009
v 1.420653 3.402889 -3.788741
v 1.461701 4.037216 -3.512323
v 1.381232 3.847472 -4.221120
v 1.418348 4.572596 -3.706458
v 2.112626 3.406720 -3.784562
v 2.016612 4.032403 -3.506550
v 2.095348 3.847186 -4.210137
v 1.993532 4.571027 -3.696953
v 1.533345 2.994320 -4.642812
v 1.611140 2.711760 -4.231884
v 2.169645 3.010266 -4.640654
v 2.223506 2.747724 -4.231165
v 2.489097 0.495863 -5.563935
v 2.494349 0.497516 -5.416671
v 2.710650 0.545762 -5.543117
v 2.722671 0.541624 -5.424959
v 1.865830 2.095981 -4.579714
v 2.372644 2.183729 -4.581555
v 2.317116 2.393904 -4.930088
v 1.796681 2.318355 -4.935426
v 2.483698 0.307120 -5.594565
v 2.479256 0.323002 -5.422541
v 2.785066 0.334923 -5.593638
v 2.811033 0.342335 -5.426508
v 2.852264 0.517392 -5.436490
v 2.831135 0.513524 -5.505427
v 2.932463 0.381719 -5.416432
v 2.896830 0.371010 -5.518699
v 2.954244 0.149302 -5.341437
v 2.934710 0.139566 -5.428582
v 3.024504 0.166462 -5.345568
v 2.995401 0.152373 -5.426700
v 3.003335 0.068357 -5.316972
v 2.992049 0.061134 -5.364268
v 3.044809 0.078496 -5.322658
v 3.028995 0.069556 -5.368989
v 2.474836 0.055744 -5.577250
v 2.473991 0.081302 -5.444511
v 2.808276 0.057564 -5.558921
v 2.805305 0.083042 -5.441392
v 2.356831 0.877935 -5.218246
v 2.616590 0.987830 -5.391951
v 2.637781 0.936730 -5.226997
v 2.331980 0.926154 -5.417333
v 2.540012 -0.218692 -5.468553
v 2.543753 -0.198427 -5.365126
v 2.789177 -0.224082 -5.452292
v 2.789242 -0.202833 -5.354664
v 1.420653 3.402889 -0.930078
v 1.461701 4.037216 -1.206496
v 1.381232 3.847472 -0.497699
v 1.418348 4.572596 -1.012361
v 2.112626 3.406720 -0.934258
v 2.016612 4.032403 -1.212269
v 2.095348 3.847186 -0.508682
v 1.993532 4.571027 -1.021867
v 1.533345 2.994320 -0.076007
v 1.611140 2.711760 -0.486935
v 2.169645 3.010266 -0.078165
v 2.223506 2.747724 -0.487654
v 2.489097 0.495863 0.845116
v 2.494349 0.497517 0.697852
v 2.710650 0.545762 0.824298
v 2.722671 0.541624 0.706140
v 1.865830 2.095982 -0.139105
v 2.372644 2.183729 -0.137264
v 2.317116 2.393904 0.211269
v 1.796681 2.318355 0.216606
v 2.483698 0.307119 0.875746
v 2.479256 0.323002 0.703722
v 2.785066 0.334923 0.874819
v 2.811034 0.342335 0.707689
v 2.852264 0.517392 0.717671
v 2.831135 0.513524 0.786608
v 2.932463 0.381719 0.697613
v 2.896830 0.371010 0.799880
v 2.954244 0.149302 0.622618
v 2.934711 0.139566 0.709763
v 3.024505 0.166462 0.626749
v 2.995401 0.152373 0.707880
v 3.003335 0.068356 0.598153
v 2.992049 0.061135 0.645449
v 3.044809 0.078496 0.603838
v 3.028995 0.069556 0.650169
v 2.474836 0.055743 0.858431
v 2.473991 0.081302 0.725692
v 2.808276 0.057563 0.840102
v 2.805305 0.083043 0.722573
v 2.356831 0.877935 0.499427
v 2.616591 0.987830 0.673132
v 2.637781 0.936730 0.508178
v 2.331980 0.926154 0.698514
v 2.540012 -0.218693 0.749733
v 2.543753 -0.198427 0.646307
v 2.789177 -0.224082 0.733473
v 2.789242 -0.202833 0.635845
v 1.269122 3.624848 -4.006352
v 1.399162 3.755542 -3.600967
v 1.376031 4.355774 -3.580589
v 1.349548 4.338956 -3.921895
v 1.732975 3.930303 -4.296062
v 1.700652 4.693854 -3.683132
v 2.071394 4.338805 -3.909406
v 2.235808 3.627286 -3.995928
v 2.068647 4.351449 -3.571156
v 2.087919 3.751267 -3.595217
v 1.771955 3.321831 -3.706218
v 1.744026 4.013370 -3.468612
v 1.455180 2.848173 -4.437617
v 1.839152 3.053397 -4.718647
v 2.313638 2.883862 -4.435640
v 1.929666 2.678638 -4.154610
v 2.125528 3.367261 -4.460795
v 1.452198 3.365787 -4.467293
v 1.506413 3.033327 -4.021769
v 2.159724 3.048940 -4.019538
v 2.454054 0.489003 -5.490713
v 2.589749 0.518812 -5.579000
v 2.743572 0.570779 -5.475795
v 2.599481 0.516876 -5.398544
v 2.470497 0.591130 -5.375617
v 2.283899 2.529419 -4.383488
v 2.677730 0.650044 -5.503264
v 1.628580 2.723624 -4.772673
v 1.711027 2.462406 -4.383348
v 2.512409 1.554240 -4.909525
v 2.222374 2.771930 -4.771736
v 2.071458 1.610360 -5.184256
v 1.734951 2.191859 -4.757898
v 2.441185 2.304126 -4.755494
v 2.045211 2.396681 -4.998780
v 2.130925 2.099304 -4.514612
v 2.431903 0.308521 -5.505760
v 2.615494 0.323943 -5.625667
v 2.838076 0.293437 -5.506697
v 2.621832 0.340438 -5.404673
v 2.749343 0.456071 -5.414487
v 2.725708 0.453715 -5.590632
v 2.490996 0.409433 -5.581827
v 2.490333 0.417869 -5.419139
v 2.844820 0.524570 -5.466699
v 2.929111 0.378671 -5.462703
v 2.887888 0.471261 -5.428117
v 2.856527 0.463821 -5.521493
v 2.808538 0.528620 -5.432846
v 2.787586 0.527175 -5.523982
v 2.893529 0.373688 -5.402777
v 2.850181 0.363145 -5.561764
v 2.932200 0.141624 -5.384799
v 3.022230 0.162226 -5.386345
v 2.993934 0.160116 -5.327727
v 2.960496 0.143735 -5.443418
v 2.903745 0.247675 -5.388913
v 2.982336 0.268607 -5.383349
v 2.948499 0.255465 -5.478782
v 2.878467 0.239735 -5.502642
v 2.995834 0.060324 -5.338408
v 3.042417 0.071355 -5.344602
v 3.027175 0.070657 -5.313708
v 3.011076 0.061022 -5.369301
v 3.021750 0.091990 -5.390093
v 2.971136 0.080733 -5.384936
v 3.045076 0.104628 -5.325007
v 2.986099 0.090107 -5.317572
v 2.412093 0.068189 -5.512891
v 2.641914 0.051868 -5.591548
v 2.869111 0.070637 -5.498146
v 2.639290 0.086957 -5.419489
v 2.471135 0.216290 -5.443406
v 2.787550 0.231011 -5.456008
v 2.781917 0.213475 -5.591083
v 2.475353 0.194406 -5.597377
v 2.117953 1.474409 -4.904060
v 2.473408 1.686387 -5.168406
v 2.688746 0.636570 -5.385091
v 2.458298 0.599173 -5.530328
v 2.291384 0.890751 -5.319348
v 2.680207 0.973575 -5.307915
v 2.469969 0.966304 -5.438771
v 2.501622 0.898022 -5.188493
v 2.517607 -0.230552 -5.408954
v 2.666002 -0.246140 -5.463252
v 2.817357 -0.236487 -5.392761
v 2.668962 -0.220900 -5.338463
v 2.497171 -0.083291 -5.398682
v 2.814644 -0.087825 -5.387772
v 2.817420 -0.114981 -5.503775
v 2.493912 -0.108913 -5.525683
v 1.269122 3.624848 -0.712467
v 1.399162 3.755542 -1.117852
v 1.376031 4.355774 -1.138230
v 1.349548 4.338956 -0.796924
v 1.732975 3.930303 -0.422757
v 1.700652 4.693854 -1.035687
v 2.071395 4.338805 -0.809413
v 2.235808 3.627286 -0.722891
v 2.068647 4.351449 -1.147663
v 2.087919 3.751267 -1.123602
v 1.771955 3.321831 -1.012601
v 1.744026 4.013370 -1.250207
v 1.455180 2.848173 -0.281202
v 1.839152 3.053397 -0.000172
v 2.313638 2.883862 -0.283180
v 1.929666 2.678638 -0.564209
v 2.125528 3.367261 -0.258024
v 1.452198 3.365787 -0.251526
v 1.506413 3.033327 -0.697051
v 2.159724 3.048940 -0.699281
v 2.454054 0.489004 0.771894
v 2.589749 0.518812 0.860180
v 2.743572 0.570780 0.756976
v 2.599481 0.516876 0.679725
v 2.470497 0.591130 0.656797
v 2.283899 2.529419 -0.335331
v 2.677729 0.650045 0.784445
v 1.628580 2.723625 0.053853
v 1.711027 2.462406 -0.335472
v 2.512409 1.554240 0.190706
v 2.222374 2.771930 0.052917
v 2.071458 1.610360 0.465437
v 1.734951 2.191859 0.039078
v 2.441185 2.304126 0.036674
v 2.045211 2.396681 0.279961
v 2.130925 2.099304 -0.204207
v 2.431903 0.308521 0.786941
v 2.615494 0.323944 0.906847
v 2.838077 0.293437 0.787878
v 2.621832 0.340438 0.685853
v 2.749343 0.456071 0.695668
v 2.725708 0.453715 0.871813
v 2.490996 0.409434 0.863008
v 2.490333 0.417869 0.700320
v 2.844820 0.524570 0.747880
v 2.929111 0.378671 0.743883
v 2.887888 0.471261 0.709297
v 2.856527 0.463821 0.802674
v 2.808538 0.528620 0.714027
v 2.787586 0.527174 0.805163
v 2.893529 0.373688 0.683957
v 2.850181 0.363144 0.842944
v 2.932200 0.141624 0.665980
v 3.022230 0.162227 0.667526
v 2.993934 0.160115 0.608907
v 2.960496 0.143735 0.724598
v 2.903745 0.247675 0.670093
v 2.982337 0.268607 0.664530
v 2.948499 0.255465 0.759963
v 2.878467 0.239736 0.783823
v 2.995834 0.060324 0.619589
v 3.042417 0.071355 0.625782
v 3.027175 0.070657 0.594889
v 3.011076 0.061021 0.650482
v 3.021750 0.091990 0.671274
v 2.971136 0.080733 0.666117
v 3.045076 0.104628 0.606188
v 2.986099 0.090107 0.598752
v 2.412093 0.068189 0.794071
v 2.641914 0.051868 0.872729
v 2.869111 0.070637 0.779326
v 2.639290 0.086957 0.700670
v 2.471135 0.216291 0.724587
v 2.787550 0.231011 0.737189
v 2.781917 0.213475 0.872264
v 2.475353 0.194406 0.878558
v 2.117953 1.474409 0.185241
v 2.473408 1.686387 0.449588
v 2.688746 0.636569 0.666272
v 2.458297 0.599173 0.811509
v 2.291384 0.890751 0.600529
v 2.680207 0.973575 0.589096
v 2.469969 0.966304 0.719952
v 2.501622 0.898022 0.469674
v 2.517607 -0.230552 0.690135
v 2.666002 -0.246140 0.744433
v 2.817357 -0.236487 0.673942
v 2.668962 -0.220899 0.619644
v 2.497171 -0.083292 0.679862
v 2.814644 -0.087825 0.668952
v 2.817420 -0.114981 0.784956
v 2.493912 -0.108913 0.806865
v 1.241308 4.052672 -3.760231
v 1.703920 4.456738 -3.970269
v 2.212663 4.049532 -3.747656
v 1.750051 3.645465 -3.537617
v 1.780575 3.427535 -4.547180
v 1.721900 4.459174 -3.513546
v 2.581165 0.611371 -5.355063
v 1.354933 3.197955 -4.245349
v 2.266999 3.209702 -4.239348
v 1.841357 2.980122 -3.937518
v 2.792491 0.549100 -5.473095
v 2.565305 0.626152 -5.542521
v 2.723341 0.653658 -5.441898
v 2.423772 0.586357 -5.454514
v 1.560429 2.582204 -4.578085
v 2.362512 2.661486 -4.577537
v 1.911979 2.795002 -4.845101
v 2.010961 2.448688 -4.310520
v 2.627587 0.228259 -5.423648
v 2.448864 0.406143 -5.498696
v 2.609708 0.437131 -5.400908
v 2.601318 0.430611 -5.607850
v 2.886750 0.469574 -5.469341
v 2.843723 0.467710 -5.416312
v 2.948991 0.261277 -5.367132
v 2.807089 0.461972 -5.561215
v 2.993070 0.083966 -5.399636
v 2.908438 0.246880 -5.508703
v 2.881064 0.236797 -5.447619
v 2.978893 0.264872 -5.428664
v 3.022963 0.058398 -5.337903
v 3.043764 0.100352 -5.358549
v 3.019321 0.099064 -5.308829
v 2.968628 0.082678 -5.349917
v 2.656214 -0.082823 -5.369221
v 2.842149 0.221220 -5.523323
v 2.415837 0.201822 -5.519588
v 2.020042 1.527773 -5.045132
v 2.567572 1.634926 -5.037992
v 2.264417 1.673508 -5.226870
v 2.323196 1.489190 -4.856254
v 2.627351 0.201076 -5.621080
v 2.671546 -0.280761 -5.381338
v 2.655742 -0.119122 -5.536901
v 2.876292 -0.104616 -5.441781
v 2.435663 -0.097328 -5.464341
v 1.241308 4.052672 -0.958588
v 1.703920 4.456738 -0.748550
v 2.212663 4.049532 -0.971163
v 1.750051 3.645465 -1.181202
v 1.780575 3.427535 -0.171639
v 1.721900 4.459174 -1.205273
v 2.581165 0.611371 0.636244
v 1.354933 3.197955 -0.473470
v 2.266999 3.209702 -0.479471
v 1.841357 2.980122 -0.781301
v 2.792492 0.549100 0.754276
v 2.565305 0.626152 0.823702
v 2.723341 0.653658 0.723079
v 2.423772 0.586357 0.735694
v 1.560429 2.582204 -0.140734
v 2.362512 2.661486 -0.141282
v 1.911979 2.795002 0.126282
v 2.010961 2.448688 -0.408299
v 2.627587 0.228260 0.704829
v 2.448864 0.406143 0.779878
v 2.609708 0.437131 0.682089
v 2.601318 0.430611 0.889031
v 2.886750 0.469574 0.750521
v 2.843723 0.467710 0.697493
v 2.948991 0.261277 0.648312
v 2.807089 0.461972 0.842396
v 2.993070 0.083966 0.680817
v 2.908438 0.246880 0.789884
v 2.881064 0.236796 0.728799
v 2.978893 0.264872 0.709845
v 3.022963 0.058398 0.619084
v 3.043764 0.100353 0.639729
v 3.019321 0.099064 0.590010
v 2.968627 0.082678 0.631098
v 2.656214 -0.082823 0.650402
v 2.842149 0.221220 0.804504
v 2.415837 0.201821 0.800770
v 2.020042 1.527772 0.326312
v 2.567572 1.634926 0.319173
v 2.264418 1.673508 0.508050
v 2.323196 1.489191 0.137435
v 2.627351 0.201076 0.902261
v 2.671546 -0.280760 0.662519
v 2.655742 -0.119122 0.818081
v 2.876292 -0.104616 0.722961
v 2.435663 -0.097328 0.745522
vn -0.8911 -0.2622 0.3704
vn -0.7480 -0.0513 0.6618
vn -0.9468 0.3164 0.0579
vn -0.9269 0.1453 -0.3461
vn -0.2831 0.4895 -0.8248
vn -0.2939 0.7164 -0.6327
vn 0.3063 0.7181 -0.6249
vn 0.3026 0.5109 -0.8046
vn 0.9065 0.2508 -0.3397
vn 0.9217 0.3880 -0.0070
vn 0.7759 -0.0004 0.6309
vn 0.9080 -0.1635 0.3857
vn 0.2929 -0.4355 0.8512
vn 0.1929 -0.2099 0.9585
vn -0.2066 -0.2137 0.9548
vn -0.2989 -0.4598 0.8362
vn -0.2839 0.4049 -0.8692
vn 0.2966 0.4528 -0.8408
vn 0.2756 0.4475 -0.8508
vn -0.2866 0.3596 -0.8880
vn 0.2897 0.5642 0.7731
vn -0.3038 0.5316 0.7906
vn -0.1869 0.1181 0.9753
vn 0.1697 0.1332 0.9764
vn 0.3432 -0.3951 0.8521
vn -0.0874 -0.5121 0.8544
vn -0.0838 -0.4240 0.9018
vn 0.2896 -0.3174 0.9030
vn -0.8855 -0.3628 0.2903
vn -0.9178 0.0518 -0.3937
vn -0.9172 -0.0281 -0.3973
vn -0.8475 -0.4383 0.2995
vn 0.8976 0.2581 -0.3573
vn 0.9187 -0.1360 0.3708
vn 0.9241 -0.0804 0.3737
vn 0.8719 0.3200 -0.3706
vn 0.3123 -0.4903 0.8136
vn -0.2976 -0.5666 0.7684
vn -0.2658 -0.5998 0.7547
vn 0.3206 -0.4940 0.8082
vn 0.3420 0.8307 -0.4393
vn 0.2364 0.8478 0.4746
vn 0.3319 0.9105 0.2468
vn 0.4264 0.8166 -0.3889
vn -0.1970 0.2431 -0.9498
vn 0.2413 0.3436 -0.9076
vn 0.2071 0.3811 -0.9010
vn -0.1879 0.2653 -0.9457
vn 0.7668 0.3275 -0.5521
vn 0.8833 -0.0833 0.4614
vn 0.8747 0.0673 0.4799
vn 0.7302 0.4198 -0.5390
vn -0.7347 -0.5208 0.4346
vn -0.8808 -0.1905 -0.4335
vn -0.8932 -0.1213 -0.4330
vn -0.7757 -0.4129 0.4772
vn -0.8129 -0.4963 0.3048
vn -0.8994 -0.1249 -0.4190
vn -0.8774 -0.1878 -0.4414
vn -0.8035 -0.5057 0.3140
vn 0.8420 0.4001 -0.3619
vn 0.9259 -0.0222 0.3771
vn 0.9245 0.0164 0.3809
vn 0.8374 0.3780 -0.3947
vn -0.2993 0.3373 -0.8925
vn 0.2478 0.4946 -0.8331
vn 0.2326 0.4207 -0.8769
vn -0.3045 0.2479 -0.9197
vn 0.3380 -0.4584 0.8220
vn -0.2328 -0.5858 0.7763
vn -0.2093 -0.5374 0.8169
vn 0.3553 -0.3859 0.8514
vn 0.1525 -0.2210 0.9633
vn -0.1057 -0.1770 0.9785
vn -0.1380 0.0037 0.9904
vn 0.1639 0.0805 0.9832
vn -0.8836 0.0200 0.4677
vn -0.8957 0.0842 -0.4366
vn -0.8681 0.1521 -0.4726
vn -0.8800 0.1030 0.4636
vn 0.1371 0.0790 0.9874
vn -0.1537 -0.0359 0.9875
vn -0.1312 -0.0378 0.9906
vn 0.1093 -0.0362 0.9934
vn -0.2329 0.2347 -0.9438
vn 0.1147 0.4018 -0.9085
vn 0.1480 0.1387 -0.9792
vn -0.2472 0.1322 -0.9599
vn 0.7149 0.5392 -0.4451
vn 0.7939 0.6061 -0.0488
vn 0.9015 0.4273 -0.0694
vn 0.7978 0.3332 -0.5024
vn 0.0542 0.2032 0.9776
vn -0.1103 -0.0520 0.9925
vn 0.2502 0.2569 0.9335
vn 0.1916 0.3409 0.9204
vn 0.2775 0.3963 0.8752
vn -0.3575 0.0734 0.9310
vn -0.4235 0.1837 0.8871
vn 0.3399 0.4576 0.8216
vn 0.3423 0.1762 -0.9229
vn 0.2833 0.5025 -0.8168
vn 0.5006 0.5175 -0.6940
vn 0.6153 0.2590 -0.7445
vn -0.3101 -0.6744 -0.6701
vn 0.4340 -0.3442 -0.8326
vn 0.3643 -0.6024 -0.7102
vn -0.1956 -0.8213 -0.5359
vn 0.3607 -0.3344 -0.8706
vn 0.6441 -0.0014 -0.7649
vn 0.5502 -0.1977 -0.8113
vn -0.1639 -0.6156 -0.7708
vn -0.7919 -0.5695 0.2202
vn -0.7973 -0.5900 0.1277
vn -0.8753 -0.4836 -0.0035
vn -0.8784 -0.2192 0.4247
vn 0.8295 0.1987 -0.5219
vn 0.9215 0.3762 -0.0962
vn 0.9313 0.3519 -0.0944
vn 0.8289 0.1121 -0.5481
vn -0.0237 -0.9112 0.4113
vn -0.0486 -0.9977 -0.0465
vn 0.4577 -0.8614 -0.2204
vn 0.5525 -0.7937 0.2546
vn 0.8240 0.0246 -0.5660
vn 0.9527 0.2932 -0.0796
vn 0.9973 -0.0461 -0.0571
vn 0.8396 -0.2369 -0.4889
vn 0.4051 0.4134 0.8155
vn -0.3322 0.1717 0.9275
vn -0.1710 -0.1684 0.9708
vn 0.4943 0.0285 0.8688
vn -0.8392 -0.2431 0.4865
vn -0.8422 -0.5385 -0.0263
vn -0.6674 -0.7442 0.0279
vn -0.6814 -0.5559 0.4762
vn 0.1262 0.2983 0.9461
vn -0.1649 0.2541 0.9530
vn -0.1744 0.2038 0.9633
vn 0.1092 0.2381 0.9651
vn 0.8108 0.0463 -0.5834
vn 0.8133 -0.2213 0.5382
vn 0.7266 0.1966 0.6583
vn 0.7281 -0.0016 -0.6855
vn -0.8413 0.0075 0.5404
vn -0.8208 0.1334 -0.5555
vn -0.7607 -0.0518 -0.6470
vn -0.7782 0.0156 0.6279
vn -0.7988 -0.4958 0.3407
vn -0.8792 -0.1876 -0.4380
vn -0.8807 -0.1875 -0.4350
vn -0.7738 -0.5034 0.3844
vn 0.8325 0.3372 -0.4395
vn 0.9234 0.0089 0.3837
vn 0.9105 -0.0202 0.4130
vn 0.8058 0.3300 -0.4917
vn -0.2914 0.2104 -0.9332
vn 0.2319 0.3560 -0.9053
vn 0.2365 0.3405 -0.9100
vn -0.2505 0.2178 -0.9433
vn 0.3654 -0.3647 0.8564
vn -0.1809 -0.5175 0.8364
vn -0.1373 -0.5103 0.8490
vn 0.3596 -0.3701 0.8566
vn -0.1888 -0.0102 -0.9820
vn 0.1894 -0.0219 -0.9816
vn 0.1979 -0.1687 -0.9656
vn -0.1149 -0.1743 -0.9780
vn -0.2165 -0.9196 -0.3278
vn 0.2232 -0.9078 -0.3550
vn 0.2199 -0.5963 0.7721
vn -0.3015 -0.6119 0.7312
vn -0.0867 -0.3083 -0.9473
vn 0.1965 -0.2865 -0.9377
vn 0.1771 -0.4714 -0.8640
vn -0.0828 -0.4968 -0.8639
vn 0.7212 -0.1806 -0.6688
vn 0.6727 0.2530 0.6953
vn 0.7132 -0.0105 0.7008
vn 0.7122 -0.4737 -0.5181
vn -0.7416 0.0852 0.6655
vn -0.7172 -0.2854 -0.6358
vn -0.6824 -0.5709 -0.4564
vn -0.7405 -0.1485 0.6554
vn -0.8911 -0.2622 -0.3704
vn -0.9269 0.1453 0.3461
vn -0.9468 0.3164 -0.0579
vn -0.7480 -0.0513 -0.6618
vn -0.2831 0.4895 0.8248
vn 0.3026 0.5109 0.8046
vn 0.3063 0.7181 0.6249
vn -0.2939 0.7164 0.6327
vn 0.9065 0.2508 0.3397
vn 0.9080 -0.1635 -0.3857
vn 0.7759 -0.0004 -0.6309
vn 0.9217 0.3880 0.0070
vn 0.2929 -0.4355 -0.8512
vn -0.2989 -0.4598 -0.8362
vn -0.2066 -0.2137 -0.9548
vn 0.1929 -0.2099 -0.9585
vn -0.2839 0.4049 0.8692
vn -0.2866 0.3596 0.8880
vn 0.2756 0.4475 0.8508
vn 0.2966 0.4528 0.8408
vn 0.2897 0.5642 -0.7731
vn 0.1697 0.1332 -0.9764
vn -0.1869 0.1181 -0.9753
vn -0.3038 0.5316 -0.7906
vn 0.3432 -0.3951 -0.8521
vn 0.2896 -0.3174 -0.9030
vn -0.0838 -0.4240 -0.9018
vn -0.0874 -0.5121 -0.8545
vn -0.8855 -0.3628 -0.2903
vn -0.8475 -0.4383 -0.2995
vn -0.9172 -0.0281 0.3973
vn -0.9178 0.0518 0.3937
vn 0.8976 0.2581 0.3573
vn 0.8719 0.3200 0.3706
vn 0.9241 -0.0804 -0.3737
vn 0.9187 -0.1360 -0.3708
vn 0.3123 -0.4903 -0.8136
vn 0.3206 -0.4940 -0.8082
vn -0.2658 -0.5998 -0.7547
vn -0.2976 -0.5666 -0.7684
vn 0.3420 0.8307 0.4393
vn 0.4264 0.8166 0.3889
vn 0.3319 0.9105 -0.2468
vn 0.2364 0.8478 -0.4746
vn -0.1970 0.2431 0.9498
vn -0.1879 0.2654 0.9457
vn 0.2071 0.3811 0.9010
vn 0.2413 0.3436 0.9076
vn 0.7668 0.3275 0.5521
vn 0.7302 0.4198 0.5390
vn 0.8747 0.0673 -0.4799
vn 0.8833 -0.0833 -0.4614
vn -0.7347 -0.5208 -0.4346
vn -0.7757 -0.4130 -0.4772
vn -0.8932 -0.1213 0.4330
vn -0.8808 -0.1905 0.4335
vn -0.8129 -0.4963 -0.3048
vn -0.8035 -0.5057 -0.3140
vn -0.8774 -0.1878 0.4414
vn -0.8994 -0.1249 0.4190
vn 0.8420 0.4001 0.3619
vn 0.8374 0.3780 0.3947
vn 0.9245 0.0164 -0.3809
vn 0.9259 -0.0222 -0.3771
vn -0.2993 0.3373 0.8925
vn -0.3045 0.2479 0.9197
vn 0.2326 0.4207 0.8769
vn 0.2478 0.4946 0.8331
vn 0.3380 -0.4584 -0.8220
vn 0.3553 -0.3859 -0.8514
vn -0.2093 -0.5374 -0.8169
vn -0.2328 -0.5858 -0.7763
vn 0.1525 -0.2210 -0.9633
vn 0.1639 0.0805 -0.9832
vn -0.1380 0.0037 -0.9904
vn -0.1057 -0.1770 -0.9785
vn -0.8836 0.0200 -0.4677
vn -0.8800 0.1030 -0.4636
vn -0.8681 0.1521 0.4726
vn -0.8957 0.0842 0.4366
vn 0.1371 0.0790 -0.9874
vn 0.1093 -0.0362 -0.9934
vn -0.1312 -0.0378 -0.9906
vn -0.1537 -0.0359 -0.9875
vn -0.2329 0.2347 0.9438
vn -0.2472 0.1322 0.9599
vn 0.1480 0.1387 0.9792
vn 0.1147 0.4018 0.9085
vn 0.7149 0.5392 0.4451
vn 0.7978 0.3332 0.5024
vn 0.9015 0.4273 0.0694
vn 0.7939 0.6061 0.0488
vn 0.0542 0.2032 -0.9776
vn 0.1915 0.3409 -0.9204
vn 0.2502 0.2569 -0.9335
vn -0.1103 -0.0520 -0.9925
vn 0.2775 0.3963 -0.8752
vn 0.3399 0.4576 -0.8216
vn -0.4235 0.1837 -0.8871
vn -0.3576 0.0734 -0.9310
vn 0.3423 0.1762 0.9229
vn 0.6153 0.2590 0.7445
vn 0.5006 0.5175 0.6940
vn 0.2833 0.5025 0.8169
vn -0.3101 -0.6744 0.6701
vn -0.1956 -0.8213 0.5359
vn 0.3643 -0.6024 0.7102
vn 0.4340 -0.3442 0.8326
vn 0.3607 -0.3344 0.8706
vn -0.1640 -0.6156 0.7708
vn 0.5502 -0.1977 0.8113
vn 0.6441 -0.0014 0.7649
vn -0.7919 -0.5695 -0.2202
vn -0.8784 -0.2192 -0.4247
vn -0.8753 -0.4836 0.0035
vn -0.7972 -0.5900 -0.1277
vn 0.8295 0.1987 0.5219
vn 0.8289 0.1121 0.5481
vn 0.9313 0.3519 0.0944
vn 0.9215 0.3762 0.0962
vn -0.0237 -0.9112 -0.4113
vn 0.5525 -0.7937 -0.2546
vn 0.4577 -0.8614 0.2204
vn -0.0487 -0.9977 0.0465
vn 0.8240 0.0246 0.5660
vn 0.8396 -0.2369 0.4889
vn 0.9973 -0.0461 0.0571
vn 0.9527 0.2932 0.0796
vn 0.4051 0.4134 -0.8155
vn 0.4943 0.0285 -0.8688
vn -0.1710 -0.1684 -0.9708
vn -0.3322 0.1717 -0.9275
vn -0.8392 -0.2431 -0.4865
vn -0.6814 -0.5559 -0.4762
vn -0.6674 -0.7442 -0.0279
vn -0.8422 -0.5385 0.0263
vn 0.1262 0.2983 -0.9461
vn 0.1092 0.2381 -0.9651
vn -0.1744 0.2038 -0.9633
vn -0.1649 0.2541 -0.9530
vn 0.8108 0.0463 0.5834
vn 0.7281 -0.0016 0.6855
vn 0.7266 0.1966 -0.6583
vn 0.8133 -0.2213 -0.5382
vn -0.8413 0.0075 -0.5404
vn -0.7782 0.0156 -0.6279
vn -0.7607 -0.0518 0.6470
vn -0.8208 0.1334 0.5555
vn -0.7988 -0.4958 -0.3407
vn -0.7738 -0.5034 -0.3844
vn -0.8807 -0.1875 0.4350
vn -0.8792 -0.1876 0.4380
vn 0.8325 0.3372 0.4395
vn 0.8058 0.3300 0.4917
vn 0.9105 -0.0202 -0.4130
vn 0.9234 0.0089 -0.3837
vn -0.2914 0.2104 0.9332
vn -0.2505 0.2178 0.9433
vn 0.2365 0.3405 0.9100
vn 0.2319 0.3560 0.9053
vn 0.3654 -0.3647 -0.8564
vn 0.3596 -0.3701 -0.8566
vn -0.1373 -0.5103 -0.8490
vn -0.1809 -0.5175 -0.8364
vn -0.1888 -0.0102 0.9820
vn -0.1149 -0.1743 0.9780
vn 0.1979 -0.1687 0.9656
vn 0.1894 -0.0219 0.9816
vn -0.2165 -0.9196 0.3278
vn -0.3015 -0.6120 -0.7312
vn 0.2199 -0.5963 -0.7721
vn 0.2232 -0.9078 0.3550
vn -0.0867 -0.3083 0.9473
vn -0.0828 -0.4968 0.8639
vn 0.1771 -0.4714 0.8640
vn 0.1965 -0.2865 0.9377
vn 0.7212 -0.1806 0.6688
vn 0.7122 -0.4737 0.5181
vn 0.7132 -0.0105 -0.7008
vn 0.6727 0.2530 -0.6953
vn -0.7416 0.0852 -0.6655
vn -0.7405 -0.1485 -0.6554
vn -0.6824 -0.5709 0.4564
vn -0.7172 -0.2854 0.6358
vt 0.375000 0.000000
vt 0.500000 0.000000
vt 0.504340 0.125000
vt 0.413194 0.125000
vt 0.625000 0.000000
vt 0.625000 0.125000
vt 0.625000 0.250000
vt 0.505208 0.250000
vt 0.416667 0.250000
vt 0.505208 0.375000
vt 0.416667 0.375000
vt 0.625000 0.375000
vt 0.625000 0.500000
vt 0.505208 0.500000
vt 0.416667 0.500000
vt 0.505208 0.625000
vt 0.416667 0.625000
vt 0.625000 0.625000
vt 0.625000 0.750000
vt 0.505208 0.750000
vt 0.416667 0.750000
vt 0.504340 0.875000
vt 0.413194 0.875000
vt 0.625000 0.875000
vt 0.625000 1.000000
vt 0.500000 1.000000
vt 0.375000 1.000000
vt 0.416667 0.250000
vt 0.416667 0.375000
vt 0.380208 0.375000
vt 0.380208 0.250000
vt 0.416667 0.500000
vt 0.380208 0.500000
vt 0.375000 0.500000
vt 0.375000 0.375000
vt 0.375000 0.250000
vt 0.750000 0.500000
vt 0.750000 0.625000
vt 0.875000 0.500000
vt 0.875000 0.625000
vt 0.875000 0.750000
vt 0.750000 0.750000
vt 0.375000 0.750000
vt 0.375000 0.875000
vt 0.375000 0.875000
vt 0.375000 0.750000
vt 0.375000 1.000000
vt 0.375000 0.875868
vt 0.375000 0.750000
vt 0.413194 0.125000
vt 0.379340 0.125000
vt 0.375000 0.000000
vt 0.416667 0.250000
vt 0.380208 0.250000
vt 0.375000 0.250000
vt 0.375000 0.125000
vt 0.416667 0.625000
vt 0.380208 0.625000
vt 0.416667 0.750000
vt 0.380208 0.750000
vt 0.375000 0.625000
vt 0.413194 0.875000
vt 0.379340 0.875000
vt 0.380208 0.750000
vt 0.375000 0.500000
vt 0.375000 0.625000
vt 0.375000 0.625000
vt 0.375000 0.540895
vt 0.375000 0.709105
vt 0.375000 0.687500
vt 0.375000 0.625000
vt 0.375000 0.562500
vt 0.375000 0.250000
vt 0.375000 0.375000
vt 0.375000 0.375000
vt 0.375000 0.500000
vt 0.375000 0.500000
vt 0.375000 0.374132
vt 0.375000 0.000000
vt 0.375000 0.125000
vt 0.375000 0.125000
vt 0.375000 0.250000
vt 0.375000 0.000000
vt 0.375000 0.625000
vt 0.375000 0.500000
vt 0.375000 0.750000
vt 0.375000 0.375000
vt 0.375000 0.375000
vt 0.375000 0.875868
vt 0.375000 0.875000
vt 0.375000 0.750000
vt 0.375000 0.878472
vt 0.375000 0.783854
vt 0.375000 0.371528
vt 0.375000 0.466146
vt 0.375000 0.500000
vt 0.375000 0.545235
vt 0.375000 0.704765
vt 0.375000 0.708333
vt 0.375000 0.541667
vt 0.375000 0.744117
vt 0.375000 0.744792
vt 0.375000 0.744792
vt 0.375000 0.740451
vt 0.375000 0.711806
vt 0.375000 0.739583
vt 0.375000 0.505884
vt 0.375000 0.505208
vt 0.375000 0.510417
vt 0.375000 0.515239
vt 0.375000 0.545235
vt 0.375000 0.562500
vt 0.375000 0.548804
vt 0.375000 0.509549
vt 0.375000 0.538194
vt 0.375000 0.625000
vt 0.375000 0.541667
vt 0.375000 0.708333
vt 0.375000 0.708333
vt 0.375000 0.687500
vt 0.375000 0.625000
vt 0.375000 0.625000
vt 0.375000 0.701196
vt 0.375000 0.625000
vt 0.375000 0.704765
vt 0.375000 0.734761
vt 0.375000 0.704765
vt 0.374132 0.750000
vt 0.375000 1.000000
vt 0.375000 0.375000
vt 0.125000 0.500000
vt 0.250000 0.500000
vt 0.246528 0.625000
vt 0.125000 0.625000
vt 0.340278 0.625000
vt 0.250000 0.750000
vt 0.125000 0.750000
vt 0.374132 0.500000
vt 0.371528 0.625000
vt 0.500000 0.125000
vt 0.500000 0.250000
vt 0.500000 0.375000
vt 0.500000 0.500000
vt 0.500000 0.625000
vt 0.500000 0.750000
vt 0.500000 0.875000
vt 0.375000 0.750000
vt 0.375000 0.875868
vt 0.375000 0.625000
vt 0.375000 0.625000
vt 0.375000 0.709105
vt 0.375000 0.375000
vt 0.375000 0.374132
vt 0.375000 0.625000
vt 0.375000 0.250000
vt 0.375000 0.625000
vt 0.375000 0.875868
vt 0.375000 0.783854
vt 0.375000 0.878472
vt 0.375000 0.371528
vt 0.375000 0.374132
vt 0.375000 0.545235
vt 0.375000 0.744117
vt 0.375000 0.783854
vt 0.375000 0.744792
vt 0.375000 0.739583
vt 0.375000 0.505883
vt 0.375000 0.541667
vt 0.375000 0.515239
vt 0.375000 0.548804
vt 0.375000 0.538195
vt 0.375000 0.541667
vt 0.375000 0.734761
vt 0.375000 0.701196
vt 0.375000 0.250000
vt 0.250000 0.625000
vt 0.375000 0.750000
s 0
f 2520/1581/2352 2617/1582/2352 2800/1583/2352 2616/1584/2352
f 2617/1582/2353 2521/1585/2353 2618/1586/2353 2800/1583/2353
f 2800/1583/2354 2618/1586/2354 2523/1587/2354 2619/1588/2354
f 2616/1584/2355 2800/1583/2355 2619/1588/2355 2522/1589/2355
f 2522/1589/2356 2619/1588/2356 2801/1590/2356 2620/1591/2356
f 2619/1588/2357 2523/1587/2357 2621/1592/2357 2801/1590/2357
f 2801/1590/2358 2621/1592/2358 2527/1593/2358 2622/1594/2358
f 2620/1591/2359 2801/1590/2359 2622/1594/2359 2526/1595/2359
f 2526/1595/2360 2622/1594/2360 2802/1596/2360 2623/1597/2360
f 2622/1594/2361 2527/1593/2361 2624/1598/2361 2802/1596/2361
f 2802/1596/2362 2624/1598/2362 2525/1599/2362 2625/1600/2362
f 2623/1597/2363 2802/1596/2363 2625/1600/2363 2524/1601/2363
f 2524/1601/2364 2625/1600/2364 2803/1602/2364 2626/1603/2364
f 2625/1600/2365 2525/1599/2365 2627/1604/2365 2803/1602/2365
f 2803/1602/2366 2627/1604/2366 2521/1605/2366 2617/1606/2366
f 2626/1603/2367 2803/1602/2367 2617/1606/2367 2520/1607/2367
f 2522/1608/2368 2620/1609/2368 2804/1610/2368 2633/1611/2368
f 2620/1609/2369 2526/1612/2369 2632/1613/2369 2804/1610/2369
f 2804/1610/2370 2632/1613/2370 2530/1614/2370 2629/1615/2370
f 2633/1611/2371 2804/1610/2371 2629/1615/2371 2528/1616/2371
f 2527/1593/2372 2621/1617/2372 2805/1618/2372 2624/1598/2372
f 2621/1617/2373 2523/1619/2373 2618/1620/2373 2805/1618/2373
f 2805/1618/2374 2618/1620/2374 2521/1621/2374 2627/1622/2374
f 2624/1598/2375 2805/1618/2375 2627/1622/2375 2525/1599/2375
f 2562/1623/2376 2699/1624/2376 2806/1625/2376 2694/1626/2376
f 2699/1624/2377 2560/1607/2377 2640/1627/2377 2806/1625/2377
f 2806/1625/2378 2640/1627/2378 2533/1607/2378 2639/1628/2378
f 2694/1626/2379 2806/1625/2379 2639/1628/2379 2535/1629/2379
f 2520/1581/2380 2616/1630/2380 2807/1631/2380 2634/1632/2380
f 2616/1630/2381 2522/1633/2381 2633/1634/2381 2807/1631/2381
f 2807/1631/2382 2633/1634/2382 2528/1635/2382 2628/1636/2382
f 2634/1632/2383 2807/1631/2383 2628/1636/2383 2529/1581/2383
f 2526/1612/2384 2623/1637/2384 2808/1638/2384 2632/1613/2384
f 2623/1637/2385 2524/1639/2385 2635/1640/2385 2808/1638/2385
f 2808/1638/2386 2635/1640/2386 2531/1623/2386 2630/1641/2386
f 2632/1613/2387 2808/1638/2387 2630/1641/2387 2530/1614/2387
f 2524/1639/2388 2626/1642/2388 2809/1643/2388 2635/1644/2388
f 2626/1642/2389 2520/1607/2389 2634/1627/2389 2809/1643/2389
f 2809/1643/2390 2634/1627/2390 2529/1607/2390 2631/1624/2390
f 2635/1644/2391 2809/1643/2391 2631/1624/2391 2531/1623/2391
f 2534/1645/2392 2638/1646/2392 2810/1647/2392 2665/1648/2392
f 2638/1646/2393 2535/1629/2393 2664/1649/2393 2810/1647/2393
f 2810/1647/2394 2664/1649/2394 2544/1650/2394 2660/1651/2394
f 2665/1648/2395 2810/1647/2395 2660/1651/2395 2545/1652/2395
f 2563/1653/2396 2698/1654/2396 2811/1655/2396 2695/1635/2396
f 2698/1654/2397 2561/1656/2397 2642/1657/2397 2811/1655/2397
f 2811/1655/2398 2642/1657/2398 2534/1645/2398 2637/1658/2398
f 2695/1635/2399 2811/1655/2399 2637/1658/2399 2532/1653/2399
f 2561/1656/2400 2697/1651/2400 2812/1646/2400 2642/1657/2400
f 2697/1651/2401 2562/1623/2401 2694/1626/2401 2812/1646/2401
f 2812/1646/2402 2694/1626/2402 2535/1629/2402 2638/1646/2402
f 2642/1657/2403 2812/1646/2403 2638/1646/2403 2534/1645/2403
f 2560/1659/2404 2696/1660/2404 2813/1661/2404 2640/1581/2404
f 2696/1660/2405 2563/1662/2405 2695/1635/2405 2813/1661/2405
f 2813/1661/2406 2695/1635/2406 2532/1662/2406 2636/1661/2406
f 2640/1581/2407 2813/1661/2407 2636/1661/2407 2533/1663/2407
f 2529/1581/2408 2628/1636/2408 2814/1636/2408 2644/1632/2408
f 2628/1636/2409 2528/1635/2409 2643/1635/2409 2814/1636/2409
f 2814/1636/2410 2643/1635/2410 2539/1616/2410 2648/1636/2410
f 2644/1632/2411 2814/1636/2411 2648/1636/2411 2536/1581/2411
f 2530/1614/2412 2630/1641/2412 2815/1664/2412 2646/1665/2412
f 2630/1641/2413 2531/1623/2413 2641/1666/2413 2815/1664/2413
f 2815/1664/2414 2641/1666/2414 2537/1623/2414 2649/1641/2414
f 2646/1665/2415 2815/1664/2415 2649/1641/2415 2538/1656/2415
f 2528/1616/2416 2629/1615/2416 2816/1667/2416 2643/1662/2416
f 2629/1615/2417 2530/1614/2417 2646/1665/2417 2816/1667/2417
f 2816/1667/2418 2646/1665/2418 2538/1656/2418 2650/1668/2418
f 2643/1662/2419 2816/1667/2419 2650/1668/2419 2539/1616/2419
f 2531/1623/2420 2631/1624/2420 2817/1624/2420 2641/1623/2420
f 2631/1624/2421 2529/1607/2421 2644/1627/2421 2817/1624/2421
f 2817/1624/2422 2644/1627/2422 2536/1607/2422 2651/1624/2422
f 2641/1623/2423 2817/1624/2423 2651/1624/2423 2537/1623/2423
f 2543/1623/2424 2655/1669/2424 2818/1670/2424 2689/1671/2424
f 2655/1669/2425 2541/1607/2425 2688/1627/2425 2818/1670/2425
f 2818/1670/2426 2688/1627/2426 2557/1607/2426 2687/1624/2426
f 2689/1671/2427 2818/1670/2427 2687/1624/2427 2559/1623/2427
f 2533/1663/2428 2636/1661/2428 2819/1636/2428 2659/1632/2428
f 2636/1661/2429 2532/1653/2429 2658/1635/2429 2819/1636/2429
f 2819/1636/2430 2658/1635/2430 2540/1635/2430 2652/1636/2430
f 2659/1632/2431 2819/1636/2431 2652/1636/2431 2541/1581/2431
f 2535/1629/2432 2639/1628/2432 2820/1672/2432 2656/1673/2432
f 2639/1628/2433 2533/1607/2433 2659/1627/2433 2820/1672/2433
f 2820/1672/2434 2659/1627/2434 2541/1607/2434 2655/1669/2434
f 2656/1673/2435 2820/1672/2435 2655/1669/2435 2543/1623/2435
f 2532/1653/2436 2637/1658/2436 2821/1674/2436 2658/1635/2436
f 2637/1658/2437 2534/1645/2437 2657/1675/2437 2821/1674/2437
f 2821/1674/2438 2657/1675/2438 2542/1676/2438 2653/1658/2438
f 2658/1635/2439 2821/1674/2439 2653/1658/2439 2540/1635/2439
f 2545/1652/2440 2660/1651/2440 2822/1664/2440 2663/1677/2440
f 2660/1651/2441 2544/1650/2441 2662/1678/2441 2822/1664/2441
f 2822/1664/2442 2662/1678/2442 2546/1679/2442 2661/1664/2442
f 2663/1677/2443 2822/1664/2443 2661/1664/2443 2547/1680/2443
f 2535/1629/2444 2656/1673/2444 2823/1681/2444 2664/1649/2444
f 2656/1673/2445 2543/1623/2445 2666/1682/2445 2823/1681/2445
f 2823/1681/2446 2666/1682/2446 2546/1679/2446 2662/1678/2446
f 2664/1649/2447 2823/1681/2447 2662/1678/2447 2544/1650/2447
f 2546/1679/2448 2666/1683/2448 2824/1684/2448 2673/1679/2448
f 2666/1683/2449 2543/1623/2449 2672/1685/2449 2824/1684/2449
f 2824/1684/2450 2672/1685/2450 2548/1679/2450 2670/1686/2450
f 2673/1679/2451 2824/1684/2451 2670/1686/2451 2550/1679/2451
f 2542/1676/2452 2657/1675/2452 2825/1687/2452 2667/1688/2452
f 2657/1675/2453 2534/1645/2453 2665/1648/2453 2825/1687/2453
f 2825/1687/2454 2665/1648/2454 2545/1652/2454 2663/1677/2454
f 2667/1688/2455 2825/1687/2455 2663/1677/2455 2547/1680/2455
f 2549/1680/2456 2671/1689/2456 2826/1690/2456 2681/1677/2456
f 2671/1689/2457 2551/1680/2457 2680/1691/2457 2826/1690/2457
f 2826/1690/2458 2680/1691/2458 2555/1692/2458 2679/1693/2458
f 2681/1677/2459 2826/1690/2459 2679/1693/2459 2553/1652/2459
f 2542/1676/2460 2667/1688/2460 2827/1694/2460 2675/1695/2460
f 2667/1688/2461 2547/1680/2461 2674/1680/2461 2827/1694/2461
f 2827/1694/2462 2674/1680/2462 2551/1680/2462 2671/1689/2462
f 2675/1695/2463 2827/1694/2463 2671/1689/2463 2549/1680/2463
f 2543/1623/2464 2654/1646/2464 2828/1664/2464 2672/1685/2464
f 2654/1646/2465 2542/1676/2465 2675/1695/2465 2828/1664/2465
f 2828/1664/2466 2675/1695/2466 2549/1680/2466 2668/1664/2466
f 2672/1685/2467 2828/1664/2467 2668/1664/2467 2548/1679/2467
f 2547/1680/2468 2661/1696/2468 2829/1651/2468 2674/1697/2468
f 2661/1696/2469 2546/1698/2469 2673/1699/2469 2829/1651/2469
f 2829/1651/2470 2673/1699/2470 2550/1698/2470 2669/1696/2470
f 2674/1697/2471 2829/1651/2471 2669/1696/2471 2551/1680/2471
f 2552/1700/2472 2676/1701/2472 2830/1702/2472 2678/1703/2472
f 2676/1701/2473 2553/1652/2473 2679/1693/2473 2830/1702/2473
f 2830/1702/2474 2679/1693/2474 2555/1692/2474 2677/1701/2474
f 2678/1703/2475 2830/1702/2475 2677/1701/2475 2554/1700/2475
f 2551/1680/2476 2669/1664/2476 2831/1704/2476 2680/1691/2476
f 2669/1664/2477 2550/1679/2477 2682/1705/2477 2831/1704/2477
f 2831/1704/2478 2682/1705/2478 2554/1700/2478 2677/1651/2478
f 2680/1691/2479 2831/1704/2479 2677/1651/2479 2555/1692/2479
f 2550/1679/2480 2670/1686/2480 2832/1706/2480 2682/1705/2480
f 2670/1686/2481 2548/1679/2481 2683/1707/2481 2832/1706/2481
f 2832/1706/2482 2683/1707/2482 2552/1700/2482 2678/1703/2482
f 2682/1705/2483 2832/1706/2483 2678/1703/2483 2554/1700/2483
f 2548/1679/2484 2668/1664/2484 2833/1702/2484 2683/1707/2484
f 2668/1664/2485 2549/1680/2485 2681/1677/2485 2833/1702/2485
f 2833/1702/2486 2681/1677/2486 2553/1652/2486 2676/1701/2486
f 2683/1707/2487 2833/1702/2487 2676/1701/2487 2552/1700/2487
f 2559/1623/2488 2687/1624/2488 2834/1624/2488 2705/1708/2488
f 2687/1624/2489 2557/1607/2489 2704/1627/2489 2834/1624/2489
f 2834/1624/2490 2704/1627/2490 2565/1709/2490 2703/1624/2490
f 2705/1708/2491 2834/1624/2491 2703/1624/2491 2567/1626/2491
f 2542/1676/2492 2654/1646/2492 2835/1651/2492 2690/1614/2492
f 2654/1646/2493 2543/1623/2493 2689/1671/2493 2835/1651/2493
f 2835/1651/2494 2689/1671/2494 2559/1623/2494 2686/1651/2494
f 2690/1614/2495 2835/1651/2495 2686/1651/2495 2558/1656/2495
f 2541/1581/2496 2652/1636/2496 2836/1636/2496 2688/1632/2496
f 2652/1636/2497 2540/1635/2497 2691/1635/2497 2836/1636/2497
f 2836/1636/2498 2691/1635/2498 2556/1635/2498 2684/1636/2498
f 2688/1632/2499 2836/1636/2499 2684/1636/2499 2557/1581/2499
f 2536/1581/2500 2648/1636/2500 2837/1661/2500 2692/1581/2500
f 2648/1636/2501 2539/1616/2501 2647/1616/2501 2837/1661/2501
f 2837/1661/2502 2647/1616/2502 2563/1653/2502 2696/1660/2502
f 2692/1581/2503 2837/1661/2503 2696/1660/2503 2560/1659/2503
f 2538/1656/2504 2649/1641/2504 2838/1664/2504 2693/1665/2504
f 2649/1641/2505 2537/1623/2505 2645/1666/2505 2838/1664/2505
f 2838/1664/2506 2645/1666/2506 2562/1623/2506 2697/1641/2506
f 2693/1665/2507 2838/1664/2507 2697/1641/2507 2561/1614/2507
f 2539/1616/2508 2650/1710/2508 2839/1654/2508 2647/1616/2508
f 2650/1710/2509 2538/1676/2509 2693/1656/2509 2839/1654/2509
f 2839/1654/2510 2693/1656/2510 2561/1656/2510 2698/1654/2510
f 2647/1616/2511 2839/1654/2511 2698/1654/2511 2563/1653/2511
f 2537/1623/2512 2651/1624/2512 2840/1624/2512 2645/1623/2512
f 2651/1624/2513 2536/1607/2513 2692/1627/2513 2840/1624/2513
f 2840/1624/2514 2692/1627/2514 2560/1607/2514 2699/1624/2514
f 2645/1623/2515 2840/1624/2515 2699/1624/2515 2562/1623/2515
f 2540/1635/2516 2653/1658/2516 2841/1654/2516 2691/1635/2516
f 2653/1658/2517 2542/1676/2517 2690/1614/2517 2841/1654/2517
f 2841/1654/2518 2690/1614/2518 2558/1656/2518 2685/1654/2518
f 2691/1635/2519 2841/1654/2519 2685/1654/2519 2556/1635/2519
f 2564/1711/2520 2701/1712/2520 2842/1713/2520 2700/1714/2520
f 2701/1712/2521 2566/1645/2521 2702/1715/2521 2842/1713/2521
f 2842/1713/2522 2702/1715/2522 2567/1626/2522 2703/1716/2522
f 2700/1714/2523 2842/1713/2523 2703/1716/2523 2565/1717/2523
f 2556/1635/2524 2685/1654/2524 2843/1654/2524 2707/1616/2524
f 2685/1654/2525 2558/1656/2525 2706/1718/2525 2843/1654/2525
f 2843/1654/2526 2706/1718/2526 2566/1645/2526 2701/1654/2526
f 2707/1616/2527 2843/1654/2527 2701/1654/2527 2564/1653/2527
f 2558/1656/2528 2686/1651/2528 2844/1719/2528 2706/1718/2528
f 2686/1651/2529 2559/1623/2529 2705/1708/2529 2844/1719/2529
f 2844/1719/2530 2705/1708/2530 2567/1626/2530 2702/1715/2530
f 2706/1718/2531 2844/1719/2531 2702/1715/2531 2566/1645/2531
f 2557/1581/2532 2684/1636/2532 2845/1661/2532 2704/1632/2532
f 2684/1636/2533 2556/1635/2533 2707/1616/2533 2845/1661/2533
f 2845/1661/2534 2707/1616/2534 2564/1653/2534 2700/1661/2534
f 2704/1632/2535 2845/1661/2535 2700/1661/2535 2565/1663/2535
f 2568/1663/2536 2708/1661/2536 2846/1720/2536 2709/1582/2536
f 2708/1661/2537 2570/1653/2537 2711/1721/2537 2846/1720/2537
f 2846/1720/2538 2711/1721/2538 2571/1587/2538 2710/1586/2538
f 2709/1582/2539 2846/1720/2539 2710/1586/2539 2569/1585/2539
f 2570/1653/2540 2712/1654/2540 2847/1722/2540 2711/1721/2540
f 2712/1654/2541 2574/1645/2541 2714/1723/2541 2847/1722/2541
f 2847/1722/2542 2714/1723/2542 2575/1593/2542 2713/1592/2542
f 2711/1721/2543 2847/1722/2543 2713/1592/2543 2571/1587/2543
f 2574/1645/2544 2715/1701/2544 2848/1724/2544 2714/1723/2544
f 2715/1701/2545 2572/1626/2545 2717/1725/2545 2848/1724/2545
f 2848/1724/2546 2717/1725/2546 2573/1599/2546 2716/1598/2546
f 2714/1723/2547 2848/1724/2547 2716/1598/2547 2575/1593/2547
f 2572/1626/2548 2718/1624/2548 2849/1726/2548 2717/1725/2548
f 2718/1624/2549 2568/1709/2549 2709/1606/2549 2849/1726/2549
f 2849/1726/2550 2709/1606/2550 2569/1605/2550 2719/1604/2550
f 2717/1725/2551 2849/1726/2551 2719/1604/2551 2573/1599/2551
f 2570/1653/2552 2725/1635/2552 2850/1667/2552 2712/1654/2552
f 2725/1635/2553 2576/1635/2553 2721/1667/2553 2850/1667/2553
f 2850/1667/2554 2721/1667/2554 2578/1656/2554 2724/1656/2554
f 2712/1654/2555 2850/1667/2555 2724/1656/2555 2574/1645/2555
f 2575/1593/2556 2716/1598/2556 2851/1618/2556 2713/1617/2556
f 2716/1598/2557 2573/1599/2557 2719/1622/2557 2851/1618/2557
f 2851/1618/2558 2719/1622/2558 2569/1621/2558 2710/1620/2558
f 2713/1617/2559 2851/1618/2559 2710/1620/2559 2571/1619/2559
f 2610/1623/2560 2786/1626/2560 2852/1625/2560 2791/1624/2560
f 2786/1626/2561 2583/1727/2561 2731/1728/2561 2852/1625/2561
f 2852/1625/2562 2731/1728/2562 2581/1607/2562 2732/1627/2562
f 2791/1624/2563 2852/1625/2563 2732/1627/2563 2608/1607/2563
f 2568/1663/2564 2726/1632/2564 2853/1661/2564 2708/1661/2564
f 2726/1632/2565 2577/1581/2565 2720/1661/2565 2853/1661/2565
f 2853/1661/2566 2720/1661/2566 2576/1635/2566 2725/1635/2566
f 2708/1661/2567 2853/1661/2567 2725/1635/2567 2570/1653/2567
f 2574/1645/2568 2724/1656/2568 2854/1729/2568 2715/1701/2568
f 2724/1656/2569 2578/1656/2569 2722/1729/2569 2854/1729/2569
f 2854/1729/2570 2722/1729/2570 2579/1623/2570 2727/1623/2570
f 2715/1701/2571 2854/1729/2571 2727/1623/2571 2572/1626/2571
f 2572/1626/2572 2727/1623/2572 2855/1624/2572 2718/1624/2572
f 2727/1623/2573 2579/1623/2573 2723/1624/2573 2855/1624/2573
f 2855/1624/2574 2723/1624/2574 2577/1607/2574 2726/1627/2574
f 2718/1624/2575 2855/1624/2575 2726/1627/2575 2568/1709/2575
f 2582/1645/2576 2757/1648/2576 2856/1730/2576 2730/1730/2576
f 2757/1648/2577 2593/1652/2577 2752/1651/2577 2856/1730/2577
f 2856/1730/2578 2752/1651/2578 2592/1700/2578 2756/1731/2578
f 2730/1730/2579 2856/1730/2579 2756/1731/2579 2583/1727/2579
f 2611/1653/2580 2787/1635/2580 2857/1732/2580 2790/1667/2580
f 2787/1635/2581 2580/1635/2581 2729/1733/2581 2857/1732/2581
f 2857/1732/2582 2729/1733/2582 2582/1645/2582 2734/1614/2582
f 2790/1667/2583 2857/1732/2583 2734/1614/2583 2609/1656/2583
f 2609/1656/2584 2734/1614/2584 2858/1734/2584 2789/1729/2584
f 2734/1614/2585 2582/1645/2585 2730/1730/2585 2858/1734/2585
f 2858/1734/2586 2730/1730/2586 2583/1727/2586 2786/1626/2586
f 2789/1729/2587 2858/1734/2587 2786/1626/2587 2610/1623/2587
f 2608/1659/2588 2732/1581/2588 2859/1661/2588 2788/1660/2588
f 2732/1581/2589 2581/1581/2589 2728/1661/2589 2859/1661/2589
f 2859/1661/2590 2728/1661/2590 2580/1635/2590 2787/1635/2590
f 2788/1660/2591 2859/1661/2591 2787/1635/2591 2611/1653/2591
f 2577/1581/2592 2736/1632/2592 2860/1661/2592 2720/1661/2592
f 2736/1632/2593 2584/1663/2593 2740/1636/2593 2860/1661/2593
f 2860/1661/2594 2740/1636/2594 2587/1735/2594 2735/1616/2594
f 2720/1661/2595 2860/1661/2595 2735/1616/2595 2576/1635/2595
f 2578/1614/2596 2738/1665/2596 2861/1651/2596 2722/1736/2596
f 2738/1665/2597 2586/1656/2597 2741/1736/2597 2861/1651/2597
f 2861/1651/2598 2741/1736/2598 2585/1727/2598 2733/1666/2598
f 2722/1736/2599 2861/1651/2599 2733/1666/2599 2579/1727/2599
f 2576/1635/2600 2735/1616/2600 2862/1667/2600 2721/1667/2600
f 2735/1616/2601 2587/1735/2601 2742/1667/2601 2862/1667/2601
f 2862/1667/2602 2742/1667/2602 2586/1656/2602 2738/1656/2602
f 2721/1667/2603 2862/1667/2603 2738/1656/2603 2578/1656/2603
f 2579/1623/2604 2733/1623/2604 2863/1624/2604 2723/1624/2604
f 2733/1623/2605 2585/1623/2605 2743/1624/2605 2863/1624/2605
f 2863/1624/2606 2743/1624/2606 2584/1607/2606 2736/1627/2606
f 2723/1624/2607 2863/1624/2607 2736/1627/2607 2577/1607/2607
f 2591/1623/2608 2781/1623/2608 2864/1625/2608 2747/1737/2608
f 2781/1623/2609 2607/1623/2609 2779/1624/2609 2864/1625/2609
f 2864/1625/2610 2779/1624/2610 2605/1607/2610 2780/1627/2610
f 2747/1737/2611 2864/1625/2611 2780/1627/2611 2589/1607/2611
f 2581/1581/2612 2751/1632/2612 2865/1661/2612 2728/1661/2612
f 2751/1632/2613 2589/1581/2613 2744/1661/2613 2865/1661/2613
f 2865/1661/2614 2744/1661/2614 2588/1635/2614 2750/1635/2614
f 2728/1661/2615 2865/1661/2615 2750/1635/2615 2580/1635/2615
f 2583/1727/2616 2748/1738/2616 2866/1739/2616 2731/1728/2616
f 2748/1738/2617 2591/1623/2617 2747/1737/2617 2866/1739/2617
f 2866/1739/2618 2747/1737/2618 2589/1607/2618 2751/1627/2618
f 2731/1728/2619 2866/1739/2619 2751/1627/2619 2581/1607/2619
f 2580/1635/2620 2750/1635/2620 2867/1740/2620 2729/1733/2620
f 2750/1635/2621 2588/1635/2621 2745/1741/2621 2867/1740/2621
f 2867/1740/2622 2745/1741/2622 2590/1656/2622 2749/1675/2622
f 2729/1733/2623 2867/1740/2623 2749/1675/2623 2582/1645/2623
f 2593/1652/2624 2755/1742/2624 2868/1651/2624 2752/1651/2624
f 2755/1742/2625 2595/1680/2625 2753/1651/2625 2868/1651/2625
f 2868/1651/2626 2753/1651/2626 2594/1679/2626 2754/1678/2626
f 2752/1651/2627 2868/1651/2627 2754/1678/2627 2592/1700/2627
f 2583/1727/2628 2756/1731/2628 2869/1743/2628 2748/1744/2628
f 2756/1731/2629 2592/1700/2629 2754/1678/2629 2869/1743/2629
f 2869/1743/2630 2754/1678/2630 2594/1679/2630 2758/1683/2630
f 2748/1744/2631 2869/1743/2631 2758/1683/2631 2591/1623/2631
f 2594/1679/2632 2765/1679/2632 2870/1684/2632 2758/1745/2632
f 2765/1679/2633 2598/1679/2633 2762/1746/2633 2870/1684/2633
f 2870/1684/2634 2762/1746/2634 2596/1679/2634 2764/1685/2634
f 2758/1745/2635 2870/1684/2635 2764/1685/2635 2591/1623/2635
f 2590/1656/2636 2759/1688/2636 2871/1747/2636 2749/1675/2636
f 2759/1688/2637 2595/1680/2637 2755/1691/2637 2871/1747/2637
f 2871/1747/2638 2755/1691/2638 2593/1652/2638 2757/1648/2638
f 2749/1675/2639 2871/1747/2639 2757/1648/2639 2582/1645/2639
f 2597/1748/2640 2773/1742/2640 2872/1749/2640 2763/1689/2640
f 2773/1742/2641 2601/1652/2641 2771/1750/2641 2872/1749/2641
f 2872/1749/2642 2771/1750/2642 2603/1692/2642 2772/1677/2642
f 2763/1689/2643 2872/1749/2643 2772/1677/2643 2599/1680/2643
f 2590/1656/2644 2767/1751/2644 2873/1694/2644 2759/1688/2644
f 2767/1751/2645 2597/1748/2645 2763/1689/2645 2873/1694/2645
f 2873/1694/2646 2763/1689/2646 2599/1680/2646 2766/1680/2646
f 2759/1688/2647 2873/1694/2647 2766/1680/2647 2595/1680/2647
f 2591/1623/2648 2764/1685/2648 2874/1651/2648 2746/1664/2648
f 2764/1685/2649 2596/1679/2649 2760/1664/2649 2874/1651/2649
f 2874/1651/2650 2760/1664/2650 2597/1748/2650 2767/1751/2650
f 2746/1664/2651 2874/1651/2651 2767/1751/2651 2590/1656/2651
f 2595/1680/2652 2766/1752/2652 2875/1651/2652 2753/1696/2652
f 2766/1752/2653 2599/1680/2653 2761/1696/2653 2875/1651/2653
f 2875/1651/2654 2761/1696/2654 2598/1679/2654 2765/1699/2654
f 2753/1696/2655 2875/1651/2655 2765/1699/2655 2594/1679/2655
f 2600/1700/2656 2770/1703/2656 2876/1702/2656 2768/1701/2656
f 2770/1703/2657 2602/1700/2657 2769/1664/2657 2876/1702/2657
f 2876/1702/2658 2769/1664/2658 2603/1692/2658 2771/1693/2658
f 2768/1701/2659 2876/1702/2659 2771/1693/2659 2601/1652/2659
f 2599/1680/2660 2772/1677/2660 2877/1651/2660 2761/1651/2660
f 2772/1677/2661 2603/1692/2661 2769/1651/2661 2877/1651/2661
f 2877/1651/2662 2769/1651/2662 2602/1700/2662 2774/1705/2662
f 2761/1651/2663 2877/1651/2663 2774/1705/2663 2598/1679/2663
f 2598/1679/2664 2774/1705/2664 2878/1753/2664 2762/1746/2664
f 2774/1705/2665 2602/1700/2665 2770/1754/2665 2878/1753/2665
f 2878/1753/2666 2770/1754/2666 2600/1700/2666 2775/1678/2666
f 2762/1746/2667 2878/1753/2667 2775/1678/2667 2596/1679/2667
f 2596/1679/2668 2775/1678/2668 2879/1651/2668 2760/1664/2668
f 2775/1678/2669 2600/1700/2669 2768/1701/2669 2879/1651/2669
f 2879/1651/2670 2768/1701/2670 2601/1652/2670 2773/1742/2670
f 2760/1664/2671 2879/1651/2671 2773/1742/2671 2597/1748/2671
f 2607/1623/2672 2797/1671/2672 2880/1624/2672 2779/1624/2672
f 2797/1671/2673 2615/1626/2673 2795/1624/2673 2880/1624/2673
f 2880/1624/2674 2795/1624/2674 2613/1709/2674 2796/1627/2674
f 2779/1624/2675 2880/1624/2675 2796/1627/2675 2605/1607/2675
f 2590/1656/2676 2782/1614/2676 2881/1729/2676 2746/1730/2676
f 2782/1614/2677 2606/1656/2677 2778/1729/2677 2881/1729/2677
f 2881/1729/2678 2778/1729/2678 2607/1623/2678 2781/1623/2678
f 2746/1730/2679 2881/1729/2679 2781/1623/2679 2591/1623/2679
f 2589/1581/2680 2780/1632/2680 2882/1661/2680 2744/1661/2680
f 2780/1632/2681 2605/1581/2681 2776/1661/2681 2882/1661/2681
f 2882/1661/2682 2776/1661/2682 2604/1635/2682 2783/1635/2682
f 2744/1661/2683 2882/1661/2683 2783/1635/2683 2588/1635/2683
f 2584/1663/2684 2784/1581/2684 2883/1661/2684 2740/1636/2684
f 2784/1581/2685 2608/1659/2685 2788/1660/2685 2883/1661/2685
f 2883/1661/2686 2788/1660/2686 2611/1662/2686 2739/1635/2686
f 2740/1636/2687 2883/1661/2687 2739/1635/2687 2587/1755/2687
f 2586/1656/2688 2785/1665/2688 2884/1651/2688 2741/1736/2688
f 2785/1665/2689 2609/1614/2689 2789/1736/2689 2884/1651/2689
f 2884/1651/2690 2789/1736/2690 2610/1727/2690 2737/1666/2690
f 2741/1736/2691 2884/1651/2691 2737/1666/2691 2585/1727/2691
f 2587/1735/2692 2739/1635/2692 2885/1667/2692 2742/1667/2692
f 2739/1635/2693 2611/1653/2693 2790/1667/2693 2885/1667/2693
f 2885/1667/2694 2790/1667/2694 2609/1656/2694 2785/1656/2694
f 2742/1667/2695 2885/1667/2695 2785/1656/2695 2586/1656/2695
f 2585/1623/2696 2737/1623/2696 2886/1624/2696 2743/1624/2696
f 2737/1623/2697 2610/1623/2697 2791/1624/2697 2886/1624/2697
f 2886/1624/2698 2791/1624/2698 2608/1607/2698 2784/1627/2698
f 2743/1624/2699 2886/1624/2699 2784/1627/2699 2584/1607/2699
f 2588/1635/2700 2783/1635/2700 2887/1667/2700 2745/1741/2700
f 2783/1635/2701 2604/1635/2701 2777/1667/2701 2887/1667/2701
f 2887/1667/2702 2777/1667/2702 2606/1656/2702 2782/1614/2702
f 2745/1741/2703 2887/1667/2703 2782/1614/2703 2590/1656/2703
f 2612/1711/2704 2792/1714/2704 2888/1756/2704 2793/1712/2704
f 2792/1714/2705 2613/1717/2705 2795/1716/2705 2888/1756/2705
f 2888/1756/2706 2795/1716/2706 2615/1757/2706 2794/1701/2706
f 2793/1712/2707 2888/1756/2707 2794/1701/2707 2614/1665/2707
f 2604/1635/2708 2799/1616/2708 2889/1654/2708 2777/1667/2708
f 2799/1616/2709 2612/1653/2709 2793/1654/2709 2889/1654/2709
f 2889/1654/2710 2793/1654/2710 2614/1645/2710 2798/1614/2710
f 2777/1667/2711 2889/1654/2711 2798/1614/2711 2606/1656/2711
f 2606/1656/2712 2798/1614/2712 2890/1664/2712 2778/1729/2712
f 2798/1614/2713 2614/1645/2713 2794/1701/2713 2890/1664/2713
f 2890/1664/2714 2794/1701/2714 2615/1626/2714 2797/1671/2714
f 2778/1729/2715 2890/1664/2715 2797/1671/2715 2607/1623/2715
f 2605/1581/2716 2796/1632/2716 2891/1661/2716 2776/1661/2716
f 2796/1632/2717 2613/1663/2717 2792/1661/2717 2891/1661/2717
f 2891/1661/2718 2792/1661/2718 2612/1653/2718 2799/1616/2718
f 2776/1661/2719 2891/1661/2719 2799/1616/2719 2604/1635/2719
o Cube.010
v 1.031006 1.107920 16.687700
v 1.071940 1.740483 16.963350
v 0.991695 1.551267 16.256525
v 1.028708 2.274374 16.769754
v 1.721054 1.111741 16.691868
v 1.625307 1.735684 16.969107
v 1.703825 1.550982 16.267477
v 1.602292 2.272810 16.779234
v 1.143384 0.700488 15.836006
v 1.220963 0.418713 16.245790
v 1.777915 0.716390 15.838158
v 1.831626 0.454577 16.246508
v 2.096478 -1.791020 14.917444
v 2.101715 -1.789371 15.064299
v 2.317416 -1.741260 14.938205
v 2.329402 -1.745387 15.056034
v 1.474945 -0.195352 15.898928
v 1.980349 -0.107849 15.897092
v 1.924976 0.101742 15.549528
v 1.405988 0.026403 15.544206
v 2.091094 -1.979239 14.886899
v 2.086665 -1.963402 15.058445
v 2.391624 -1.951513 14.887825
v 2.417520 -1.944122 15.054489
v 2.458636 -1.769552 15.044535
v 2.437565 -1.773408 14.975790
v 2.538611 -1.904847 15.064537
v 2.503078 -1.915526 14.962555
v 2.560332 -2.136618 15.139324
v 2.540852 -2.146326 15.052420
v 2.630397 -2.119505 15.135204
v 2.601374 -2.133556 15.054298
v 2.609286 -2.217339 15.163720
v 2.598032 -2.224540 15.116556
v 2.650645 -2.207227 15.158051
v 2.634874 -2.216142 15.111849
v 2.082257 -2.229916 14.904166
v 2.081414 -2.204428 15.036536
v 2.414770 -2.228101 14.922444
v 2.411807 -2.202692 15.039646
v 1.964580 -1.410011 15.262172
v 2.223617 -1.300421 15.088950
v 2.244749 -1.351379 15.253445
v 1.939799 -1.361926 15.063639
v 2.147252 -2.503588 15.012562
v 2.150982 -2.483379 15.115701
v 2.395724 -2.508963 15.028776
v 2.395788 -2.487772 15.126133
v 1.031006 1.107920 20.125082
v 1.071940 1.740483 19.849432
v 0.991695 1.551267 20.556257
v 1.028708 2.274374 20.043028
v 1.721054 1.111741 20.120914
v 1.625307 1.735684 19.843676
v 1.703825 1.550982 20.545305
v 1.602292 2.272810 20.033548
v 1.143384 0.700488 20.976776
v 1.220963 0.418713 20.566992
v 1.777915 0.716390 20.974625
v 1.831626 0.454577 20.566275
v 2.096478 -1.791020 21.895338
v 2.101715 -1.789371 21.748484
v 2.317416 -1.741260 21.874578
v 2.329402 -1.745387 21.756748
v 1.474945 -0.195352 20.913855
v 1.980349 -0.107849 20.915689
v 1.924976 0.101742 21.263254
v 1.405988 0.026403 21.268578
v 2.091094 -1.979239 21.925882
v 2.086665 -1.963402 21.754337
v 2.391624 -1.951513 21.924957
v 2.417520 -1.944122 21.758293
v 2.458636 -1.769552 21.768248
v 2.437565 -1.773408 21.836992
v 2.538611 -1.904847 21.748245
v 2.503078 -1.915526 21.850227
v 2.560332 -2.136618 21.673458
v 2.540852 -2.146326 21.760363
v 2.630397 -2.119505 21.677578
v 2.601374 -2.133556 21.758484
v 2.609286 -2.217339 21.649061
v 2.598032 -2.224540 21.696226
v 2.650645 -2.207227 21.654732
v 2.634875 -2.216142 21.700933
v 2.082257 -2.229916 21.908615
v 2.081414 -2.204428 21.776247
v 2.414770 -2.228101 21.890339
v 2.411807 -2.202693 21.773136
v 1.964580 -1.410011 21.550610
v 2.223618 -1.300421 21.723831
v 2.244749 -1.351379 21.559338
v 1.939799 -1.361926 21.749144
v 2.147252 -2.503588 21.800220
v 2.150982 -2.483380 21.697083
v 2.395724 -2.508963 21.784006
v 2.395788 -2.487772 21.686649
v 0.879896 1.329262 16.470695
v 1.009574 1.459592 16.874952
v 0.986508 2.058155 16.895273
v 0.960099 2.041384 16.554916
v 1.342459 1.633867 16.181791
v 1.310226 2.395295 16.793016
v 1.679938 2.041234 16.567371
v 1.843894 1.331693 16.481091
v 1.677198 2.053843 16.904680
v 1.696417 1.455329 16.880686
v 1.381331 1.027088 16.769995
v 1.353480 1.716703 17.006939
v 1.065437 0.554747 16.040630
v 1.448341 0.759400 15.760382
v 1.921507 0.590337 16.042603
v 1.538603 0.385684 16.322849
v 1.733921 1.072392 16.017515
v 1.062464 1.070921 16.011036
v 1.116528 0.739386 16.455322
v 1.768021 0.754956 16.457546
v 2.061533 -1.797861 14.990463
v 2.196850 -1.768136 14.902422
v 2.350246 -1.716313 15.005339
v 2.206555 -1.770065 15.082376
v 2.077930 -1.696018 15.105238
v 1.891851 0.236880 16.094608
v 2.284586 -1.637268 14.977946
v 1.238355 0.430545 15.706506
v 1.320572 0.170053 16.094748
v 2.119726 -0.735587 15.570035
v 1.830497 0.478716 15.707440
v 1.680000 -0.679623 15.296068
v 1.344430 -0.099741 15.721239
v 2.048699 0.012213 15.723637
v 1.653826 0.104511 15.481028
v 1.739303 -0.192039 15.963849
v 2.039444 -1.977842 14.975457
v 2.222524 -1.962462 14.855885
v 2.444487 -1.992883 14.974524
v 2.228844 -1.946013 15.076263
v 2.356000 -1.830701 15.066477
v 2.332431 -1.833051 14.890821
v 2.098372 -1.877209 14.899603
v 2.097711 -1.868798 15.061838
v 2.451212 -1.762393 15.014410
v 2.535269 -1.907887 15.018394
v 2.494161 -1.815554 15.052885
v 2.462886 -1.822974 14.959768
v 2.415031 -1.758355 15.048168
v 2.394137 -1.759796 14.957286
v 2.499785 -1.912856 15.078155
v 2.456558 -1.923370 14.919610
v 2.538350 -2.144274 15.096082
v 2.628128 -2.123729 15.094541
v 2.599911 -2.125834 15.152996
v 2.566566 -2.142168 15.037627
v 2.509973 -2.038518 15.091980
v 2.588346 -2.017644 15.097528
v 2.554603 -2.030750 15.002361
v 2.484765 -2.046435 14.978566
v 2.601806 -2.225349 15.142344
v 2.648259 -2.214348 15.136168
v 2.633060 -2.215044 15.166975
v 2.617005 -2.224652 15.111536
v 2.627650 -2.193770 15.090803
v 2.577177 -2.204996 15.095945
v 2.650911 -2.181168 15.155708
v 2.592098 -2.195648 15.163122
v 2.019688 -2.217505 14.968347
v 2.248870 -2.233780 14.889908
v 2.475436 -2.215064 14.983050
v 2.246254 -2.198789 15.061489
v 2.078567 -2.069815 15.037638
v 2.394101 -2.055136 15.025071
v 2.388484 -2.072623 14.890372
v 2.082773 -2.091640 14.884095
v 1.726366 -0.815197 15.575483
v 2.080833 -0.603807 15.311872
v 2.295572 -1.650706 15.095791
v 2.065765 -1.687998 14.950958
v 1.899316 -1.397231 15.161351
v 2.287057 -1.314637 15.172752
v 2.077404 -1.321888 15.042261
v 2.108969 -1.389980 15.291842
v 2.124909 -2.515415 15.071995
v 2.272892 -2.530959 15.017847
v 2.423825 -2.521334 15.088142
v 2.275844 -2.505789 15.142290
v 2.104530 -2.368564 15.082238
v 2.421120 -2.373085 15.093118
v 2.423888 -2.400167 14.977438
v 2.101280 -2.394115 14.955589
v 0.879896 1.329262 20.342087
v 1.009574 1.459592 19.937830
v 0.986508 2.058155 19.917509
v 0.960099 2.041384 20.257866
v 1.342459 1.633867 20.630991
v 1.310226 2.395295 20.019766
v 1.679938 2.041234 20.245411
v 1.843894 1.331693 20.331692
v 1.677198 2.053843 19.908102
v 1.696417 1.455329 19.932096
v 1.381331 1.027088 20.042788
v 1.353480 1.716703 19.805843
v 1.065437 0.554747 20.772152
v 1.448341 0.759400 21.052401
v 1.921507 0.590337 20.770182
v 1.538603 0.385684 20.489933
v 1.733921 1.072392 20.795267
v 1.062464 1.070921 20.801746
v 1.116528 0.739386 20.357460
v 1.768021 0.754956 20.355236
v 2.061533 -1.797861 21.822319
v 2.196850 -1.768135 21.910360
v 2.350246 -1.716313 21.807444
v 2.206555 -1.770065 21.730408
v 2.077931 -1.696018 21.707544
v 1.891851 0.236880 20.718174
v 2.284586 -1.637268 21.834837
v 1.238355 0.430545 21.106276
v 1.320572 0.170053 20.718033
v 2.119726 -0.735587 21.242748
v 1.830497 0.478716 21.105343
v 1.680001 -0.679623 21.516714
v 1.344430 -0.099741 21.091543
v 2.048699 0.012213 21.089146
v 1.653826 0.104511 21.331755
v 1.739303 -0.192039 20.848934
v 2.039444 -1.977842 21.837326
v 2.222524 -1.962462 21.956898
v 2.444487 -1.992883 21.838259
v 2.228844 -1.946013 21.736519
v 2.356000 -1.830701 21.746305
v 2.332431 -1.833051 21.921961
v 2.098372 -1.877210 21.913179
v 2.097711 -1.868798 21.750944
v 2.451212 -1.762393 21.798372
v 2.535269 -1.907887 21.794388
v 2.494161 -1.815554 21.759897
v 2.462886 -1.822974 21.853014
v 2.415031 -1.758355 21.764614
v 2.394137 -1.759796 21.855497
v 2.499785 -1.912856 21.734627
v 2.456558 -1.923370 21.893173
v 2.538350 -2.144274 21.716700
v 2.628128 -2.123729 21.718243
v 2.599911 -2.125834 21.659786
v 2.566566 -2.142168 21.775156
v 2.509973 -2.038518 21.720802
v 2.588346 -2.017644 21.715254
v 2.554603 -2.030750 21.810421
v 2.484765 -2.046436 21.834215
v 2.601806 -2.225349 21.670439
v 2.648259 -2.214348 21.676615
v 2.633060 -2.215044 21.645807
v 2.617005 -2.224652 21.701246
v 2.627650 -2.193770 21.721979
v 2.577177 -2.204996 21.716837
v 2.650911 -2.181168 21.657074
v 2.592098 -2.195648 21.649660
v 2.019688 -2.217505 21.844437
v 2.248870 -2.233780 21.922874
v 2.475436 -2.215064 21.829731
v 2.246254 -2.198789 21.751293
v 2.078567 -2.069815 21.775145
v 2.394101 -2.055136 21.787712
v 2.388484 -2.072623 21.922411
v 2.082773 -2.091640 21.928688
v 1.726366 -0.815197 21.237299
v 2.080833 -0.603807 21.500910
v 2.295572 -1.650706 21.716991
v 2.065764 -1.687998 21.861824
v 1.899316 -1.397231 21.651432
v 2.287057 -1.314638 21.640030
v 2.077404 -1.321888 21.770521
v 2.108969 -1.389980 21.520941
v 2.124909 -2.515415 21.740788
v 2.272892 -2.530959 21.794935
v 2.423825 -2.521334 21.724640
v 2.275843 -2.505789 21.670492
v 2.104530 -2.368564 21.730545
v 2.421120 -2.373085 21.719664
v 2.423888 -2.400167 21.835344
v 2.101280 -2.394115 21.857193
v 0.852160 1.755896 16.716131
v 1.313485 2.158839 16.506678
v 1.820813 1.752765 16.728672
v 1.359487 1.349822 16.938126
v 1.389927 1.132498 15.931372
v 1.331415 2.161267 16.962130
v 2.188290 -1.675834 15.125734
v 0.965469 0.903556 16.232363
v 1.874998 0.915271 16.238346
v 1.450540 0.686330 16.539339
v 2.399029 -1.737931 15.008031
v 2.172475 -1.661094 14.938799
v 2.330071 -1.633665 15.039143
v 2.031335 -1.700779 15.026561
v 1.170393 0.289518 15.900553
v 1.970245 0.368579 15.901099
v 1.520966 0.501724 15.634279
v 1.619672 0.156373 16.167374
v 2.234583 -2.057879 15.057341
v 2.056357 -1.880491 14.982501
v 2.216754 -1.849589 15.080017
v 2.208387 -1.856091 14.873652
v 2.493025 -1.817237 15.011776
v 2.450119 -1.819095 15.064657
v 2.555093 -2.024954 15.113701
v 2.413586 -1.824817 14.920156
v 2.599049 -2.201772 15.081286
v 2.514654 -2.039311 14.972523
v 2.487355 -2.049366 15.033437
v 2.584912 -2.021369 15.052339
v 2.628860 -2.227269 15.142847
v 2.649602 -2.185431 15.122260
v 2.625228 -2.186716 15.171841
v 2.574675 -2.203057 15.130867
v 2.263130 -2.368097 15.111616
v 2.448549 -2.064900 14.957943
v 2.023422 -2.084244 14.961667
v 1.628728 -0.761981 15.434805
v 2.174735 -0.655126 15.441924
v 1.872424 -0.616651 15.253572
v 1.931039 -0.800456 15.623158
v 2.234348 -2.084988 14.860458
v 2.278420 -2.565484 15.099534
v 2.262660 -2.404295 14.944405
v 2.482596 -2.389830 15.039259
v 2.043193 -2.382562 15.016761
v 0.852160 1.755896 20.096651
v 1.313485 2.158839 20.306105
v 1.820813 1.752765 20.084110
v 1.359487 1.349822 19.874657
v 1.389927 1.132498 20.881411
v 1.331415 2.161267 19.850653
v 2.188290 -1.675834 21.687048
v 0.965469 0.903556 20.580420
v 1.874998 0.915271 20.574436
v 1.450540 0.686330 20.273443
v 2.399029 -1.737931 21.804750
v 2.172475 -1.661094 21.873983
v 2.330071 -1.633664 21.773640
v 2.031335 -1.700779 21.786221
v 1.170393 0.289518 20.912230
v 1.970245 0.368579 20.911684
v 1.520966 0.501724 21.178503
v 1.619672 0.156373 20.645409
v 2.234583 -2.057879 21.755442
v 2.056357 -1.880491 21.830282
v 2.216754 -1.849589 21.732765
v 2.208387 -1.856091 21.939131
v 2.493026 -1.817237 21.801006
v 2.450119 -1.819095 21.748125
v 2.555094 -2.024954 21.699081
v 2.413586 -1.824817 21.892626
v 2.599049 -2.201771 21.731495
v 2.514654 -2.039311 21.840260
v 2.487355 -2.049366 21.779345
v 2.584912 -2.021369 21.760443
v 2.628860 -2.227269 21.669935
v 2.649602 -2.185431 21.690523
v 2.625228 -2.186716 21.640942
v 2.574675 -2.203057 21.681915
v 2.263130 -2.368097 21.701166
v 2.448548 -2.064900 21.854839
v 2.023422 -2.084244 21.851114
v 1.628728 -0.761981 21.377977
v 2.174735 -0.655126 21.370857
v 1.872424 -0.616651 21.559210
v 1.931039 -0.800456 21.189625
v 2.234348 -2.084988 21.952324
v 2.278420 -2.565484 21.713249
v 2.262660 -2.404295 21.868378
v 2.482596 -2.389830 21.773523
v 2.043193 -2.382562 21.796021
vn -0.8911 -0.2622 0.3704
vn -0.7480 -0.0513 0.6618
vn -0.9468 0.3164 0.0579
vn -0.9269 0.1453 -0.3461
vn -0.2831 0.4895 -0.8248
vn -0.2939 0.7164 -0.6327
vn 0.3063 0.7181 -0.6249
vn 0.3026 0.5109 -0.8046
vn 0.9065 0.2508 -0.3397
vn 0.9217 0.3880 -0.0070
vn 0.7759 -0.0004 0.6309
vn 0.9080 -0.1635 0.3857
vn 0.2929 -0.4355 0.8512
vn 0.1929 -0.2099 0.9585
vn -0.2066 -0.2137 0.9548
vn -0.2989 -0.4598 0.8362
vn -0.2839 0.4049 -0.8692
vn 0.2966 0.4528 -0.8408
vn 0.2756 0.4475 -0.8508
vn -0.2866 0.3596 -0.8880
vn 0.2897 0.5642 0.7731
vn -0.3038 0.5316 0.7906
vn -0.1869 0.1181 0.9753
vn 0.1697 0.1332 0.9764
vn 0.3432 -0.3951 0.8521
vn -0.0874 -0.5121 0.8544
vn -0.0838 -0.4240 0.9018
vn 0.2896 -0.3174 0.9030
vn -0.8855 -0.3628 0.2903
vn -0.9178 0.0518 -0.3937
vn -0.9172 -0.0281 -0.3973
vn -0.8475 -0.4383 0.2995
vn 0.8976 0.2581 -0.3573
vn 0.9187 -0.1360 0.3708
vn 0.9241 -0.0804 0.3737
vn 0.8719 0.3200 -0.3706
vn 0.3123 -0.4903 0.8136
vn -0.2976 -0.5665 0.7684
vn -0.2658 -0.5998 0.7547
vn 0.3206 -0.4940 0.8082
vn 0.3420 0.8307 -0.4393
vn 0.2364 0.8478 0.4746
vn 0.3319 0.9105 0.2468
vn 0.4264 0.8166 -0.3889
vn -0.1970 0.2431 -0.9498
vn 0.2413 0.3436 -0.9076
vn 0.2071 0.3811 -0.9010
vn -0.1879 0.2653 -0.9457
vn 0.7668 0.3275 -0.5521
vn 0.8833 -0.0833 0.4614
vn 0.8747 0.0673 0.4799
vn 0.7302 0.4198 -0.5390
vn -0.7347 -0.5208 0.4346
vn -0.8808 -0.1905 -0.4335
vn -0.8932 -0.1213 -0.4330
vn -0.7757 -0.4129 0.4772
vn -0.8129 -0.4963 0.3048
vn -0.8994 -0.1249 -0.4190
vn -0.8774 -0.1878 -0.4414
vn -0.8035 -0.5057 0.3140
vn 0.8420 0.4001 -0.3619
vn 0.9259 -0.0222 0.3771
vn 0.9245 0.0164 0.3809
vn 0.8374 0.3780 -0.3947
vn -0.2993 0.3373 -0.8925
vn 0.2478 0.4946 -0.8331
vn 0.2326 0.4207 -0.8769
vn -0.3045 0.2479 -0.9197
vn 0.3380 -0.4584 0.8220
vn -0.2328 -0.5858 0.7763
vn -0.2093 -0.5374 0.8169
vn 0.3553 -0.3859 0.8514
vn 0.1525 -0.2210 0.9633
vn -0.1057 -0.1770 0.9785
vn -0.1380 0.0037 0.9904
vn 0.1639 0.0805 0.9832
vn -0.8836 0.0200 0.4677
vn -0.8957 0.0842 -0.4366
vn -0.8681 0.1521 -0.4726
vn -0.8800 0.1030 0.4636
vn 0.1371 0.0790 0.9874
vn -0.1537 -0.0359 0.9875
vn -0.1312 -0.0378 0.9906
vn 0.1093 -0.0362 0.9934
vn -0.2329 0.2347 -0.9438
vn 0.1147 0.4018 -0.9085
vn 0.1480 0.1387 -0.9792
vn -0.2472 0.1322 -0.9599
vn 0.7149 0.5392 -0.4451
vn 0.7939 0.6061 -0.0488
vn 0.9015 0.4273 -0.0694
vn 0.7978 0.3332 -0.5024
vn 0.0542 0.2032 0.9776
vn -0.1103 -0.0520 0.9925
vn 0.2502 0.2569 0.9335
vn 0.1915 0.3409 0.9204
vn 0.2775 0.3963 0.8752
vn -0.3575 0.0734 0.9310
vn -0.4235 0.1837 0.8871
vn 0.3399 0.4576 0.8216
vn 0.3423 0.1762 -0.9229
vn 0.2833 0.5025 -0.8169
vn 0.5006 0.5175 -0.6940
vn 0.6153 0.2590 -0.7445
vn -0.3101 -0.6744 -0.6701
vn 0.4340 -0.3442 -0.8326
vn 0.3643 -0.6024 -0.7102
vn -0.1956 -0.8213 -0.5359
vn 0.3607 -0.3344 -0.8707
vn 0.6441 -0.0014 -0.7649
vn 0.5502 -0.1977 -0.8113
vn -0.1639 -0.6156 -0.7708
vn -0.7919 -0.5695 0.2202
vn -0.7972 -0.5900 0.1277
vn -0.8753 -0.4836 -0.0035
vn -0.8784 -0.2192 0.4247
vn 0.8295 0.1987 -0.5219
vn 0.9215 0.3762 -0.0962
vn 0.9313 0.3519 -0.0944
vn 0.8289 0.1121 -0.5481
vn -0.0237 -0.9112 0.4113
vn -0.0486 -0.9977 -0.0466
vn 0.4577 -0.8614 -0.2204
vn 0.5525 -0.7937 0.2546
vn 0.8240 0.0246 -0.5660
vn 0.9527 0.2932 -0.0796
vn 0.9973 -0.0461 -0.0571
vn 0.8396 -0.2369 -0.4889
vn 0.4051 0.4134 0.8155
vn -0.3322 0.1717 0.9275
vn -0.1710 -0.1684 0.9708
vn 0.4943 0.0285 0.8688
vn -0.8392 -0.2431 0.4865
vn -0.8422 -0.5385 -0.0263
vn -0.6674 -0.7441 0.0279
vn -0.6814 -0.5559 0.4762
vn 0.1262 0.2983 0.9461
vn -0.1649 0.2541 0.9530
vn -0.1744 0.2038 0.9633
vn 0.1092 0.2381 0.9651
vn 0.8108 0.0463 -0.5834
vn 0.8133 -0.2213 0.5382
vn 0.7266 0.1966 0.6583
vn 0.7281 -0.0016 -0.6855
vn -0.8413 0.0075 0.5404
vn -0.8208 0.1334 -0.5555
vn -0.7607 -0.0518 -0.6470
vn -0.7782 0.0156 0.6279
vn -0.7988 -0.4958 0.3407
vn -0.8792 -0.1876 -0.4380
vn -0.8807 -0.1875 -0.4350
vn -0.7738 -0.5034 0.3844
vn 0.8325 0.3372 -0.4395
vn 0.9234 0.0089 0.3837
vn 0.9105 -0.0202 0.4130
vn 0.8058 0.3300 -0.4917
vn -0.2914 0.2104 -0.9332
vn 0.2319 0.3560 -0.9053
vn 0.2365 0.3405 -0.9100
vn -0.2505 0.2178 -0.9433
vn 0.3654 -0.3647 0.8564
vn -0.1809 -0.5175 0.8364
vn -0.1373 -0.5103 0.8490
vn 0.3596 -0.3701 0.8566
vn -0.1888 -0.0102 -0.9820
vn 0.1894 -0.0219 -0.9816
vn 0.1979 -0.1687 -0.9656
vn -0.1149 -0.1743 -0.9780
vn -0.2166 -0.9196 -0.3278
vn 0.2233 -0.9078 -0.3550
vn 0.2199 -0.5963 0.7721
vn -0.3015 -0.6120 0.7312
vn -0.0867 -0.3083 -0.9473
vn 0.1965 -0.2865 -0.9377
vn 0.1771 -0.4714 -0.8640
vn -0.0828 -0.4968 -0.8639
vn 0.7212 -0.1806 -0.6688
vn 0.6727 0.2530 0.6953
vn 0.7132 -0.0105 0.7008
vn 0.7122 -0.4737 -0.5181
vn -0.7416 0.0852 0.6655
vn -0.7172 -0.2854 -0.6358
vn -0.6824 -0.5709 -0.4564
vn -0.7405 -0.1485 0.6554
vn -0.8911 -0.2622 -0.3704
vn -0.9269 0.1453 0.3461
vn -0.9468 0.3164 -0.0579
vn -0.7480 -0.0513 -0.6618
vn -0.2831 0.4895 0.8248
vn 0.3026 0.5109 0.8046
vn 0.3063 0.7181 0.6249
vn -0.2939 0.7164 0.6327
vn 0.9065 0.2508 0.3397
vn 0.9080 -0.1635 -0.3857
vn 0.7759 -0.0004 -0.6309
vn 0.9217 0.3880 0.0070
vn 0.2929 -0.4355 -0.8512
vn -0.2989 -0.4598 -0.8362
vn -0.2066 -0.2137 -0.9548
vn 0.1929 -0.2099 -0.9585
vn -0.2839 0.4049 0.8692
vn -0.2866 0.3596 0.8880
vn 0.2756 0.4475 0.8508
vn 0.2966 0.4528 0.8408
vn 0.2897 0.5642 -0.7731
vn 0.1697 0.1332 -0.9764
vn -0.1869 0.1181 -0.9753
vn -0.3038 0.5316 -0.7906
vn 0.3432 -0.3951 -0.8521
vn 0.2896 -0.3174 -0.9030
vn -0.0838 -0.4240 -0.9018
vn -0.0874 -0.5121 -0.8545
vn -0.8855 -0.3628 -0.2903
vn -0.8475 -0.4383 -0.2995
vn -0.9172 -0.0281 0.3973
vn -0.9178 0.0518 0.3937
vn 0.8976 0.2581 0.3573
vn 0.8719 0.3200 0.3706
vn 0.9241 -0.0804 -0.3737
vn 0.9187 -0.1360 -0.3708
vn 0.3123 -0.4903 -0.8136
vn 0.3206 -0.4940 -0.8082
vn -0.2658 -0.5998 -0.7547
vn -0.2976 -0.5665 -0.7684
vn 0.3420 0.8307 0.4393
vn 0.4264 0.8166 0.3889
vn 0.3319 0.9105 -0.2468
vn 0.2364 0.8478 -0.4746
vn -0.1970 0.2431 0.9498
vn -0.1879 0.2653 0.9457
vn 0.2071 0.3811 0.9010
vn 0.2413 0.3436 0.9076
vn 0.7668 0.3275 0.5521
vn 0.7302 0.4198 0.5390
vn 0.8747 0.0673 -0.4799
vn 0.8833 -0.0833 -0.4614
vn -0.7347 -0.5208 -0.4346
vn -0.7757 -0.4130 -0.4772
vn -0.8932 -0.1213 0.4329
vn -0.8808 -0.1905 0.4335
vn -0.8129 -0.4963 -0.3048
vn -0.8035 -0.5057 -0.3140
vn -0.8774 -0.1878 0.4414
vn -0.8994 -0.1249 0.4190
vn 0.8420 0.4001 0.3619
vn 0.8374 0.3780 0.3947
vn 0.9245 0.0164 -0.3809
vn 0.9259 -0.0222 -0.3771
vn -0.2993 0.3373 0.8925
vn -0.3045 0.2479 0.9197
vn 0.2326 0.4207 0.8769
vn 0.2478 0.4946 0.8331
vn 0.3380 -0.4584 -0.8220
vn 0.3553 -0.3859 -0.8514
vn -0.2093 -0.5374 -0.8169
vn -0.2328 -0.5858 -0.7763
vn 0.1525 -0.2210 -0.9633
vn 0.1639 0.0805 -0.9832
vn -0.1380 0.0037 -0.9904
vn -0.1057 -0.1770 -0.9785
vn -0.8836 0.0200 -0.4677
vn -0.8800 0.1030 -0.4636
vn -0.8681 0.1521 0.4726
vn -0.8957 0.0842 0.4366
vn 0.1371 0.0790 -0.9874
vn 0.1093 -0.0362 -0.9934
vn -0.1312 -0.0378 -0.9906
vn -0.1537 -0.0359 -0.9875
vn -0.2329 0.2347 0.9438
vn -0.2472 0.1322 0.9599
vn 0.1480 0.1387 0.9792
vn 0.1147 0.4018 0.9085
vn 0.7149 0.5392 0.4451
vn 0.7978 0.3332 0.5024
vn 0.9015 0.4273 0.0694
vn 0.7939 0.6061 0.0488
vn 0.0542 0.2032 -0.9776
vn 0.1916 0.3409 -0.9204
vn 0.2502 0.2569 -0.9335
vn -0.1103 -0.0520 -0.9925
vn 0.2775 0.3963 -0.8752
vn 0.3399 0.4576 -0.8216
vn -0.4235 0.1837 -0.8871
vn -0.3575 0.0734 -0.9310
vn 0.3423 0.1762 0.9229
vn 0.6153 0.2590 0.7445
vn 0.5006 0.5175 0.6940
vn 0.2833 0.5025 0.8168
vn -0.3101 -0.6744 0.6701
vn -0.1956 -0.8213 0.5359
vn 0.3643 -0.6024 0.7102
vn 0.4340 -0.3442 0.8326
vn 0.3607 -0.3344 0.8707
vn -0.1639 -0.6156 0.7708
vn 0.5502 -0.1977 0.8113
vn 0.6441 -0.0014 0.7649
vn -0.7919 -0.5695 -0.2202
vn -0.8784 -0.2192 -0.4247
vn -0.8753 -0.4836 0.0035
vn -0.7972 -0.5900 -0.1277
vn 0.8295 0.1987 0.5219
vn 0.8289 0.1121 0.5481
vn 0.9313 0.3519 0.0944
vn 0.9215 0.3762 0.0962
vn -0.0237 -0.9112 -0.4113
vn 0.5525 -0.7937 -0.2546
vn 0.4577 -0.8614 0.2204
vn -0.0486 -0.9977 0.0465
vn 0.8240 0.0246 0.5660
vn 0.8396 -0.2369 0.4889
vn 0.9973 -0.0461 0.0571
vn 0.9527 0.2932 0.0796
vn 0.4051 0.4134 -0.8155
vn 0.4943 0.0285 -0.8688
vn -0.1710 -0.1684 -0.9708
vn -0.3322 0.1717 -0.9275
vn -0.8392 -0.2431 -0.4865
vn -0.6814 -0.5559 -0.4762
vn -0.6674 -0.7441 -0.0279
vn -0.8422 -0.5385 0.0263
vn 0.1262 0.2983 -0.9461
vn 0.1092 0.2381 -0.9651
vn -0.1744 0.2038 -0.9633
vn -0.1649 0.2541 -0.9530
vn 0.8108 0.0463 0.5834
vn 0.7281 -0.0016 0.6855
vn 0.7266 0.1966 -0.6583
vn 0.8133 -0.2213 -0.5382
vn -0.8413 0.0075 -0.5404
vn -0.7782 0.0156 -0.6279
vn -0.7607 -0.0518 0.6470
vn -0.8208 0.1334 0.5555
vn -0.7988 -0.4958 -0.3407
vn -0.7738 -0.5034 -0.3844
vn -0.8807 -0.1875 0.4350
vn -0.8792 -0.1876 0.4380
vn 0.8325 0.3372 0.4395
vn 0.8058 0.3300 0.4917
vn 0.9105 -0.0202 -0.4130
vn 0.9234 0.0089 -0.3837
vn -0.2914 0.2104 0.9332
vn -0.2505 0.2178 0.9433
vn 0.2365 0.3405 0.9100
vn 0.2319 0.3560 0.9053
vn 0.3654 -0.3647 -0.8564
vn 0.3596 -0.3701 -0.8566
vn -0.1373 -0.5103 -0.8490
vn -0.1809 -0.5175 -0.8364
vn -0.1888 -0.0102 0.9820
vn -0.1149 -0.1743 0.9780
vn 0.1979 -0.1687 0.9656
vn 0.1894 -0.0219 0.9816
vn -0.2166 -0.9196 0.3278
vn -0.3015 -0.6120 -0.7312
vn 0.2199 -0.5963 -0.7721
vn 0.2233 -0.9078 0.3550
vn -0.0867 -0.3083 0.9473
vn -0.0828 -0.4968 0.8639
vn 0.1771 -0.4714 0.8640
vn 0.1965 -0.2865 0.9377
vn 0.7212 -0.1806 0.6688
vn 0.7122 -0.4737 0.5181
vn 0.7132 -0.0105 -0.7008
vn 0.6727 0.2530 -0.6953
vn -0.7416 0.0852 -0.6655
vn -0.7405 -0.1485 -0.6554
vn -0.6824 -0.5709 0.4564
vn -0.7172 -0.2854 0.6358
vt 0.375000 0.000000
vt 0.500000 0.000000
vt 0.504340 0.125000
vt 0.413194 0.125000
vt 0.625000 0.000000
vt 0.625000 0.125000
vt 0.625000 0.250000
vt 0.505208 0.250000
vt 0.416667 0.250000
vt 0.505208 0.375000
vt 0.416667 0.375000
vt 0.625000 0.375000
vt 0.625000 0.500000
vt 0.505208 0.500000
vt 0.416667 0.500000
vt 0.505208 0.625000
vt 0.416667 0.625000
vt 0.625000 0.625000
vt 0.625000 0.750000
vt 0.505208 0.750000
vt 0.416667 0.750000
vt 0.504340 0.875000
vt 0.413194 0.875000
vt 0.625000 0.875000
vt 0.625000 1.000000
vt 0.500000 1.000000
vt 0.375000 1.000000
vt 0.416667 0.250000
vt 0.416667 0.375000
vt 0.380208 0.375000
vt 0.380208 0.250000
vt 0.416667 0.500000
vt 0.380208 0.500000
vt 0.375000 0.500000
vt 0.375000 0.375000
vt 0.375000 0.250000
vt 0.750000 0.500000
vt 0.750000 0.625000
vt 0.875000 0.500000
vt 0.875000 0.625000
vt 0.875000 0.750000
vt 0.750000 0.750000
vt 0.375000 0.750000
vt 0.375000 0.875000
vt 0.375000 0.875000
vt 0.375000 0.750000
vt 0.375000 1.000000
vt 0.375000 0.875868
vt 0.375000 0.750000
vt 0.413194 0.125000
vt 0.379340 0.125000
vt 0.375000 0.000000
vt 0.416667 0.250000
vt 0.380208 0.250000
vt 0.375000 0.250000
vt 0.375000 0.125000
vt 0.416667 0.625000
vt 0.380208 0.625000
vt 0.416667 0.750000
vt 0.380208 0.750000
vt 0.375000 0.625000
vt 0.413194 0.875000
vt 0.379340 0.875000
vt 0.380208 0.750000
vt 0.375000 0.500000
vt 0.375000 0.625000
vt 0.375000 0.625000
vt 0.375000 0.540895
vt 0.375000 0.709105
vt 0.375000 0.687500
vt 0.375000 0.625000
vt 0.375000 0.562500
vt 0.375000 0.250000
vt 0.375000 0.375000
vt 0.375000 0.375000
vt 0.375000 0.500000
vt 0.375000 0.500000
vt 0.375000 0.374132
vt 0.375000 0.000000
vt 0.375000 0.125000
vt 0.375000 0.125000
vt 0.375000 0.250000
vt 0.375000 0.000000
vt 0.375000 0.625000
vt 0.375000 0.500000
vt 0.375000 0.750000
vt 0.375000 0.375000
vt 0.375000 0.375000
vt 0.375000 0.875868
vt 0.375000 0.875000
vt 0.375000 0.750000
vt 0.375000 0.878472
vt 0.375000 0.783854
vt 0.375000 0.371528
vt 0.375000 0.466146
vt 0.375000 0.500000
vt 0.375000 0.545235
vt 0.375000 0.704765
vt 0.375000 0.708333
vt 0.375000 0.541667
vt 0.375000 0.744117
vt 0.375000 0.744792
vt 0.375000 0.744792
vt 0.375000 0.740451
vt 0.375000 0.711806
vt 0.375000 0.739583
vt 0.375000 0.505884
vt 0.375000 0.505208
vt 0.375000 0.510417
vt 0.375000 0.515239
vt 0.375000 0.545235
vt 0.375000 0.562500
vt 0.375000 0.548804
vt 0.375000 0.509549
vt 0.375000 0.538194
vt 0.375000 0.625000
vt 0.375000 0.541667
vt 0.375000 0.708333
vt 0.375000 0.708333
vt 0.375000 0.687500
vt 0.375000 0.625000
vt 0.375000 0.625000
vt 0.375000 0.701196
vt 0.375000 0.625000
vt 0.375000 0.704765
vt 0.375000 0.734761
vt 0.375000 0.704765
vt 0.374132 0.750000
vt 0.375000 1.000000
vt 0.375000 0.375000
vt 0.125000 0.500000
vt 0.250000 0.500000
vt 0.246528 0.625000
vt 0.125000 0.625000
vt 0.340278 0.625000
vt 0.250000 0.750000
vt 0.125000 0.750000
vt 0.374132 0.500000
vt 0.371528 0.625000
vt 0.500000 0.125000
vt 0.500000 0.250000
vt 0.500000 0.375000
vt 0.500000 0.500000
vt 0.500000 0.625000
vt 0.500000 0.750000
vt 0.500000 0.875000
vt 0.375000 0.750000
vt 0.375000 0.875868
vt 0.375000 0.625000
vt 0.375000 0.625000
vt 0.375000 0.709105
vt 0.375000 0.375000
vt 0.375000 0.374132
vt 0.375000 0.625000
vt 0.375000 0.250000
vt 0.375000 0.625000
vt 0.375000 0.875868
vt 0.375000 0.783854
vt 0.375000 0.878472
vt 0.375000 0.371528
vt 0.375000 0.374132
vt 0.375000 0.545235
vt 0.375000 0.744117
vt 0.375000 0.783854
vt 0.375000 0.744792
vt 0.375000 0.739583
vt 0.375000 0.505883
vt 0.375000 0.541667
vt 0.375000 0.515239
vt 0.375000 0.548804
vt 0.375000 0.538195
vt 0.375000 0.541667
vt 0.375000 0.734761
vt 0.375000 0.701196
vt 0.375000 0.250000
vt 0.250000 0.625000
vt 0.375000 0.750000
s 0
f 2892/1758/2720 2989/1759/2720 3172/1760/2720 2988/1761/2720
f 2989/1759/2721 2893/1762/2721 2990/1763/2721 3172/1760/2721
f 3172/1760/2722 2990/1763/2722 2895/1764/2722 2991/1765/2722
f 2988/1761/2723 3172/1760/2723 2991/1765/2723 2894/1766/2723
f 2894/1766/2724 2991/1765/2724 3173/1767/2724 2992/1768/2724
f 2991/1765/2725 2895/1764/2725 2993/1769/2725 3173/1767/2725
f 3173/1767/2726 2993/1769/2726 2899/1770/2726 2994/1771/2726
f 2992/1768/2727 3173/1767/2727 2994/1771/2727 2898/1772/2727
f 2898/1772/2728 2994/1771/2728 3174/1773/2728 2995/1774/2728
f 2994/1771/2729 2899/1770/2729 2996/1775/2729 3174/1773/2729
f 3174/1773/2730 2996/1775/2730 2897/1776/2730 2997/1777/2730
f 2995/1774/2731 3174/1773/2731 2997/1777/2731 2896/1778/2731
f 2896/1778/2732 2997/1777/2732 3175/1779/2732 2998/1780/2732
f 2997/1777/2733 2897/1776/2733 2999/1781/2733 3175/1779/2733
f 3175/1779/2734 2999/1781/2734 2893/1782/2734 2989/1783/2734
f 2998/1780/2735 3175/1779/2735 2989/1783/2735 2892/1784/2735
f 2894/1785/2736 2992/1786/2736 3176/1787/2736 3005/1788/2736
f 2992/1786/2737 2898/1789/2737 3004/1790/2737 3176/1787/2737
f 3176/1787/2738 3004/1790/2738 2902/1791/2738 3001/1792/2738
f 3005/1788/2739 3176/1787/2739 3001/1792/2739 2900/1793/2739
f 2899/1770/2740 2993/1794/2740 3177/1795/2740 2996/1775/2740
f 2993/1794/2741 2895/1796/2741 2990/1797/2741 3177/1795/2741
f 3177/1795/2742 2990/1797/2742 2893/1798/2742 2999/1799/2742
f 2996/1775/2743 3177/1795/2743 2999/1799/2743 2897/1776/2743
f 2934/1800/2744 3071/1801/2744 3178/1802/2744 3066/1803/2744
f 3071/1801/2745 2932/1784/2745 3012/1804/2745 3178/1802/2745
f 3178/1802/2746 3012/1804/2746 2905/1784/2746 3011/1805/2746
f 3066/1803/2747 3178/1802/2747 3011/1805/2747 2907/1806/2747
f 2892/1758/2748 2988/1807/2748 3179/1808/2748 3006/1809/2748
f 2988/1807/2749 2894/1810/2749 3005/1811/2749 3179/1808/2749
f 3179/1808/2750 3005/1811/2750 2900/1812/2750 3000/1813/2750
f 3006/1809/2751 3179/1808/2751 3000/1813/2751 2901/1758/2751
f 2898/1789/2752 2995/1814/2752 3180/1815/2752 3004/1790/2752
f 2995/1814/2753 2896/1816/2753 3007/1817/2753 3180/1815/2753
f 3180/1815/2754 3007/1817/2754 2903/1800/2754 3002/1818/2754
f 3004/1790/2755 3180/1815/2755 3002/1818/2755 2902/1791/2755
f 2896/1816/2756 2998/1819/2756 3181/1820/2756 3007/1821/2756
f 2998/1819/2757 2892/1784/2757 3006/1804/2757 3181/1820/2757
f 3181/1820/2758 3006/1804/2758 2901/1784/2758 3003/1801/2758
f 3007/1821/2759 3181/1820/2759 3003/1801/2759 2903/1800/2759
f 2906/1822/2760 3010/1823/2760 3182/1824/2760 3037/1825/2760
f 3010/1823/2761 2907/1806/2761 3036/1826/2761 3182/1824/2761
f 3182/1824/2762 3036/1826/2762 2916/1827/2762 3032/1828/2762
f 3037/1825/2763 3182/1824/2763 3032/1828/2763 2917/1829/2763
f 2935/1830/2764 3070/1831/2764 3183/1832/2764 3067/1812/2764
f 3070/1831/2765 2933/1833/2765 3014/1834/2765 3183/1832/2765
f 3183/1832/2766 3014/1834/2766 2906/1822/2766 3009/1835/2766
f 3067/1812/2767 3183/1832/2767 3009/1835/2767 2904/1830/2767
f 2933/1833/2768 3069/1828/2768 3184/1823/2768 3014/1834/2768
f 3069/1828/2769 2934/1800/2769 3066/1803/2769 3184/1823/2769
f 3184/1823/2770 3066/1803/2770 2907/1806/2770 3010/1823/2770
f 3014/1834/2771 3184/1823/2771 3010/1823/2771 2906/1822/2771
f 2932/1836/2772 3068/1837/2772 3185/1838/2772 3012/1758/2772
f 3068/1837/2773 2935/1839/2773 3067/1812/2773 3185/1838/2773
f 3185/1838/2774 3067/1812/2774 2904/1839/2774 3008/1838/2774
f 3012/1758/2775 3185/1838/2775 3008/1838/2775 2905/1840/2775
f 2901/1758/2776 3000/1813/2776 3186/1813/2776 3016/1809/2776
f 3000/1813/2777 2900/1812/2777 3015/1812/2777 3186/1813/2777
f 3186/1813/2778 3015/1812/2778 2911/1793/2778 3020/1813/2778
f 3016/1809/2779 3186/1813/2779 3020/1813/2779 2908/1758/2779
f 2902/1791/2780 3002/1818/2780 3187/1841/2780 3018/1842/2780
f 3002/1818/2781 2903/1800/2781 3013/1843/2781 3187/1841/2781
f 3187/1841/2782 3013/1843/2782 2909/1800/2782 3021/1818/2782
f 3018/1842/2783 3187/1841/2783 3021/1818/2783 2910/1833/2783
f 2900/1793/2784 3001/1792/2784 3188/1844/2784 3015/1839/2784
f 3001/1792/2785 2902/1791/2785 3018/1842/2785 3188/1844/2785
f 3188/1844/2786 3018/1842/2786 2910/1833/2786 3022/1845/2786
f 3015/1839/2787 3188/1844/2787 3022/1845/2787 2911/1793/2787
f 2903/1800/2788 3003/1801/2788 3189/1801/2788 3013/1800/2788
f 3003/1801/2789 2901/1784/2789 3016/1804/2789 3189/1801/2789
f 3189/1801/2790 3016/1804/2790 2908/1784/2790 3023/1801/2790
f 3013/1800/2791 3189/1801/2791 3023/1801/2791 2909/1800/2791
f 2915/1800/2792 3027/1846/2792 3190/1847/2792 3061/1848/2792
f 3027/1846/2793 2913/1784/2793 3060/1804/2793 3190/1847/2793
f 3190/1847/2794 3060/1804/2794 2929/1784/2794 3059/1801/2794
f 3061/1848/2795 3190/1847/2795 3059/1801/2795 2931/1800/2795
f 2905/1840/2796 3008/1838/2796 3191/1813/2796 3031/1809/2796
f 3008/1838/2797 2904/1830/2797 3030/1812/2797 3191/1813/2797
f 3191/1813/2798 3030/1812/2798 2912/1812/2798 3024/1813/2798
f 3031/1809/2799 3191/1813/2799 3024/1813/2799 2913/1758/2799
f 2907/1806/2800 3011/1805/2800 3192/1849/2800 3028/1850/2800
f 3011/1805/2801 2905/1784/2801 3031/1804/2801 3192/1849/2801
f 3192/1849/2802 3031/1804/2802 2913/1784/2802 3027/1846/2802
f 3028/1850/2803 3192/1849/2803 3027/1846/2803 2915/1800/2803
f 2904/1830/2804 3009/1835/2804 3193/1851/2804 3030/1812/2804
f 3009/1835/2805 2906/1822/2805 3029/1852/2805 3193/1851/2805
f 3193/1851/2806 3029/1852/2806 2914/1853/2806 3025/1835/2806
f 3030/1812/2807 3193/1851/2807 3025/1835/2807 2912/1812/2807
f 2917/1829/2808 3032/1828/2808 3194/1841/2808 3035/1854/2808
f 3032/1828/2809 2916/1827/2809 3034/1855/2809 3194/1841/2809
f 3194/1841/2810 3034/1855/2810 2918/1856/2810 3033/1841/2810
f 3035/1854/2811 3194/1841/2811 3033/1841/2811 2919/1857/2811
f 2907/1806/2812 3028/1850/2812 3195/1858/2812 3036/1826/2812
f 3028/1850/2813 2915/1800/2813 3038/1859/2813 3195/1858/2813
f 3195/1858/2814 3038/1859/2814 2918/1856/2814 3034/1855/2814
f 3036/1826/2815 3195/1858/2815 3034/1855/2815 2916/1827/2815
f 2918/1856/2816 3038/1860/2816 3196/1861/2816 3045/1856/2816
f 3038/1860/2817 2915/1800/2817 3044/1862/2817 3196/1861/2817
f 3196/1861/2818 3044/1862/2818 2920/1856/2818 3042/1863/2818
f 3045/1856/2819 3196/1861/2819 3042/1863/2819 2922/1856/2819
f 2914/1853/2820 3029/1852/2820 3197/1864/2820 3039/1865/2820
f 3029/1852/2821 2906/1822/2821 3037/1825/2821 3197/1864/2821
f 3197/1864/2822 3037/1825/2822 2917/1829/2822 3035/1854/2822
f 3039/1865/2823 3197/1864/2823 3035/1854/2823 2919/1857/2823
f 2921/1857/2824 3043/1866/2824 3198/1867/2824 3053/1854/2824
f 3043/1866/2825 2923/1857/2825 3052/1868/2825 3198/1867/2825
f 3198/1867/2826 3052/1868/2826 2927/1869/2826 3051/1870/2826
f 3053/1854/2827 3198/1867/2827 3051/1870/2827 2925/1829/2827
f 2914/1853/2828 3039/1865/2828 3199/1871/2828 3047/1872/2828
f 3039/1865/2829 2919/1857/2829 3046/1857/2829 3199/1871/2829
f 3199/1871/2830 3046/1857/2830 2923/1857/2830 3043/1866/2830
f 3047/1872/2831 3199/1871/2831 3043/1866/2831 2921/1857/2831
f 2915/1800/2832 3026/1823/2832 3200/1841/2832 3044/1862/2832
f 3026/1823/2833 2914/1853/2833 3047/1872/2833 3200/1841/2833
f 3200/1841/2834 3047/1872/2834 2921/1857/2834 3040/1841/2834
f 3044/1862/2835 3200/1841/2835 3040/1841/2835 2920/1856/2835
f 2919/1857/2836 3033/1873/2836 3201/1828/2836 3046/1874/2836
f 3033/1873/2837 2918/1875/2837 3045/1876/2837 3201/1828/2837
f 3201/1828/2838 3045/1876/2838 2922/1875/2838 3041/1873/2838
f 3046/1874/2839 3201/1828/2839 3041/1873/2839 2923/1857/2839
f 2924/1877/2840 3048/1878/2840 3202/1879/2840 3050/1880/2840
f 3048/1878/2841 2925/1829/2841 3051/1870/2841 3202/1879/2841
f 3202/1879/2842 3051/1870/2842 2927/1869/2842 3049/1878/2842
f 3050/1880/2843 3202/1879/2843 3049/1878/2843 2926/1877/2843
f 2923/1857/2844 3041/1841/2844 3203/1881/2844 3052/1868/2844
f 3041/1841/2845 2922/1856/2845 3054/1882/2845 3203/1881/2845
f 3203/1881/2846 3054/1882/2846 2926/1877/2846 3049/1828/2846
f 3052/1868/2847 3203/1881/2847 3049/1828/2847 2927/1869/2847
f 2922/1856/2848 3042/1863/2848 3204/1883/2848 3054/1882/2848
f 3042/1863/2849 2920/1856/2849 3055/1884/2849 3204/1883/2849
f 3204/1883/2850 3055/1884/2850 2924/1877/2850 3050/1880/2850
f 3054/1882/2851 3204/1883/2851 3050/1880/2851 2926/1877/2851
f 2920/1856/2852 3040/1841/2852 3205/1879/2852 3055/1884/2852
f 3040/1841/2853 2921/1857/2853 3053/1854/2853 3205/1879/2853
f 3205/1879/2854 3053/1854/2854 2925/1829/2854 3048/1878/2854
f 3055/1884/2855 3205/1879/2855 3048/1878/2855 2924/1877/2855
f 2931/1800/2856 3059/1801/2856 3206/1801/2856 3077/1885/2856
f 3059/1801/2857 2929/1784/2857 3076/1804/2857 3206/1801/2857
f 3206/1801/2858 3076/1804/2858 2937/1886/2858 3075/1801/2858
f 3077/1885/2859 3206/1801/2859 3075/1801/2859 2939/1803/2859
f 2914/1853/2860 3026/1823/2860 3207/1828/2860 3062/1791/2860
f 3026/1823/2861 2915/1800/2861 3061/1848/2861 3207/1828/2861
f 3207/1828/2862 3061/1848/2862 2931/1800/2862 3058/1828/2862
f 3062/1791/2863 3207/1828/2863 3058/1828/2863 2930/1833/2863
f 2913/1758/2864 3024/1813/2864 3208/1813/2864 3060/1809/2864
f 3024/1813/2865 2912/1812/2865 3063/1812/2865 3208/1813/2865
f 3208/1813/2866 3063/1812/2866 2928/1812/2866 3056/1813/2866
f 3060/1809/2867 3208/1813/2867 3056/1813/2867 2929/1758/2867
f 2908/1758/2868 3020/1813/2868 3209/1838/2868 3064/1758/2868
f 3020/1813/2869 2911/1793/2869 3019/1793/2869 3209/1838/2869
f 3209/1838/2870 3019/1793/2870 2935/1830/2870 3068/1837/2870
f 3064/1758/2871 3209/1838/2871 3068/1837/2871 2932/1836/2871
f 2910/1833/2872 3021/1818/2872 3210/1841/2872 3065/1842/2872
f 3021/1818/2873 2909/1800/2873 3017/1843/2873 3210/1841/2873
f 3210/1841/2874 3017/1843/2874 2934/1800/2874 3069/1818/2874
f 3065/1842/2875 3210/1841/2875 3069/1818/2875 2933/1791/2875
f 2911/1793/2876 3022/1887/2876 3211/1831/2876 3019/1793/2876
f 3022/1887/2877 2910/1853/2877 3065/1833/2877 3211/1831/2877
f 3211/1831/2878 3065/1833/2878 2933/1833/2878 3070/1831/2878
f 3019/1793/2879 3211/1831/2879 3070/1831/2879 2935/1830/2879
f 2909/1800/2880 3023/1801/2880 3212/1801/2880 3017/1800/2880
f 3023/1801/2881 2908/1784/2881 3064/1804/2881 3212/1801/2881
f 3212/1801/2882 3064/1804/2882 2932/1784/2882 3071/1801/2882
f 3017/1800/2883 3212/1801/2883 3071/1801/2883 2934/1800/2883
f 2912/1812/2884 3025/1835/2884 3213/1831/2884 3063/1812/2884
f 3025/1835/2885 2914/1853/2885 3062/1791/2885 3213/1831/2885
f 3213/1831/2886 3062/1791/2886 2930/1833/2886 3057/1831/2886
f 3063/1812/2887 3213/1831/2887 3057/1831/2887 2928/1812/2887
f 2936/1888/2888 3073/1889/2888 3214/1890/2888 3072/1891/2888
f 3073/1889/2889 2938/1822/2889 3074/1892/2889 3214/1890/2889
f 3214/1890/2890 3074/1892/2890 2939/1803/2890 3075/1893/2890
f 3072/1891/2891 3214/1890/2891 3075/1893/2891 2937/1894/2891
f 2928/1812/2892 3057/1831/2892 3215/1831/2892 3079/1793/2892
f 3057/1831/2893 2930/1833/2893 3078/1895/2893 3215/1831/2893
f 3215/1831/2894 3078/1895/2894 2938/1822/2894 3073/1831/2894
f 3079/1793/2895 3215/1831/2895 3073/1831/2895 2936/1830/2895
f 2930/1833/2896 3058/1828/2896 3216/1896/2896 3078/1895/2896
f 3058/1828/2897 2931/1800/2897 3077/1885/2897 3216/1896/2897
f 3216/1896/2898 3077/1885/2898 2939/1803/2898 3074/1892/2898
f 3078/1895/2899 3216/1896/2899 3074/1892/2899 2938/1822/2899
f 2929/1758/2900 3056/1813/2900 3217/1838/2900 3076/1809/2900
f 3056/1813/2901 2928/1812/2901 3079/1793/2901 3217/1838/2901
f 3217/1838/2902 3079/1793/2902 2936/1830/2902 3072/1838/2902
f 3076/1809/2903 3217/1838/2903 3072/1838/2903 2937/1840/2903
f 2940/1840/2904 3080/1838/2904 3218/1897/2904 3081/1759/2904
f 3080/1838/2905 2942/1830/2905 3083/1898/2905 3218/1897/2905
f 3218/1897/2906 3083/1898/2906 2943/1764/2906 3082/1763/2906
f 3081/1759/2907 3218/1897/2907 3082/1763/2907 2941/1762/2907
f 2942/1830/2908 3084/1831/2908 3219/1899/2908 3083/1898/2908
f 3084/1831/2909 2946/1822/2909 3086/1900/2909 3219/1899/2909
f 3219/1899/2910 3086/1900/2910 2947/1770/2910 3085/1769/2910
f 3083/1898/2911 3219/1899/2911 3085/1769/2911 2943/1764/2911
f 2946/1822/2912 3087/1878/2912 3220/1901/2912 3086/1900/2912
f 3087/1878/2913 2944/1803/2913 3089/1902/2913 3220/1901/2913
f 3220/1901/2914 3089/1902/2914 2945/1776/2914 3088/1775/2914
f 3086/1900/2915 3220/1901/2915 3088/1775/2915 2947/1770/2915
f 2944/1803/2916 3090/1801/2916 3221/1903/2916 3089/1902/2916
f 3090/1801/2917 2940/1886/2917 3081/1783/2917 3221/1903/2917
f 3221/1903/2918 3081/1783/2918 2941/1782/2918 3091/1781/2918
f 3089/1902/2919 3221/1903/2919 3091/1781/2919 2945/1776/2919
f 2942/1830/2920 3097/1812/2920 3222/1844/2920 3084/1831/2920
f 3097/1812/2921 2948/1812/2921 3093/1844/2921 3222/1844/2921
f 3222/1844/2922 3093/1844/2922 2950/1833/2922 3096/1833/2922
f 3084/1831/2923 3222/1844/2923 3096/1833/2923 2946/1822/2923
f 2947/1770/2924 3088/1775/2924 3223/1795/2924 3085/1794/2924
f 3088/1775/2925 2945/1776/2925 3091/1799/2925 3223/1795/2925
f 3223/1795/2926 3091/1799/2926 2941/1798/2926 3082/1797/2926
f 3085/1794/2927 3223/1795/2927 3082/1797/2927 2943/1796/2927
f 2982/1800/2928 3158/1803/2928 3224/1802/2928 3163/1801/2928
f 3158/1803/2929 2955/1904/2929 3103/1905/2929 3224/1802/2929
f 3224/1802/2930 3103/1905/2930 2953/1784/2930 3104/1804/2930
f 3163/1801/2931 3224/1802/2931 3104/1804/2931 2980/1784/2931
f 2940/1840/2932 3098/1809/2932 3225/1838/2932 3080/1838/2932
f 3098/1809/2933 2949/1758/2933 3092/1838/2933 3225/1838/2933
f 3225/1838/2934 3092/1838/2934 2948/1812/2934 3097/1812/2934
f 3080/1838/2935 3225/1838/2935 3097/1812/2935 2942/1830/2935
f 2946/1822/2936 3096/1833/2936 3226/1906/2936 3087/1878/2936
f 3096/1833/2937 2950/1833/2937 3094/1906/2937 3226/1906/2937
f 3226/1906/2938 3094/1906/2938 2951/1800/2938 3099/1800/2938
f 3087/1878/2939 3226/1906/2939 3099/1800/2939 2944/1803/2939
f 2944/1803/2940 3099/1800/2940 3227/1801/2940 3090/1801/2940
f 3099/1800/2941 2951/1800/2941 3095/1801/2941 3227/1801/2941
f 3227/1801/2942 3095/1801/2942 2949/1784/2942 3098/1804/2942
f 3090/1801/2943 3227/1801/2943 3098/1804/2943 2940/1886/2943
f 2954/1822/2944 3129/1825/2944 3228/1907/2944 3102/1907/2944
f 3129/1825/2945 2965/1829/2945 3124/1828/2945 3228/1907/2945
f 3228/1907/2946 3124/1828/2946 2964/1877/2946 3128/1908/2946
f 3102/1907/2947 3228/1907/2947 3128/1908/2947 2955/1904/2947
f 2983/1830/2948 3159/1812/2948 3229/1909/2948 3162/1844/2948
f 3159/1812/2949 2952/1812/2949 3101/1910/2949 3229/1909/2949
f 3229/1909/2950 3101/1910/2950 2954/1822/2950 3106/1791/2950
f 3162/1844/2951 3229/1909/2951 3106/1791/2951 2981/1833/2951
f 2981/1833/2952 3106/1791/2952 3230/1911/2952 3161/1906/2952
f 3106/1791/2953 2954/1822/2953 3102/1907/2953 3230/1911/2953
f 3230/1911/2954 3102/1907/2954 2955/1904/2954 3158/1803/2954
f 3161/1906/2955 3230/1911/2955 3158/1803/2955 2982/1800/2955
f 2980/1836/2956 3104/1758/2956 3231/1838/2956 3160/1837/2956
f 3104/1758/2957 2953/1758/2957 3100/1838/2957 3231/1838/2957
f 3231/1838/2958 3100/1838/2958 2952/1812/2958 3159/1812/2958
f 3160/1837/2959 3231/1838/2959 3159/1812/2959 2983/1830/2959
f 2949/1758/2960 3108/1809/2960 3232/1838/2960 3092/1838/2960
f 3108/1809/2961 2956/1840/2961 3112/1813/2961 3232/1838/2961
f 3232/1838/2962 3112/1813/2962 2959/1912/2962 3107/1793/2962
f 3092/1838/2963 3232/1838/2963 3107/1793/2963 2948/1812/2963
f 2950/1791/2964 3110/1842/2964 3233/1828/2964 3094/1913/2964
f 3110/1842/2965 2958/1833/2965 3113/1913/2965 3233/1828/2965
f 3233/1828/2966 3113/1913/2966 2957/1904/2966 3105/1843/2966
f 3094/1913/2967 3233/1828/2967 3105/1843/2967 2951/1904/2967
f 2948/1812/2968 3107/1793/2968 3234/1844/2968 3093/1844/2968
f 3107/1793/2969 2959/1912/2969 3114/1844/2969 3234/1844/2969
f 3234/1844/2970 3114/1844/2970 2958/1833/2970 3110/1833/2970
f 3093/1844/2971 3234/1844/2971 3110/1833/2971 2950/1833/2971
f 2951/1800/2972 3105/1800/2972 3235/1801/2972 3095/1801/2972
f 3105/1800/2973 2957/1800/2973 3115/1801/2973 3235/1801/2973
f 3235/1801/2974 3115/1801/2974 2956/1784/2974 3108/1804/2974
f 3095/1801/2975 3235/1801/2975 3108/1804/2975 2949/1784/2975
f 2963/1800/2976 3153/1800/2976 3236/1802/2976 3119/1914/2976
f 3153/1800/2977 2979/1800/2977 3151/1801/2977 3236/1802/2977
f 3236/1802/2978 3151/1801/2978 2977/1784/2978 3152/1804/2978
f 3119/1914/2979 3236/1802/2979 3152/1804/2979 2961/1784/2979
f 2953/1758/2980 3123/1809/2980 3237/1838/2980 3100/1838/2980
f 3123/1809/2981 2961/1758/2981 3116/1838/2981 3237/1838/2981
f 3237/1838/2982 3116/1838/2982 2960/1812/2982 3122/1812/2982
f 3100/1838/2983 3237/1838/2983 3122/1812/2983 2952/1812/2983
f 2955/1904/2984 3120/1915/2984 3238/1916/2984 3103/1905/2984
f 3120/1915/2985 2963/1800/2985 3119/1914/2985 3238/1916/2985
f 3238/1916/2986 3119/1914/2986 2961/1784/2986 3123/1804/2986
f 3103/1905/2987 3238/1916/2987 3123/1804/2987 2953/1784/2987
f 2952/1812/2988 3122/1812/2988 3239/1917/2988 3101/1910/2988
f 3122/1812/2989 2960/1812/2989 3117/1918/2989 3239/1917/2989
f 3239/1917/2990 3117/1918/2990 2962/1833/2990 3121/1852/2990
f 3101/1910/2991 3239/1917/2991 3121/1852/2991 2954/1822/2991
f 2965/1829/2992 3127/1919/2992 3240/1828/2992 3124/1828/2992
f 3127/1919/2993 2967/1857/2993 3125/1828/2993 3240/1828/2993
f 3240/1828/2994 3125/1828/2994 2966/1856/2994 3126/1855/2994
f 3124/1828/2995 3240/1828/2995 3126/1855/2995 2964/1877/2995
f 2955/1904/2996 3128/1908/2996 3241/1920/2996 3120/1921/2996
f 3128/1908/2997 2964/1877/2997 3126/1855/2997 3241/1920/2997
f 3241/1920/2998 3126/1855/2998 2966/1856/2998 3130/1860/2998
f 3120/1921/2999 3241/1920/2999 3130/1860/2999 2963/1800/2999
f 2966/1856/3000 3137/1856/3000 3242/1861/3000 3130/1922/3000
f 3137/1856/3001 2970/1856/3001 3134/1923/3001 3242/1861/3001
f 3242/1861/3002 3134/1923/3002 2968/1856/3002 3136/1862/3002
f 3130/1922/3003 3242/1861/3003 3136/1862/3003 2963/1800/3003
f 2962/1833/3004 3131/1865/3004 3243/1924/3004 3121/1852/3004
f 3131/1865/3005 2967/1857/3005 3127/1868/3005 3243/1924/3005
f 3243/1924/3006 3127/1868/3006 2965/1829/3006 3129/1825/3006
f 3121/1852/3007 3243/1924/3007 3129/1825/3007 2954/1822/3007
f 2969/1925/3008 3145/1919/3008 3244/1926/3008 3135/1866/3008
f 3145/1919/3009 2973/1829/3009 3143/1927/3009 3244/1926/3009
f 3244/1926/3010 3143/1927/3010 2975/1869/3010 3144/1854/3010
f 3135/1866/3011 3244/1926/3011 3144/1854/3011 2971/1857/3011
f 2962/1833/3012 3139/1928/3012 3245/1871/3012 3131/1865/3012
f 3139/1928/3013 2969/1925/3013 3135/1866/3013 3245/1871/3013
f 3245/1871/3014 3135/1866/3014 2971/1857/3014 3138/1857/3014
f 3131/1865/3015 3245/1871/3015 3138/1857/3015 2967/1857/3015
f 2963/1800/3016 3136/1862/3016 3246/1828/3016 3118/1841/3016
f 3136/1862/3017 2968/1856/3017 3132/1841/3017 3246/1828/3017
f 3246/1828/3018 3132/1841/3018 2969/1925/3018 3139/1928/3018
f 3118/1841/3019 3246/1828/3019 3139/1928/3019 2962/1833/3019
f 2967/1857/3020 3138/1929/3020 3247/1828/3020 3125/1873/3020
f 3138/1929/3021 2971/1857/3021 3133/1873/3021 3247/1828/3021
f 3247/1828/3022 3133/1873/3022 2970/1856/3022 3137/1876/3022
f 3125/1873/3023 3247/1828/3023 3137/1876/3023 2966/1856/3023
f 2972/1877/3024 3142/1880/3024 3248/1879/3024 3140/1878/3024
f 3142/1880/3025 2974/1877/3025 3141/1841/3025 3248/1879/3025
f 3248/1879/3026 3141/1841/3026 2975/1869/3026 3143/1870/3026
f 3140/1878/3027 3248/1879/3027 3143/1870/3027 2973/1829/3027
f 2971/1857/3028 3144/1854/3028 3249/1828/3028 3133/1828/3028
f 3144/1854/3029 2975/1869/3029 3141/1828/3029 3249/1828/3029
f 3249/1828/3030 3141/1828/3030 2974/1877/3030 3146/1882/3030
f 3133/1828/3031 3249/1828/3031 3146/1882/3031 2970/1856/3031
f 2970/1856/3032 3146/1882/3032 3250/1930/3032 3134/1923/3032
f 3146/1882/3033 2974/1877/3033 3142/1931/3033 3250/1930/3033
f 3250/1930/3034 3142/1931/3034 2972/1877/3034 3147/1855/3034
f 3134/1923/3035 3250/1930/3035 3147/1855/3035 2968/1856/3035
f 2968/1856/3036 3147/1855/3036 3251/1828/3036 3132/1841/3036
f 3147/1855/3037 2972/1877/3037 3140/1878/3037 3251/1828/3037
f 3251/1828/3038 3140/1878/3038 2973/1829/3038 3145/1919/3038
f 3132/1841/3039 3251/1828/3039 3145/1919/3039 2969/1925/3039
f 2979/1800/3040 3169/1848/3040 3252/1801/3040 3151/1801/3040
f 3169/1848/3041 2987/1803/3041 3167/1801/3041 3252/1801/3041
f 3252/1801/3042 3167/1801/3042 2985/1886/3042 3168/1804/3042
f 3151/1801/3043 3252/1801/3043 3168/1804/3043 2977/1784/3043
f 2962/1833/3044 3154/1791/3044 3253/1906/3044 3118/1907/3044
f 3154/1791/3045 2978/1833/3045 3150/1906/3045 3253/1906/3045
f 3253/1906/3046 3150/1906/3046 2979/1800/3046 3153/1800/3046
f 3118/1907/3047 3253/1906/3047 3153/1800/3047 2963/1800/3047
f 2961/1758/3048 3152/1809/3048 3254/1838/3048 3116/1838/3048
f 3152/1809/3049 2977/1758/3049 3148/1838/3049 3254/1838/3049
f 3254/1838/3050 3148/1838/3050 2976/1812/3050 3155/1812/3050
f 3116/1838/3051 3254/1838/3051 3155/1812/3051 2960/1812/3051
f 2956/1840/3052 3156/1758/3052 3255/1838/3052 3112/1813/3052
f 3156/1758/3053 2980/1836/3053 3160/1837/3053 3255/1838/3053
f 3255/1838/3054 3160/1837/3054 2983/1839/3054 3111/1812/3054
f 3112/1813/3055 3255/1838/3055 3111/1812/3055 2959/1932/3055
f 2958/1833/3056 3157/1842/3056 3256/1828/3056 3113/1913/3056
f 3157/1842/3057 2981/1791/3057 3161/1913/3057 3256/1828/3057
f 3256/1828/3058 3161/1913/3058 2982/1904/3058 3109/1843/3058
f 3113/1913/3059 3256/1828/3059 3109/1843/3059 2957/1904/3059
f 2959/1912/3060 3111/1812/3060 3257/1844/3060 3114/1844/3060
f 3111/1812/3061 2983/1830/3061 3162/1844/3061 3257/1844/3061
f 3257/1844/3062 3162/1844/3062 2981/1833/3062 3157/1833/3062
f 3114/1844/3063 3257/1844/3063 3157/1833/3063 2958/1833/3063
f 2957/1800/3064 3109/1800/3064 3258/1801/3064 3115/1801/3064
f 3109/1800/3065 2982/1800/3065 3163/1801/3065 3258/1801/3065
f 3258/1801/3066 3163/1801/3066 2980/1784/3066 3156/1804/3066
f 3115/1801/3067 3258/1801/3067 3156/1804/3067 2956/1784/3067
f 2960/1812/3068 3155/1812/3068 3259/1844/3068 3117/1918/3068
f 3155/1812/3069 2976/1812/3069 3149/1844/3069 3259/1844/3069
f 3259/1844/3070 3149/1844/3070 2978/1833/3070 3154/1791/3070
f 3117/1918/3071 3259/1844/3071 3154/1791/3071 2962/1833/3071
f 2984/1888/3072 3164/1891/3072 3260/1933/3072 3165/1889/3072
f 3164/1891/3073 2985/1894/3073 3167/1893/3073 3260/1933/3073
f 3260/1933/3074 3167/1893/3074 2987/1934/3074 3166/1878/3074
f 3165/1889/3075 3260/1933/3075 3166/1878/3075 2986/1842/3075
f 2976/1812/3076 3171/1793/3076 3261/1831/3076 3149/1844/3076
f 3171/1793/3077 2984/1830/3077 3165/1831/3077 3261/1831/3077
f 3261/1831/3078 3165/1831/3078 2986/1822/3078 3170/1791/3078
f 3149/1844/3079 3261/1831/3079 3170/1791/3079 2978/1833/3079
f 2978/1833/3080 3170/1791/3080 3262/1841/3080 3150/1906/3080
f 3170/1791/3081 2986/1822/3081 3166/1878/3081 3262/1841/3081
f 3262/1841/3082 3166/1878/3082 2987/1803/3082 3169/1848/3082
f 3150/1906/3083 3262/1841/3083 3169/1848/3083 2979/1800/3083
f 2977/1758/3084 3168/1809/3084 3263/1838/3084 3148/1838/3084
f 3168/1809/3085 2985/1840/3085 3164/1838/3085 3263/1838/3085
f 3263/1838/3086 3164/1838/3086 2984/1830/3086 3171/1793/3086
f 3148/1838/3087 3263/1838/3087 3171/1793/3087 2976/1812/3087
