# Blender 5.0.1
# www.blender.org
mtllib RV_ForGame_Raid.mtl
o Cube
v -0.555284 4.233509 -3.972381
v -0.555201 4.855059 -3.972642
v 0.547524 4.233509 -3.972381
v 0.547442 4.855059 -3.972642
v -0.861372 4.973963 -2.223361
v -0.861372 5.669625 -2.223361
v -0.861373 4.973963 -3.596485
v -0.861373 5.669625 -3.596485
v -0.556395 5.122045 -3.946633
v -0.556395 5.707317 -3.946633
v 0.547702 5.122045 -3.946633
v 0.547702 5.707317 -3.946633
v 0.781484 4.957591 -2.228664
v 0.781484 5.673500 -2.228589
v 0.781484 4.949970 -3.605918
v 0.781484 5.673362 -3.598486
v 0.781484 5.097424 -0.457833
v 0.781484 5.673500 -0.457647
v 0.781484 5.089996 -0.977576
v 0.781484 5.673332 -0.970093
v 0.781484 5.097424 0.537049
v 0.781484 5.673500 0.537236
v 0.781484 5.089996 0.017307
v 0.781484 5.673332 0.024790
v 0.809096 4.468862 1.350914
v 0.809096 6.096487 1.453499
v 0.809096 4.460868 0.778220
v 0.809096 6.093380 0.808484
v 0.811700 4.778061 1.451336
v 0.809096 4.780981 0.792944
v 0.771893 4.098400 -0.532671
v 0.771893 4.419050 -0.532671
v 0.771893 4.098400 -1.270814
v 0.771893 4.419050 -1.270814
v 0.645615 4.129929 -1.608847
v 0.645615 4.265775 -1.699617
v 0.645615 4.356544 -1.835462
v 0.645615 4.388418 -1.995703
v 0.645615 4.356544 -2.155944
v 0.645615 4.265775 -2.291790
v 0.645615 4.129929 -2.382559
v -0.627050 4.129929 -1.608847
v -0.627050 4.265775 -1.699617
v -0.627050 4.356544 -1.835462
v -0.627050 4.388418 -1.995703
v -0.627050 4.356544 -2.155944
v -0.627050 4.265775 -2.291790
v -0.627050 4.129929 -2.382559
v -0.627050 4.129929 2.338543
v -0.627050 4.265775 2.247774
v -0.627050 4.356544 2.111928
v -0.627050 4.388418 1.951687
v -0.627050 4.356544 1.791446
v -0.627050 4.265775 1.655600
v -0.627050 4.129929 1.564831
v 0.615659 4.129929 2.338543
v 0.615659 4.265775 2.247774
v 0.615659 4.356544 2.111928
v 0.615659 4.388418 1.951687
v 0.615659 4.356544 1.791446
v 0.615659 4.265775 1.655600
v 0.615659 4.129929 1.564831
v 0.975452 5.820386 0.771571
v 0.981245 5.011016 0.749687
v 0.856997 5.722379 1.912282
v 0.861886 5.161714 2.116335
v 0.082042 5.722572 1.911455
v 0.082633 5.161149 2.115487
v 0.000003 4.755235 2.591149
v 0.919567 4.764341 2.637035
v 1.022269 4.717740 0.745944
v -0.000000 4.074185 2.683461
v 1.023546 4.079730 2.678164
v 1.028432 4.007520 0.747443
v 1.022259 4.713245 1.706455
v 0.964103 5.828720 -4.045434
v 0.968859 5.018932 -4.068357
v -0.000000 5.827772 -4.057534
v -0.000000 5.017127 -4.079425
v 1.011018 4.725171 -4.071007
v 1.023425 4.021065 -4.065351
v 0.000000 4.015597 -4.070599
v 0.903971 6.625768 1.325481
v 0.903062 6.611695 1.869617
v 0.003506 6.660772 0.616827
v 0.703713 6.631591 0.619839
v -0.000000 6.621367 1.871183
v -0.000000 6.636377 1.325603
v 0.003506 6.642969 -1.019333
v 0.703685 6.613773 -1.012610
v 0.961066 5.740493 2.243431
v 0.902082 6.558600 2.067688
v -0.000000 6.565961 2.072913
v 0.960808 5.845954 2.328995
v 0.902112 6.487343 2.140840
v -0.000000 6.490519 2.149481
v 0.973637 5.783452 1.862525
v 0.891811 5.001603 2.171036
v -0.000001 4.996981 2.177429
v -0.000000 5.765135 1.883853
v 0.837720 5.663005 1.791605
v 0.842381 5.133840 1.982808
v 0.098367 5.133945 1.982770
v 0.098367 5.663110 1.791567
v 0.904163 6.622591 0.793564
v 0.000000 6.602615 -4.034986
v 0.899106 6.598098 -4.029919
v -0.000006 6.696907 0.502498
v 0.669137 6.693731 0.500086
v -0.000006 6.681619 -0.896421
v 0.669161 6.678455 -0.894029
v -1.043517 4.303752 2.449561
v -1.043474 4.018945 2.444712
v -1.046106 4.300398 2.776788
v -1.045020 4.018699 2.781465
v 0.014511 4.013708 2.784245
v 0.015430 4.306228 2.778953
v 0.013282 4.015399 2.441153
v 0.013316 4.307400 2.446079
v -1.045978 4.115781 2.844900
v -1.045718 4.259069 2.827166
v 0.015096 4.261991 2.832449
v 0.015319 4.114417 2.850906
v -1.043399 3.908685 -3.880716
v -1.043331 4.190687 -3.862205
v -1.046490 3.934960 -4.123813
v -1.043747 4.181546 -4.169604
v 0.013493 4.185223 -4.173200
v 0.015768 3.929087 -4.126359
v 0.013173 4.194142 -3.858644
v 0.013225 3.904817 -3.877561
v -1.048186 4.080119 -4.180283
v -1.045530 3.976089 -4.173351
v 0.014937 3.973360 -4.178637
v 0.017347 4.080098 -4.187507
v -0.975452 5.820387 0.771572
v -0.981244 5.011032 0.749682
v -0.856997 5.722379 1.912282
v -0.861886 5.161714 2.116335
v -0.082042 5.722572 1.911455
v -0.082633 5.161149 2.115487
v -0.926382 4.764448 2.638577
v -1.022267 4.717756 0.745940
v -1.023546 4.079730 2.678164
v -1.028432 4.007521 0.747445
v -0.975453 5.805757 1.311887
v -0.981241 5.002240 1.427280
v -1.022260 4.713233 1.706457
v -0.964103 5.828720 -4.045434
v -0.968859 5.018932 -4.068357
v -1.011018 4.725171 -4.071007
v -1.023425 4.021065 -4.065351
v -0.903969 6.625770 1.325484
v -0.903060 6.611696 1.869618
v -0.703710 6.631590 0.619848
v -0.703683 6.613771 -1.012619
v -0.961066 5.740493 2.243431
v -0.902082 6.558600 2.067688
v -0.960808 5.845954 2.328995
v -0.902112 6.487343 2.140840
v -0.973637 5.783453 1.862527
v -0.892155 5.002463 2.169508
v -0.837720 5.663005 1.791605
v -0.842381 5.133840 1.982808
v -0.098367 5.133945 1.982770
v -0.098367 5.663110 1.791567
v -0.904161 6.622592 0.793566
v -0.899106 6.598098 -4.029920
v -0.669137 6.693730 0.500093
v -0.669160 6.678454 -0.894037
v 1.043517 4.303752 2.449561
v 1.043474 4.018945 2.444712
v 1.046106 4.300398 2.776788
v 1.045020 4.018699 2.781465
v 1.045978 4.115781 2.844900
v 1.045718 4.259069 2.827166
v 1.043399 3.908685 -3.880716
v 1.043331 4.190687 -3.862205
v 1.046490 3.934960 -4.123813
v 1.043747 4.181546 -4.169604
v 1.048186 4.080119 -4.180283
v 1.045530 3.976089 -4.173351
v 1.018499 4.356922 1.791650
v 1.021110 4.266319 1.655860
v 1.021413 4.315622 1.727822
v 1.017676 4.388711 1.951683
v 1.018712 4.356925 2.111717
v 1.021450 4.266364 2.247480
v 1.024987 4.130665 1.565006
v 0.617200 4.053329 1.716733
v 1.025476 4.130722 2.338339
v 0.609107 4.069273 2.353438
v 1.024006 4.048463 1.544607
v 0.607929 4.045862 1.546580
v 1.023865 4.071339 2.354852
v -1.018499 4.356922 1.791650
v -1.021411 4.315622 1.727825
v -1.021109 4.266321 1.655864
v -1.017676 4.388711 1.951683
v -1.018712 4.356925 2.111717
v -1.021450 4.266364 2.247480
v -1.024986 4.130667 1.565008
v -0.628592 4.053329 1.716733
v -0.619321 4.045862 1.546580
v -1.025476 4.130722 2.338339
v -1.024005 4.048465 1.544610
v -0.620499 4.069273 2.353438
v -1.023865 4.071338 2.354852
v -1.017994 4.356885 -2.155755
v -1.020455 4.266303 -2.291525
v -1.017125 4.388680 -1.995702
v -1.017979 4.356884 -1.835649
v -1.020427 4.266302 -1.699880
v -1.024133 4.130642 -2.382374
v -0.620153 4.014190 -2.408025
v -1.024097 4.130641 -1.609031
v -1.023878 4.016392 -2.409603
v -0.620094 4.012710 -1.583152
v -1.023886 4.014940 -1.581546
v 1.017994 4.356885 -2.155755
v 1.020455 4.266304 -2.291525
v 1.017125 4.388680 -1.995702
v 1.017979 4.356884 -1.835649
v 1.020427 4.266303 -1.699880
v 1.024133 4.130642 -2.382374
v 1.027637 4.132092 -1.605722
v 0.638659 4.012710 -1.583152
v 1.023878 4.016392 -2.409603
v 0.638717 4.014190 -2.408025
v 1.023886 4.014940 -1.581546
v 1.022076 4.098922 -1.271266
v 1.012712 4.419579 -1.270359
v 1.023791 4.212849 -1.265623
v 1.012678 4.419578 -0.533123
v 1.022041 4.098924 -0.532217
v 1.019576 4.374145 -0.537860
v 0.964053 5.800476 1.455837
v 0.934652 6.103209 1.457374
v 0.935814 6.100170 0.804640
v 1.000051 4.780531 1.462029
v 0.970152 5.000426 1.461568
v 1.000973 4.785075 0.781334
v 0.970137 5.009532 0.785323
v 0.964050 5.819233 0.802207
v 1.011085 4.716548 0.780161
v 1.012693 4.456253 0.772561
v 1.013880 4.462770 1.355858
v 1.010754 4.722062 1.443778
v 0.977128 5.073958 0.000973
v 0.959481 5.678711 0.019744
v 0.972572 5.689967 0.553386
v 0.964011 5.092402 0.542414
v 0.977227 5.073828 -0.994039
v 0.959493 5.678711 -0.975138
v 0.959461 5.678837 -0.452583
v 0.976985 5.081643 -0.441521
v 0.959521 5.678733 -3.603534
v 0.976923 4.947552 -3.613521
v 0.975546 4.955161 -2.221042
v 0.970136 5.017461 -3.605632
v 0.969589 5.022333 -3.604999
v 0.969599 5.020833 -3.605011
v 0.959483 5.678837 -2.223525
v 0.970129 5.015277 -2.228007
v 0.969413 5.044037 -2.228588
v 0.553364 5.117400 -4.060351
v 0.552420 5.713058 -4.043170
v -0.000000 5.707701 -4.048673
v -0.561112 5.713058 -4.043170
v -0.000000 5.122424 -4.065242
v -0.562056 5.117400 -4.060351
v -0.973599 4.971506 -3.604080
v -0.970125 5.017728 -3.597064
v -0.959529 5.674962 -3.601548
v -0.959511 5.674962 -2.218297
v -0.973257 4.971514 -2.215755
v -0.970129 5.015268 -2.222779
v 0.552409 4.860507 -4.064252
v 0.547504 4.722826 -4.071515
v 0.552449 4.228878 -4.065424
v -0.560169 4.860507 -4.064252
v 0.000000 4.234181 -4.070685
v -0.560209 4.228878 -4.065424
v -0.555264 4.722826 -4.071515
v -0.000000 5.014541 2.136764
v 0.972762 5.007390 2.122898
v -0.000000 4.725807 2.701241
v 1.006426 4.722144 2.694086
v -0.972759 5.007392 2.122898
v -1.006426 4.722145 2.694086
v 0.015628 4.749654 2.590144
v 0.015530 4.997175 2.175726
v 0.882826 4.995766 2.177579
v 0.911968 4.746305 2.595649
v -0.876462 4.994713 2.178800
v -0.908306 4.753224 2.593276
v -0.583486 4.205143 -3.972642
v -0.583486 4.883343 -3.972642
v 0.575726 4.205143 -3.972642
v 0.575726 4.883343 -3.972642
v -0.861372 4.945679 -2.195077
v -0.861372 5.697909 -2.195077
v -0.861372 4.945679 -3.624769
v -0.861372 5.697909 -3.624769
v -0.584679 5.093761 -3.946633
v -0.584679 5.735601 -3.946633
v 0.575987 5.093761 -3.946633
v 0.575987 5.735601 -3.946633
v 0.781484 4.929382 -2.200304
v 0.781484 5.701784 -2.200304
v 0.781484 4.921749 -3.634265
v 0.781484 5.701784 -3.626631
v 0.781484 5.069327 -0.429362
v 0.781484 5.701784 -0.429362
v 0.781484 5.061694 -1.005841
v 0.781484 5.701784 -0.998208
v 0.781484 5.069327 0.565520
v 0.781484 5.701784 0.565520
v 0.781484 5.061694 -0.010959
v 0.781484 5.701784 -0.003325
v 0.809096 4.436289 1.374130
v 0.809096 6.124945 1.481608
v 0.809096 4.432625 0.749895
v 0.809096 6.121892 0.780429
v 0.811700 4.771517 1.490797
v 0.809096 4.781566 0.752949
v 0.748799 4.075306 -0.509577
v 0.748799 4.442144 -0.509577
v 0.748799 4.075306 -1.293908
v 0.748799 4.442144 -1.293908
v 0.618986 4.141351 -1.581271
v 0.618986 4.286880 -1.678511
v 0.618986 4.384120 -1.824040
v 0.618986 4.418266 -1.995703
v 0.618986 4.384120 -2.167367
v 0.618986 4.286880 -2.312896
v 0.618986 4.141351 -2.410135
v -0.600421 4.141351 -1.581271
v -0.600421 4.286880 -1.678511
v -0.600421 4.384120 -1.824040
v -0.600421 4.418266 -1.995703
v -0.600421 4.384120 -2.167367
v -0.600421 4.286880 -2.312896
v -0.600421 4.141351 -2.410135
v -0.600421 4.141351 2.366119
v -0.600421 4.286880 2.268879
v -0.600421 4.384120 2.123350
v -0.600421 4.418266 1.951687
v -0.600421 4.384120 1.780024
v -0.600421 4.286880 1.634495
v -0.600421 4.141351 1.537255
v 0.589030 4.141351 2.366119
v 0.589030 4.286880 2.268879
v 0.589030 4.384120 2.123350
v 0.589030 4.418266 1.951687
v 0.589030 4.384120 1.780024
v 0.589030 4.286880 1.634495
v 0.589030 4.141351 1.537255
v 0.935486 5.818720 0.771557
v 0.941351 5.008105 0.749667
v 0.865893 5.722711 1.873285
v 0.870777 5.140344 2.083712
v 0.070082 5.722711 1.873285
v 0.070082 5.140344 2.083712
v -0.000000 4.728554 2.620951
v 0.927354 4.728554 2.620951
v 0.982405 4.714436 0.745932
v -0.000000 4.102435 2.655142
v 1.000000 4.102435 2.655142
v 1.000000 4.035648 0.746791
v 0.982405 4.709825 1.706441
v 0.935486 5.826947 -4.017542
v 0.941351 5.016332 -4.039433
v -0.000000 5.826947 -4.017542
v -0.000000 5.016332 -4.039433
v 0.982405 4.722663 -4.043168
v 1.000000 4.043875 -4.042308
v -0.000000 4.043875 -4.042308
v 0.876838 6.596380 1.325103
v 0.876838 6.581786 1.865402
v 0.003497 6.621601 0.608729
v 0.696910 6.592659 0.613675
v -0.000000 6.581786 1.865402
v -0.000000 6.596380 1.325103
v 0.003497 6.603821 -1.011124
v 0.696910 6.574879 -1.006178
v 0.935486 5.768334 2.230372
v 0.876838 6.531264 2.053011
v -0.000000 6.531264 2.053011
v 0.935486 5.850714 2.298398
v 0.876838 6.469954 2.115172
v -0.000000 6.469954 2.115172
v 0.935486 5.789532 1.852155
v 0.893019 4.967097 2.150841
v -0.000000 4.967097 2.150841
v -0.000000 5.789532 1.852155
v 0.865893 5.689711 1.781955
v 0.870777 5.107344 1.992382
v 0.070082 5.107344 1.992382
v 0.070082 5.689711 1.781955
v 0.876838 6.593379 0.793602
v -0.000000 6.574159 -4.006876
v 0.876838 6.574159 -4.006876
v -0.000000 6.657685 0.494648
v 0.652672 6.657685 0.494648
v -0.000000 6.642508 -0.888033
v 0.652672 6.642508 -0.888033
v -1.020446 4.280114 2.472121
v -1.020446 4.042030 2.467880
v -1.020446 4.271633 2.766106
v -1.020446 4.046271 2.766106
v -0.000000 4.046271 2.766106
v -0.000000 4.271633 2.766106
v -0.000000 4.042030 2.467880
v -0.000000 4.280114 2.472121
v -1.020446 4.122605 2.814874
v -1.020446 4.244068 2.800032
v -0.000000 4.244068 2.800032
v -0.000000 4.122605 2.814874
v -1.020446 3.934075 -3.901417
v -1.020446 4.167844 -3.885753
v -1.020446 3.962814 -4.111738
v -1.020446 4.158302 -4.146871
v -0.000000 4.158302 -4.146871
v -0.000000 3.962814 -4.111738
v -0.000000 4.167844 -3.885753
v -0.000000 3.934075 -3.901417
v -1.020446 4.080202 -4.151465
v -1.020446 3.990379 -4.145664
v -0.000000 3.990379 -4.145664
v -0.000000 4.080202 -4.151465
v -0.935486 5.818720 0.771557
v -0.941351 5.008105 0.749667
v -0.865893 5.722711 1.873285
v -0.870777 5.140344 2.083712
v -0.070082 5.722711 1.873285
v -0.070082 5.140344 2.083712
v -0.927354 4.728554 2.620951
v -0.982405 4.714436 0.745932
v -1.000000 4.102435 2.655142
v -1.000000 4.035648 0.746791
v -0.935486 5.804126 1.311856
v -0.941351 4.999271 1.427254
v -0.982405 4.709825 1.706441
v -0.935486 5.826947 -4.017542
v -0.941351 5.016332 -4.039433
v -0.982405 4.722663 -4.043168
v -1.000000 4.043875 -4.042308
v -0.876838 6.596380 1.325103
v -0.876838 6.581786 1.865402
v -0.696910 6.592659 0.613675
v -0.696910 6.574879 -1.006178
v -0.935486 5.768334 2.230372
v -0.876838 6.531264 2.053011
v -0.935486 5.850714 2.298398
v -0.876838 6.469954 2.115172
v -0.935486 5.789532 1.852155
v -0.893019 4.967097 2.150841
v -0.865893 5.689711 1.781955
v -0.870777 5.107344 1.992382
v -0.070082 5.107344 1.992382
v -0.070082 5.689711 1.781955
v -0.876838 6.593379 0.793602
v -0.876838 6.574159 -4.006876
v -0.652672 6.657685 0.494648
v -0.652672 6.642508 -0.888033
v 1.020446 4.280114 2.472121
v 1.020446 4.042030 2.467880
v 1.020446 4.271633 2.766106
v 1.020446 4.046271 2.766106
v 1.020446 4.122605 2.814874
v 1.020446 4.244068 2.800032
v 1.020446 3.934075 -3.901417
v 1.020446 4.167844 -3.885753
v 1.020446 3.962814 -4.111738
v 1.020446 4.158302 -4.146871
v 1.020446 4.080202 -4.151465
v 1.020446 3.990379 -4.145664
v 0.991571 4.384120 1.780024
v 0.994263 4.286880 1.634495
v 0.992803 4.338627 1.711940
v 0.990721 4.418266 1.951687
v 0.991784 4.384120 2.123350
v 0.994596 4.286880 2.268879
v 0.998234 4.141351 1.537255
v 0.589030 4.081710 1.715746
v 0.998732 4.141351 2.366119
v 0.589030 4.096256 2.375089
v 1.000000 4.072575 1.523575
v 0.589030 4.072575 1.523575
v 1.000000 4.096256 2.375089
v -0.991571 4.384120 1.780024
v -0.992803 4.338627 1.711940
v -0.994263 4.286880 1.634495
v -0.990721 4.418266 1.951687
v -0.991784 4.384120 2.123350
v -0.994596 4.286880 2.268879
v -0.998234 4.141351 1.537255
v -0.600421 4.081710 1.715746
v -0.600421 4.072575 1.523575
v -0.998732 4.141351 2.366119
v -1.000000 4.072575 1.523575
v -0.600421 4.096256 2.375089
v -1.000000 4.096256 2.375089
v -0.991097 4.384120 -2.167367
v -0.993624 4.286880 -2.312896
v -0.990204 4.418266 -1.995703
v -0.991082 4.384120 -1.824040
v -0.993596 4.286880 -1.678511
v -0.997401 4.141351 -2.410135
v -0.600421 4.041106 -2.430075
v -0.997364 4.141351 -1.581271
v -1.000000 4.041106 -2.430075
v -0.600421 4.039613 -1.561034
v -1.000000 4.039613 -1.561035
v 0.991097 4.384120 -2.167367
v 0.993624 4.286880 -2.312896
v 0.990204 4.418266 -1.995703
v 0.991082 4.384120 -1.824040
v 0.993596 4.286880 -1.678511
v 0.997401 4.141351 -2.410135
v 0.997364 4.141351 -1.581271
v 0.618986 4.039613 -1.561034
v 1.000000 4.041106 -2.430075
v 0.618986 4.041106 -2.430075
v 1.000000 4.039613 -1.561035
v 0.999063 4.075306 -1.293908
v 0.989554 4.442144 -1.293908
v 0.995517 4.212116 -1.293908
v 0.989519 4.442144 -0.509577
v 0.999028 4.075306 -0.509577
v 0.991301 4.373411 -0.509577
v 0.935486 5.799481 1.483818
v 0.911408 6.124945 1.481608
v 0.912533 6.121892 0.780429
v 0.973762 4.771517 1.490797
v 0.941351 4.998463 1.489257
v 0.973010 4.781566 0.752949
v 0.941351 5.008002 0.757591
v 0.935486 5.818648 0.774211
v 0.982405 4.714405 0.752361
v 0.989715 4.432625 0.749895
v 0.990113 4.436289 1.374130
v 0.982405 4.710961 1.469723
v 0.940973 5.061694 -0.010959
v 0.936342 5.701784 -0.003325
v 0.936335 5.701784 0.565520
v 0.940911 5.069327 0.565520
v 0.940985 5.061694 -1.005841
v 0.936354 5.701784 -0.998208
v 0.936347 5.701784 -0.429362
v 0.940923 5.069327 -0.429362
v 0.936387 5.701784 -3.626631
v 0.954476 4.921749 -3.634265
v 0.953065 4.929382 -2.200304
v 0.941351 5.015635 -3.633346
v 0.941302 5.022406 -3.633280
v 0.941313 5.020905 -3.633294
v 0.936369 5.701784 -2.200304
v 0.941351 5.013173 -2.200305
v 0.941129 5.043833 -2.200304
v 0.575987 5.093761 -4.037342
v 0.575987 5.735601 -4.020010
v -0.000000 5.735601 -4.020009
v -0.584679 5.735601 -4.020010
v -0.000000 5.093761 -4.037342
v -0.584679 5.093761 -4.037342
v -0.951129 4.945679 -3.624769
v -0.941351 5.015620 -3.624769
v -0.936415 5.697909 -3.624769
v -0.936397 5.697909 -2.195077
v -0.950785 4.945679 -2.195077
v -0.941351 5.013164 -2.195077
v 0.575726 4.883343 -4.041125
v 0.575726 4.722663 -4.043168
v 0.575726 4.205785 -4.042513
v -0.583486 4.883343 -4.041124
v -0.000000 4.205785 -4.042513
v -0.583486 4.205785 -4.042513
v -0.583486 4.722663 -4.043168
v -0.000000 4.990438 2.104842
v 0.941351 4.990438 2.104842
v -0.000000 4.705214 2.666950
v 0.982405 4.705214 2.666950
v -0.941351 4.990438 2.104842
v -0.982405 4.705214 2.666950
v 0.015546 4.726142 2.622504
v 0.015546 4.964684 2.152394
v 0.890765 4.962861 2.156266
v 0.925100 4.724319 2.626376
v -0.877474 4.964684 2.152394
v -0.911809 4.726142 2.622504
vn 0.9997 -0.0001 -0.0258
vn -0.0278 -0.0018 -0.9996
vn -0.0543 -0.9985 -0.0000
vn 0.9988 -0.0001 -0.0493
vn 0.0140 -0.0120 0.9998
vn 0.0124 0.9999 -0.0055
vn 0.0568 -0.0213 0.9982
vn 0.0814 0.9966 -0.0141
vn 0.0565 -0.0212 0.9982
vn 0.0549 0.9982 -0.0237
vn 0.0428 -0.0137 0.9990
vn 0.0262 0.9996 -0.0126
vn 0.0411 -0.0353 0.9985
vn 1.0000 -0.0000 -0.0000
vn -0.0107 -0.0017 0.9999
vn -0.0021 1.0000 -0.0000
vn 0.0051 -0.5649 -0.8251
vn 0.0006 -0.8317 -0.5553
vn 0.0007 -0.9808 -0.1950
vn 0.0007 -0.9808 0.1950
vn 0.0006 -0.8317 0.5553
vn 0.0004 -0.5560 0.8312
vn 0.0026 -0.2234 0.9747
vn 0.0004 -0.5560 -0.8312
vn 0.0007 -0.8317 -0.5553
vn 0.0008 -0.9808 -0.1950
vn 0.0008 -0.9808 0.1950
vn 0.0020 -0.8316 0.5553
vn 0.0030 -0.2266 0.9740
vn 0.9929 0.0411 0.1119
vn 0.0062 -0.0260 0.9996
vn -0.9236 0.3076 0.2288
vn -0.0000 -0.9988 0.0481
vn 0.9997 0.0230 0.0044
vn -0.0000 -1.0000 -0.0023
vn 0.9414 0.1269 0.3126
vn 0.9469 -0.0008 0.3216
vn -0.0041 0.0270 -0.9996
vn 0.9963 0.0864 -0.0018
vn 0.9878 0.1559 -0.0006
vn 1.0000 -0.0066 -0.0012
vn 1.0000 0.0091 -0.0018
vn 0.9888 0.1492 -0.0024
vn 0.0112 0.9996 0.0267
vn -0.0210 0.9998 -0.0041
vn 0.8781 0.4784 -0.0052
vn 0.9959 0.0822 0.0369
vn 0.9969 0.0766 -0.0151
vn -0.0000 0.3288 0.9444
vn 0.0101 0.9650 0.2619
vn -0.0000 -0.6300 0.7766
vn -0.0000 -0.9959 -0.0908
vn 0.0095 0.7142 0.6998
vn 0.2997 0.3139 0.9009
vn 0.0077 0.0928 0.9957
vn 0.0032 0.5975 0.8019
vn -0.0002 0.9793 -0.2026
vn -0.0004 -0.8966 0.4429
vn -0.9897 0.0410 0.1369
vn 0.0047 0.9999 -0.0109
vn 0.0243 0.9205 -0.3900
vn 0.0216 0.9231 0.3840
vn -1.0000 -0.0020 -0.0062
vn 0.9999 0.0141 0.0100
vn -0.0033 0.0169 -0.9999
vn 1.0000 -0.0016 -0.0050
vn -0.0051 -0.5495 0.8355
vn -0.0040 -1.0000 -0.0029
vn -0.0045 1.0000 0.0069
vn -0.0054 0.1235 0.9923
vn -1.0000 -0.0022 -0.0040
vn -0.0054 0.7718 0.6358
vn 1.0000 -0.0017 -0.0031
vn 0.9999 0.0058 0.0099
vn -0.0032 -0.0654 0.9979
vn 1.0000 0.0045 0.0052
vn -0.0053 0.1201 -0.9927
vn -0.0034 0.9996 -0.0290
vn -0.0045 -0.9948 -0.1022
vn -0.0060 -0.0748 -0.9972
vn -0.0055 -0.7661 -0.6426
vn 0.9992 0.0058 0.0401
vn -1.0000 0.0051 0.0083
vn -0.9929 0.0411 0.1119
vn 0.9976 0.0695 0.0031
vn -0.0062 -0.0260 0.9996
vn -0.9889 0.1479 0.0130
vn -0.0029 0.9393 -0.3430
vn -1.0000 0.0051 0.0031
vn -0.9901 0.1401 0.0011
vn -1.0000 0.0072 0.0001
vn 0.0042 0.0270 -0.9996
vn -0.9963 0.0864 -0.0018
vn -1.0000 0.0012 -0.0032
vn -0.9999 0.0114 -0.0018
vn -0.9888 0.1489 -0.0023
vn -0.0112 0.9996 0.0267
vn -0.0000 0.2751 0.9614
vn -0.8781 0.4784 -0.0052
vn -0.9959 0.0822 0.0369
vn -0.9969 0.0766 -0.0151
vn -0.0101 0.9650 0.2619
vn -0.0095 0.7142 0.6998
vn -0.2997 0.3139 0.9009
vn -0.0077 0.0928 0.9957
vn -0.0032 0.5975 0.8019
vn 0.0002 0.9793 -0.2026
vn 0.0004 -0.8966 0.4429
vn 0.9897 0.0410 0.1369
vn 0.0211 0.9998 -0.0041
vn -0.0047 0.9999 -0.0109
vn -0.0242 0.9202 -0.3906
vn -0.0215 0.9228 0.3846
vn 1.0000 -0.0020 -0.0062
vn -0.9999 0.0141 0.0100
vn 0.0034 0.0169 -0.9999
vn 0.0053 -0.5496 0.8354
vn 0.0041 -1.0000 -0.0029
vn 0.0046 1.0000 0.0068
vn 0.0055 0.1235 0.9923
vn 1.0000 -0.0022 -0.0040
vn 0.0056 0.7718 0.6358
vn 0.0033 -0.0654 0.9979
vn 0.0054 0.1203 -0.9927
vn 0.0035 0.9996 -0.0290
vn 0.0047 -0.9948 -0.1022
vn 0.0062 -0.0749 -0.9972
vn 0.0056 -0.7661 -0.6427
vn 0.0023 -0.2533 -0.9674
vn 0.9999 -0.0102 -0.0003
vn -0.0024 -0.2533 -0.9674
vn -0.0007 -0.8317 -0.5553
vn -0.0004 -0.5560 -0.8312
vn -0.0004 -0.5560 0.8312
vn -0.9999 -0.0102 -0.0003
vn -0.0008 -0.9808 -0.1950
vn -0.0031 -0.2266 0.9740
vn -0.0020 -0.8316 0.5553
vn -0.0008 -0.9808 0.1950
vn -0.0007 -0.9808 0.1950
vn -0.0025 -0.2234 0.9747
vn -0.0007 -0.9808 -0.1950
vn -0.9997 -0.0238 -0.0000
vn -0.0025 -0.2227 -0.9749
vn -0.0006 -0.8317 -0.5553
vn -0.0006 -0.8317 0.5553
vn 0.9997 -0.0238 -0.0000
vn 0.0072 -0.2084 -0.9780
vn 0.9999 0.0170 -0.0011
vn -0.0098 -0.0017 -1.0000
vn 0.0022 -1.0000 -0.0000
vn 0.0429 0.3135 -0.9486
vn 0.0535 -0.9986 0.0048
vn 0.0406 0.0001 -0.9992
vn -0.9962 0.0867 0.0033
vn 0.9999 0.0014 -0.0114
vn 0.9875 0.1579 -0.0022
vn 0.0572 0.0091 -0.9983
vn 0.0588 -0.9982 0.0102
vn 0.0569 -0.0084 -0.9983
vn 0.0301 -0.9995 0.0003
vn 1.0000 0.0062 -0.0016
vn 0.0141 -0.0017 -0.9999
vn 0.0301 -0.9995 0.0001
vn -0.9988 -0.0001 -0.0493
vn -0.0000 0.9998 -0.0182
vn -0.0000 -0.9995 -0.0307
vn -0.0278 -0.0018 0.9996
vn -0.0219 0.9998 -0.0000
vn -0.9997 -0.0001 -0.0258
vn 0.0015 -0.0035 -1.0000
vn -0.0016 -0.0035 -1.0000
vn -0.0000 0.9998 -0.0206
vn -0.0000 -0.9982 -0.0594
vn 0.9996 0.0152 -0.0225
vn -0.9999 0.0058 0.0099
vn -0.0000 -0.9997 0.0237
vn -0.0000 -0.0295 -0.9996
vn -0.0000 0.0250 -0.9997
vn 0.0041 0.9662 0.2578
vn -0.0106 0.9171 0.3985
vn 0.1687 0.8842 0.4355
vn -0.0038 0.9675 0.2528
vn 0.0110 0.9156 0.4019
vn -0.1815 0.8832 0.4324
vn 0.0002 0.8586 0.5126
vn 0.0023 0.8612 0.5082
vn 0.0008 0.6515 0.7586
vn 0.7229 0.5832 0.3706
vn -0.0007 0.7071 0.7071
vn 0.0110 0.8744 -0.4851
vn -1.0000 -0.0000 -0.0000
vn -0.0000 -0.0000 1.0000
vn -0.0000 1.0000 -0.0000
vn -0.0000 0.0098 -1.0000
vn -0.0000 -1.0000 0.0053
vn -0.0000 0.0119 -0.9999
vn -0.0000 -0.9999 0.0132
vn -0.0000 0.0205 -0.9998
vn -0.0000 -1.0000 0.0059
vn -0.0000 0.0088 -1.0000
vn -0.0000 -0.0000 -1.0000
vn -0.0000 -1.0000 -0.0000
vn -0.0000 0.5556 0.8315
vn -0.0000 0.8315 0.5556
vn -0.0000 0.9808 0.1951
vn -0.0000 0.9808 -0.1951
vn -0.0000 0.8315 -0.5556
vn -0.0000 0.5556 -0.8315
vn -0.0000 0.1951 -0.9808
vn -0.0000 0.0196 -0.9998
vn 0.4404 -0.7872 -0.4316
vn -0.0000 0.9989 -0.0475
vn -0.9996 -0.0268 0.0007
vn -0.0000 1.0000 0.0017
vn -0.9904 -0.1384 -0.0017
vn -1.0000 -0.0072 -0.0001
vn -0.0000 -0.0270 0.9996
vn -0.9970 -0.0768 0.0001
vn -0.9897 -0.1429 -0.0011
vn -1.0000 -0.0072 -0.0000
vn -0.9997 -0.0259 -0.0000
vn -0.9904 -0.1384 -0.0002
vn -0.0000 -0.9996 -0.0270
vn 0.0078 -1.0000 0.0020
vn -0.8319 -0.5548 0.0061
vn -0.9970 -0.0762 -0.0097
vn -0.9966 -0.0812 0.0131
vn -0.0000 -0.3178 -0.9481
vn -0.0000 -0.9656 -0.2600
vn -0.0000 0.6367 -0.7711
vn -0.0000 0.9984 0.0560
vn -0.0000 -0.7120 -0.7022
vn -0.1859 -0.3136 -0.9312
vn -0.0000 -0.1396 -0.9902
vn -0.0000 -0.3015 -0.9535
vn -0.0000 -0.9405 0.3398
vn -0.0000 0.9405 -0.3398
vn 1.0000 0.0074 -0.0027
vn -0.0000 -0.9999 0.0110
vn -0.0212 -0.9164 0.3997
vn -0.0183 -0.9186 -0.3947
vn -0.9996 -0.0288 0.0001
vn -0.0000 -0.0178 0.9998
vn -0.0000 0.5384 -0.8427
vn -0.0000 0.9999 -0.0142
vn -0.0000 -0.9996 -0.0288
vn -0.0000 -0.1213 -0.9926
vn -0.0000 -0.7761 -0.6306
vn -0.0000 0.0669 -0.9978
vn -0.0000 -0.0587 0.9983
vn -0.0000 -0.9993 0.0365
vn -0.0000 0.9908 0.1354
vn -0.0000 0.0645 0.9979
vn -0.0000 0.7761 0.6306
vn 1.0000 -0.0073 -0.0001
vn -0.9973 -0.0741 -0.0013
vn 0.9897 -0.1431 -0.0012
vn -0.0000 0.5414 0.8407
vn 0.9996 -0.0269 0.0006
vn 0.9902 -0.1400 -0.0011
vn 0.9970 -0.0768 0.0001
vn 1.0000 -0.0072 -0.0000
vn 0.9997 -0.0259 -0.0000
vn 0.9904 -0.1384 -0.0002
vn -0.0000 -0.2837 -0.9589
vn 0.8319 -0.5548 0.0061
vn 0.9970 -0.0762 -0.0097
vn 0.9966 -0.0812 0.0131
vn 0.1859 -0.3136 -0.9312
vn -1.0000 0.0074 -0.0027
vn -0.0078 -1.0000 0.0020
vn 0.0211 -0.9162 0.4002
vn 0.0182 -0.9184 -0.3952
vn 0.9996 -0.0288 0.0001
vn -0.0000 0.1951 0.9808
vn -0.0000 -0.3287 0.9444
vn -0.0000 1.0000 -0.0044
vn -0.0000 0.0068 1.0000
vn 0.9972 -0.0742 -0.0014
vn -1.0000 -0.0074 -0.0001
vn -0.0000 0.0013 1.0000
vn -0.0000 -1.0000 -0.0092
vn -0.0000 0.9998 -0.0221
vn -0.0000 -0.0127 0.9999
vn -0.0000 -0.0143 0.9999
vn -0.0000 -0.8918 -0.4525
vn 0.0001 -0.8918 -0.4525
vn 0.0008 -0.7233 -0.6905
vn -0.0918 -0.8853 -0.4559
vn -0.0000 -0.5414 -0.8408
vn -0.0007 0.7234 0.6905
vn -0.0046 0.0002 1.0000
vn 0.0046 0.0002 1.0000
vn -0.0000 -0.0092 1.0000
vn -1.0000 -0.0019 0.0006
vn -1.0000 0.0067 0.0042
vn -0.0000 -0.3398 -0.9405
vt 0.375000 0.000000
vt 0.375000 0.074611
vt 0.565709 0.075310
vt 0.625000 0.073128
vt 0.625000 0.000000
vt 0.375000 0.750000
vt 0.375000 0.852005
vt 0.397428 0.841242
vt 0.625000 0.835591
vt 0.625000 0.750000
vt 0.625000 0.500000
vt 0.710591 0.750000
vt 0.710611 0.500000
vt 0.375000 0.030888
vt 0.625000 0.024986
vt 0.375000 0.250000
vt 0.375000 0.474423
vt 0.405090 0.457397
vt 0.406780 0.457347
vt 0.407260 0.457333
vt 0.625000 0.450956
vt 0.625000 0.250000
vt 0.125000 0.500000
vt 0.125000 0.750000
vt 0.347593 0.750000
vt 0.349423 0.500000
vt 0.375000 0.456922
vt 0.625000 0.450914
vt 0.331841 0.750000
vt 0.331922 0.500000
vt 0.375000 0.456906
vt 0.625000 0.450898
vt 0.331825 0.750000
vt 0.331906 0.500000
vt 0.423491 0.250000
vt 0.423491 0.421440
vt 0.457534 0.388328
vt 0.579409 0.382194
vt 0.625000 0.358186
vt 0.314328 0.750000
vt 0.313912 0.500000
vt 0.375000 0.438912
vt 0.414158 0.431267
vt 0.375000 0.459662
vt 0.468236 0.456691
vt 0.625000 0.451696
vt 0.334632 0.750000
vt 0.334662 0.500000
vt 0.437500 0.500000
vt 0.375000 0.500000
vt 0.375000 0.932249
vt 0.437500 0.936596
vt 0.312500 0.500000
vt 0.312500 0.929348
vt 0.250000 0.500000
vt 0.250000 0.928335
vt 0.187500 0.500000
vt 0.187500 0.929365
vt 0.125000 0.932281
vt 0.062500 0.500000
vt 0.062500 0.936639
vt 0.026002 0.500000
vt 0.026002 0.939638
vt 0.375000 0.967968
vt 0.437500 0.972740
vt 0.312500 0.964723
vt 0.250000 0.963497
vt 0.187500 0.964478
vt 0.125000 0.967584
vt 0.158260 0.965899
vt 0.062500 0.972166
vt 0.037459 0.500000
vt 0.037459 0.974203
vt 0.604095 0.865648
vt 0.395905 0.865682
vt 0.375000 0.875000
vt 0.375000 0.756639
vt 0.375000 0.756790
vt 0.323629 0.625000
vt 0.325053 0.625000
vt 0.325053 0.600209
vt 0.375000 0.600209
vt 0.323629 0.600209
vt 0.375000 0.500837
vt 0.375000 0.500467
vt 0.375000 0.581406
vt 0.375000 0.594194
vt 0.375000 0.625000
vt 0.375000 0.625000
vt 0.375000 0.614877
vt 0.375000 0.602069
vt 0.325053 0.500000
vt 0.325053 0.500000
vt 0.327373 0.500000
vt 0.327373 0.500000
vt 0.375000 0.501462
vt 0.375000 0.500943
vt 0.625000 0.500614
vt 0.375000 0.375000
vt 0.398880 0.375000
vt 0.398880 0.451527
vt 0.596828 0.451913
vt 0.596828 0.375000
vt 0.625000 0.375000
vt 0.375000 0.603889
vt 0.375000 0.636438
vt 0.588829 0.500000
vt 0.588527 0.500000
vt 0.391123 0.500000
vt 0.393256 0.500000
vt 0.588302 0.500000
vt 0.588000 0.500000
vt 0.390596 0.500000
vt 0.384455 0.500000
vt 0.587363 0.500000
vt 0.586608 0.500000
vt 0.377088 0.500000
vt 0.375000 0.500000
vt 0.375000 0.500000
vt 0.375000 0.500000
vt 0.375000 0.500000
vt 0.625000 0.625000
vt 0.750000 0.625000
vt 0.750000 0.750000
vt 0.724350 0.500000
vt 0.650650 0.500000
vt 0.750000 0.500000
vt 0.625000 0.875000
vt 0.604095 0.759352
vt 0.395905 0.759319
vt 0.375000 0.712735
vt 0.375000 0.711503
vt 0.375000 0.698484
vt 0.375000 0.679249
vt 0.375000 0.656681
vt 0.375000 0.634048
vt 0.875000 0.500000
vt 0.875000 0.750000
vt 0.625000 1.000000
vt 0.375000 1.000000
vt 0.375000 0.625000
vt 0.625000 0.663015
vt 0.625000 0.500057
vt 0.625000 0.664784
vt 0.375000 0.756638
vt 0.375000 0.875000
vt 0.375000 0.602069
vt 0.375000 0.614877
vt 0.596828 0.453074
vt 0.398880 0.452681
vt 0.585414 0.500000
vt 0.586171 0.500000
vt 0.375000 0.500000
vt 0.375000 0.500000
vt 0.375000 0.634048
vt 0.375000 0.656681
vt 0.375000 0.679248
vt 0.375000 0.698484
vt 0.453918 0.500000
vt 0.453918 0.974203
vt 0.694953 0.479051
vt 0.658156 0.471731
vt 0.580294 0.419706
vt 0.528269 0.341844
vt 0.510000 0.250000
vt 0.528269 0.158156
vt 0.580294 0.080294
vt 0.658156 0.028269
vt 0.682283 0.023470
vt 0.690066 0.376234
vt 0.437500 0.540405
vt 0.437500 1.000000
vt 0.453918 1.000000
vt 0.453918 0.538941
vt 0.312500 0.548422
vt 0.312500 1.000000
vt 0.375000 0.545176
vt 0.062500 0.540979
vt 0.062500 1.000000
vt 0.125000 1.000000
vt 0.125000 0.545560
vt 0.182283 0.023470
vt 0.158156 0.028269
vt 0.080294 0.080294
vt 0.028269 0.158156
vt 0.010000 0.250000
vt 0.028269 0.341844
vt 0.080294 0.419706
vt 0.158156 0.471731
vt 0.194953 0.479051
vt 0.190066 0.376234
vt 0.250000 0.549647
vt 0.250000 1.000000
vt 0.037459 1.000000
vt 0.037459 0.538941
vt 0.187500 1.000000
vt 0.187500 0.548667
vt 0.158260 0.547245
vt 0.187500 0.549214
vt 0.250000 0.550244
vt 0.026002 1.000000
vt 0.062500 0.541940
vt 0.026002 0.538941
vt 0.125000 0.546298
vt 0.375000 0.546331
vt 0.437500 0.541983
vt 0.312500 0.549231
vt 0.212589 0.017442
vt 0.211790 0.482400
vt 0.474541 1.000000
vt 0.474541 0.538941
vt 0.711790 0.482400
vt 0.712589 0.017442
vt 0.474541 0.500000
vt 0.474541 0.939638
vt 0.375000 0.500000
vt 0.375000 0.790368
vt 0.625000 0.798334
vt 0.578159 0.796841
vt 0.673334 0.750000
vt 0.673304 0.500000
vt 0.375000 0.810672
vt 0.423491 1.000000
vt 0.423491 0.830496
vt 0.414732 0.820965
vt 0.767990 0.750000
vt 0.766814 0.500000
vt 0.625000 0.892990
vt 0.576542 0.868461
vt 0.457281 0.863939
vt 0.376626 0.500000
vt 0.375000 0.793175
vt 0.625000 0.799111
vt 0.674111 0.750000
vt 0.674102 0.500000
vt 0.375000 0.793159
vt 0.625000 0.799095
vt 0.674095 0.750000
vt 0.674086 0.500000
vt 0.375000 0.777408
vt 0.625000 0.799067
vt 0.412044 0.792891
vt 0.402120 0.792604
vt 0.674067 0.750000
vt 0.674044 0.500000
vt 0.375000 0.719112
vt 0.625000 0.725014
vt 0.125000 0.719112
vt 0.250936 0.719112
vt 0.875000 0.725014
vt 0.749064 0.725014
vt 0.375000 0.397603
vt 0.625000 0.414389
vt 0.398245 0.408758
vt 0.272995 0.750000
vt 0.272603 0.500000
vt 0.375000 0.675389
vt 0.625000 0.676872
vt 0.565709 0.674690
vt 0.375000 0.447264
vt 0.375000 0.448255
vt 0.375000 0.449242
vt 0.375000 0.448238
vt 0.125000 0.675389
vt 0.250837 0.675389
vt 0.875000 0.676872
vt 0.393783 0.500000
vt 0.250000 0.750000
vt 0.325053 0.712735
vt 0.323629 0.712735
vt 0.375000 0.451012
vt 0.375000 0.450001
s 0
usemtl Material
f 1/1/1 283/2/1 284/3/1 281/4/1 2/5/1
f 5/6/2 276/7/2 277/8/2 275/9/2 6/10/2
f 8/11/3 6/10/3 275/12/3 274/13/3
f 9/1/4 271/14/4 269/15/4 10/5/4
f 15/16/5 258/17/5 260/18/5 262/19/5 261/20/5 257/21/5 16/22/5
f 15/23/6 13/24/6 259/25/6 258/26/6
f 19/16/7 253/27/7 254/28/7 20/22/7
f 19/23/8 17/24/8 256/29/8 253/30/8
f 23/16/9 249/31/9 250/32/9 24/22/9
f 23/23/10 21/24/10 252/33/10 249/34/10
f 30/35/11 242/36/11 243/37/11 244/38/11 239/39/11 28/22/11
f 27/23/12 25/24/12 247/40/12 246/41/12
f 27/16/13 246/42/13 245/43/13 242/36/13 30/35/13
f 31/1/14 33/16/14 34/22/14 32/5/14
f 33/16/15 231/44/15 233/45/15 232/46/15 34/22/15
f 33/23/16 31/24/16 235/47/16 231/48/16
f 35/49/17 36/50/17 224/51/17 226/52/17
f 36/50/18 37/53/18 223/54/18 224/51/18
f 37/53/19 38/55/19 222/56/19 223/54/19
f 38/55/20 39/57/20 220/58/20 222/56/20
f 39/57/21 40/23/21 221/59/21 220/58/21
f 40/23/22 41/60/22 225/61/22 221/59/22
f 41/60/23 229/62/23 228/63/23 225/61/23
f 56/49/24 57/50/24 188/64/24 191/65/24
f 57/50/25 58/53/25 187/66/25 188/64/25
f 58/53/26 59/55/26 186/67/26 187/66/26
f 59/55/27 60/57/27 183/68/27 186/67/27
f 60/57/28 61/23/28 184/69/28 185/70/28 183/68/28
f 61/23/22 62/60/22 189/71/22 184/69/22
f 62/60/29 194/72/29 193/73/29 189/71/29
f 67/74/30 68/75/30 103/75/30 104/74/30
f 288/6/31 287/76/31 72/76/31 73/6/31
f 70/77/32 98/78/32 293/78/32 294/77/32
f 190/79/33 203/80/33 204/81/33 206/82/33 145/50/33 74/50/33 193/82/33 194/83/33
f 71/50/34 245/84/34 246/85/34 247/86/34 248/87/34 75/88/34 185/89/34 184/90/34 189/91/34 193/82/34 74/50/34
f 145/50/35 219/50/35 218/92/35 215/93/35 217/50/35 152/50/35 82/55/35 81/50/35 228/50/35 229/94/35 227/95/35 230/50/35 74/50/35
f 64/50/36 243/96/36 242/97/36 245/84/36 71/50/36
f 64/50/37 63/11/37 244/98/37 243/96/37
f 79/99/38 270/100/38 266/101/38 267/102/38 268/103/38 78/104/38 76/11/38 77/50/38
f 63/11/39 76/11/39 107/11/39 105/11/39
f 240/105/40 241/106/40 286/6/40 288/6/40 75/88/40 248/87/40
f 63/11/41 251/107/41 250/108/41 249/109/41 256/110/41 255/111/41 254/112/41 253/113/41 265/114/41 263/115/41 257/116/41 261/117/41 77/50/41 76/11/41
f 71/50/42 74/50/42 236/50/42 234/118/42 232/119/42 233/120/42 226/50/42 224/50/42 223/50/42 222/50/42 220/120/42 221/50/42 225/121/42 228/50/42 81/50/42 80/50/42
f 64/50/43 71/50/43 80/50/43 77/50/43 260/50/43 258/50/43 259/50/43 264/50/43
f 83/122/44 88/123/44 87/124/44 84/10/44
f 168/11/45 167/11/45 153/122/45 88/123/45 85/125/45 155/126/45 156/126/45 89/125/45 106/127/45
f 86/126/46 90/126/46 111/126/46 109/126/46
f 97/10/47 84/10/47 92/10/47 91/10/47
f 91/10/48 92/10/48 95/10/48 94/10/48
f 141/75/49 285/76/49 68/75/49 67/74/49 100/128/49 140/74/49
f 84/10/50 87/124/50 93/124/50 92/10/50
f 94/10/51 159/10/51 157/10/51 91/10/51
f 91/10/52 157/10/52 161/10/52 100/128/52 97/10/52
f 92/10/53 93/124/53 96/124/53 95/10/53
f 65/129/54 66/130/54 286/6/54 97/10/54
f 66/130/55 68/75/55 285/76/55 286/6/55
f 67/74/56 65/129/56 97/10/56 100/128/56
f 68/75/57 66/130/57 102/130/57 103/75/57
f 65/129/58 67/74/58 104/74/58 101/129/58
f 66/130/59 65/129/59 101/129/59 102/130/59
f 108/125/60 109/126/60 111/126/60 110/125/60
f 90/126/61 89/125/61 110/125/61 111/126/61
f 85/125/62 86/126/62 109/126/62 108/125/62
f 115/1/63 114/5/63 112/22/63 113/16/63
f 75/88/64 288/6/64 73/6/64 195/131/64 191/132/64 188/133/64 187/134/64 186/135/64 183/136/64 185/89/64
f 113/16/65 112/22/65 119/11/65 118/50/65
f 118/50/66 119/11/66 117/10/66 116/6/66
f 115/24/67 116/6/67 123/6/67 120/24/67
f 113/23/68 118/50/68 116/6/68 115/24/68
f 119/11/69 112/137/69 114/138/69 117/10/69
f 123/6/70 122/10/70 121/139/70 120/140/70
f 114/5/71 115/1/71 120/1/71 121/5/71
f 117/10/72 114/138/72 121/138/72 122/10/72
f 116/6/73 117/10/73 122/10/73 123/6/73
f 179/5/74 182/5/74 181/1/74 180/1/74 178/16/74 177/22/74
f 125/16/75 124/22/75 131/11/75 130/50/75
f 130/50/76 131/11/76 129/10/76 128/6/76
f 127/24/77 128/6/77 135/6/77 132/24/77
f 125/23/78 130/50/78 128/6/78 127/24/78
f 131/11/79 124/137/79 126/138/79 129/10/79
f 135/6/80 134/10/80 133/139/80 132/140/80
f 129/10/81 126/138/81 133/138/81 134/10/81
f 128/6/82 129/10/82 134/10/82 135/6/82
f 147/141/83 289/6/83 161/10/83 146/122/83
f 140/74/84 166/74/84 165/75/84 141/75/84
f 238/142/85 239/143/85 244/98/85 63/11/85 105/11/85 83/122/85 84/10/85 97/10/85 237/144/85
f 290/6/86 144/6/86 72/76/86 287/76/86
f 147/141/87 148/88/87 290/6/87 289/6/87
f 142/145/88 69/146/88 291/146/88 296/145/88
f 143/50/89 145/50/89 206/82/89 202/147/89 198/148/89 197/89/89 148/88/89
f 137/50/90 143/50/90 148/88/90 147/141/90
f 137/50/91 147/141/91 146/122/91 136/11/91
f 79/99/92 150/50/92 149/11/92 78/104/92 268/103/92 269/149/92 271/150/92 270/100/92
f 136/11/93 167/11/93 168/11/93 149/11/93
f 136/11/94 149/11/94 150/50/94 273/50/94 274/151/94 275/152/94 277/50/94 137/50/94
f 143/50/95 151/50/95 152/50/95 217/50/95 214/120/95 210/153/95 209/50/95 211/50/95 212/154/95 213/50/95 216/153/95 219/50/95 145/50/95
f 137/50/96 277/50/96 276/153/96 272/118/96 273/50/96 150/50/96 151/50/96 143/50/96
f 153/122/97 154/10/97 87/124/97 88/123/97
f 96/128/98 160/10/98 159/10/98 94/10/98 95/10/98
f 155/126/99 169/126/99 170/126/99 156/126/99
f 161/10/100 157/10/100 158/10/100 154/10/100
f 157/10/101 159/10/101 160/10/101 158/10/101
f 154/10/102 158/10/102 93/124/102 87/124/102
f 158/10/103 160/10/103 96/124/103 93/124/103
f 138/129/104 161/10/104 289/6/104 139/130/104
f 139/130/105 289/6/105 285/76/105 141/75/105
f 140/74/106 100/128/106 161/10/106 138/129/106
f 141/75/107 165/75/107 164/130/107 139/130/107
f 138/129/108 163/129/108 166/74/108 140/74/108
f 139/130/109 164/130/109 163/129/109 138/129/109
f 90/126/110 86/126/110 85/125/110 88/123/110 83/122/110 105/11/110 107/11/110 106/127/110 89/125/110
f 108/125/111 110/125/111 170/126/111 169/126/111
f 156/126/112 170/126/112 110/125/112 89/125/112
f 85/125/113 108/125/113 169/126/113 155/126/113
f 174/1/114 172/16/114 171/22/114 173/5/114
f 148/88/115 197/89/115 196/155/115 199/156/115 200/157/115 201/158/115 205/132/115 208/131/115 144/6/115 290/6/115
f 172/16/116 118/50/116 119/11/116 171/22/116
f 174/24/117 175/24/117 123/6/117 116/6/117
f 172/23/118 174/24/118 116/6/118 118/50/118
f 119/11/119 117/10/119 173/138/119 171/137/119
f 123/6/120 175/140/120 176/139/120 122/10/120
f 173/5/121 176/5/121 175/1/121 174/1/121
f 117/10/122 122/10/122 176/138/122 173/138/122
f 178/16/123 130/50/123 131/11/123 177/22/123
f 180/24/124 181/24/124 135/6/124 128/6/124
f 178/23/125 180/24/125 128/6/125 130/50/125
f 131/11/126 129/10/126 179/138/126 177/137/126
f 135/6/127 181/140/127 182/139/127 134/10/127
f 129/10/128 134/10/128 182/138/128 179/138/128
f 192/159/129 56/49/129 191/65/129 195/160/129
f 194/161/130 62/162/130 61/163/130 60/164/130 59/165/130 58/166/130 57/167/130 56/168/130 192/169/130 190/170/130
f 205/171/131 49/172/131 207/173/131 208/174/131
f 200/175/132 51/176/132 50/140/132 201/177/132
f 201/177/133 50/140/133 49/172/133 205/171/133
f 202/178/134 55/179/134 54/180/134 198/181/134
f 207/182/135 49/183/135 50/184/135 51/185/135 52/186/135 53/187/135 54/188/135 55/189/135 204/190/135 203/191/135
f 199/192/136 52/193/136 51/176/136 200/175/136
f 204/194/137 55/179/137 202/178/137 206/195/137
f 198/181/138 54/180/138 53/196/138 196/197/138 197/198/138
f 196/197/139 53/196/139 52/193/139 199/192/139
f 209/199/140 46/196/140 45/193/140 211/200/140
f 215/201/141 48/179/141 214/202/141 217/203/141
f 214/202/134 48/179/134 47/180/134 210/204/134
f 213/205/133 43/140/133 42/172/133 216/206/133
f 211/200/142 45/193/142 44/176/142 212/207/142
f 218/208/143 42/183/143 43/184/143 44/185/143 45/186/143 46/187/143 47/188/143 48/189/143 215/209/143
f 216/206/144 42/172/144 218/210/144 219/211/144
f 212/207/145 44/176/145 43/140/145 213/205/145
f 210/204/146 47/180/146 46/196/146 209/199/146
f 229/212/147 41/162/147 40/163/147 39/164/147 38/165/147 37/166/147 36/167/147 35/168/147 227/213/147
f 227/214/148 35/49/148 226/52/148 230/215/148
f 226/50/149 233/120/149 231/50/149 235/216/149 236/50/149 74/50/149 230/50/149
f 235/217/150 31/140/150 32/139/150 234/218/150 236/219/150
f 234/220/151 32/138/151 34/137/151 232/221/151
f 247/222/152 25/140/152 29/223/152 240/224/152 248/225/152
f 238/226/153 26/138/153 28/137/153 239/227/153
f 240/224/154 29/223/154 26/139/154 238/228/154 237/229/154 241/230/154
f 161/10/155 154/10/155 153/122/155 167/11/155 136/11/155 146/122/155
f 241/106/156 237/144/156 97/10/156 286/6/156
f 77/50/157 262/231/157 260/50/157
f 252/232/158 21/140/158 22/139/158 251/233/158
f 251/234/159 22/138/159 24/137/159 250/235/159
f 256/236/160 17/140/160 18/139/160 255/237/160
f 255/238/161 18/138/161 20/137/161 254/239/161
f 77/50/162 261/117/162 262/231/162
f 259/240/163 13/140/163 14/139/163 263/241/163 265/242/163 264/243/163
f 263/244/164 14/138/164 16/137/164 257/245/164
f 266/246/165 11/6/165 12/10/165 267/247/165
f 271/248/166 9/24/166 11/6/166 266/246/166 270/249/166
f 267/247/167 12/10/167 10/138/167 269/250/167 268/251/167
f 272/252/168 7/50/168 8/11/168 274/253/168 273/254/168
f 276/255/169 5/6/169 7/50/169 272/256/169
f 280/257/170 3/6/170 4/10/170 278/258/170 279/259/170
f 282/99/171 280/260/171 279/261/171 80/50/171 81/50/171 82/99/171
f 284/262/172 283/263/172 282/99/172 82/99/172 152/50/172 151/50/172
f 283/264/173 1/24/173 3/6/173 280/257/173 282/265/173
f 278/258/174 4/10/174 2/138/174 281/266/174
f 264/50/175 265/114/175 253/113/175 256/110/175 249/109/175 252/267/175 251/107/175 63/11/175 64/50/175
f 127/1/176 132/1/176 133/5/176 126/5/176 124/22/176 125/16/176
f 72/268/177 144/6/177 208/131/177 207/269/177 203/80/177 190/79/177 192/270/177 195/131/177 73/6/177
f 281/271/178 284/262/178 151/50/178 150/50/178 79/99/178 77/50/178 80/50/178 279/261/178 278/272/178
f 149/11/179 168/11/179 106/104/179 107/11/179 76/11/179 78/104/179
f 99/76/180 98/78/180 286/6/180 285/76/180
f 70/77/181 69/146/181 287/76/181 288/6/181
f 98/78/182 70/77/182 288/6/182 286/6/182
f 162/78/183 99/76/183 285/76/183 289/6/183
f 69/146/184 142/145/184 290/6/184 287/76/184
f 142/145/185 162/78/185 289/6/185 290/6/185
f 293/78/186 292/76/186 291/146/186 294/77/186
f 295/78/187 296/145/187 291/146/187 292/76/187
f 98/78/188 99/76/188 292/76/188 293/78/188
f 162/78/189 142/145/189 296/145/189 295/78/189
f 99/76/190 162/78/190 295/78/190 292/76/190
f 69/146/191 70/77/191 294/77/191 291/146/191
f 297/1/192 298/5/192 577/4/192 580/3/192 579/2/192
f 301/6/193 302/10/193 571/9/193 573/8/193 572/7/193
f 304/11/194 570/13/194 571/12/194 302/10/194
f 305/1/192 306/5/192 565/15/192 567/14/192
f 311/16/195 312/22/195 553/21/195 557/20/195 558/19/195 556/18/195 554/17/195
f 311/23/196 554/26/196 555/25/196 309/24/196
f 315/16/197 316/22/197 550/28/197 549/27/197
f 315/23/198 549/30/198 552/29/198 313/24/198
f 319/16/197 320/22/197 546/32/197 545/31/197
f 319/23/198 545/34/198 548/33/198 317/24/198
f 326/35/199 324/22/199 535/39/199 540/38/199 539/37/199 538/36/199
f 323/23/200 542/41/200 543/40/200 321/24/200
f 323/16/201 326/35/201 538/36/201 541/43/201 542/42/201
f 327/1/192 328/5/192 330/22/192 329/16/192
f 329/16/202 330/22/202 528/46/202 529/45/202 527/44/202
f 329/23/203 527/48/203 531/47/203 327/24/203
f 331/49/204 522/52/204 520/51/204 332/50/204
f 332/50/205 520/51/205 519/54/205 333/53/205
f 333/53/206 519/54/206 518/56/206 334/55/206
f 334/55/207 518/56/207 516/58/207 335/57/207
f 335/57/208 516/58/208 517/59/208 336/23/208
f 336/23/209 517/59/209 521/61/209 337/60/209
f 337/60/210 521/61/210 524/63/210 525/62/210
f 352/49/204 487/65/204 484/64/204 353/50/204
f 353/50/205 484/64/205 483/66/205 354/53/205
f 354/53/206 483/66/206 482/67/206 355/55/206
f 355/55/207 482/67/207 479/68/207 356/57/207
f 356/57/208 479/68/208 481/70/208 480/69/208 357/23/208
f 357/23/209 480/69/209 485/71/209 358/60/209
f 358/60/210 485/71/210 489/73/210 490/72/210
f 363/74/192 400/74/192 399/75/192 364/75/192
f 584/6/211 369/6/211 368/76/211 583/76/211
f 366/77/212 590/77/212 589/78/212 394/78/212
f 486/79/213 490/83/213 489/82/213 370/50/213 441/50/213 502/82/213 500/81/213 499/80/213
f 367/50/214 370/50/214 489/82/214 485/91/214 480/90/214 481/89/214 371/88/214 544/87/214 543/86/214 542/85/214 541/84/214
f 441/50/215 370/50/215 526/50/215 523/95/215 525/94/215 524/50/215 377/50/215 378/55/215 448/50/215 513/50/215 511/93/215 514/92/215 515/50/215
f 360/50/216 367/50/216 541/84/216 538/97/216 539/96/216
f 360/50/217 539/96/217 540/98/217 359/11/217
f 375/99/218 373/50/218 372/11/218 374/104/218 564/103/218 563/102/218 562/101/218 566/100/218
f 359/11/219 401/11/219 403/11/219 372/11/219
f 536/105/220 544/87/220 371/88/220 584/6/220 582/6/220 537/106/220
f 359/11/221 372/11/221 373/50/221 557/117/221 553/116/221 559/115/221 561/114/221 549/113/221 550/112/221 551/111/221 552/110/221 545/109/221 546/108/221 547/107/221
f 367/50/222 376/50/222 377/50/222 524/50/222 521/121/222 517/50/222 516/120/222 518/50/222 519/50/222 520/50/222 522/50/222 529/120/222 528/119/222 530/118/222 532/50/222 370/50/222
f 360/50/223 560/50/223 555/50/223 554/50/223 556/50/223 373/50/223 376/50/223 367/50/223
f 379/122/224 380/10/224 383/124/224 384/123/224
f 464/11/225 402/127/225 385/125/225 452/126/225 451/126/225 381/125/225 384/123/225 449/122/225 463/11/225
f 382/126/226 405/126/226 407/126/226 386/126/226
f 393/10/227 387/10/227 388/10/227 380/10/227
f 387/10/228 390/10/228 391/10/228 388/10/228
f 437/75/229 436/74/229 396/128/229 363/74/229 364/75/229 581/76/229
f 380/10/230 388/10/230 389/124/230 383/124/230
f 390/10/231 387/10/231 453/10/231 455/10/231
f 387/10/232 393/10/232 396/128/232 457/10/232 453/10/232
f 388/10/233 391/10/233 392/124/233 389/124/233
f 361/129/234 393/10/234 582/6/234 362/130/234
f 362/130/235 582/6/235 581/76/235 364/75/235
f 363/74/236 396/128/236 393/10/236 361/129/236
f 364/75/237 399/75/237 398/130/237 362/130/237
f 361/129/238 397/129/238 400/74/238 363/74/238
f 362/130/239 398/130/239 397/129/239 361/129/239
f 404/125/240 406/125/240 407/126/240 405/126/240
f 386/126/241 407/126/241 406/125/241 385/125/241
f 381/125/242 404/125/242 405/126/242 382/126/242
f 411/1/14 409/16/14 408/22/14 410/5/14
f 371/88/243 481/89/243 479/136/243 482/135/243 483/134/243 484/133/243 487/132/243 491/131/243 369/6/243 584/6/243
f 409/16/244 414/50/244 415/11/244 408/22/244
f 414/50/192 412/6/192 413/10/192 415/11/192
f 411/24/245 416/24/245 419/6/245 412/6/245
f 409/23/246 411/24/246 412/6/246 414/50/246
f 415/11/247 413/10/247 410/138/247 408/137/247
f 419/6/248 416/140/248 417/139/248 418/10/248
f 410/5/14 417/5/14 416/1/14 411/1/14
f 413/10/249 418/10/249 417/138/249 410/138/249
f 412/6/192 419/6/192 418/10/192 413/10/192
f 475/5/192 473/22/192 474/16/192 476/1/192 477/1/192 478/5/192
f 421/16/250 426/50/250 427/11/250 420/22/250
f 426/50/192 424/6/192 425/10/192 427/11/192
f 423/24/251 428/24/251 431/6/251 424/6/251
f 421/23/252 423/24/252 424/6/252 426/50/252
f 427/11/253 425/10/253 422/138/253 420/137/253
f 431/6/254 428/140/254 429/139/254 430/10/254
f 425/10/255 430/10/255 429/138/255 422/138/255
f 424/6/192 431/6/192 430/10/192 425/10/192
f 443/141/256 442/122/256 457/10/256 585/6/256
f 436/74/14 437/75/14 461/75/14 462/74/14
f 534/142/257 533/144/257 393/10/257 380/10/257 379/122/257 401/11/257 359/11/257 540/98/257 535/143/257
f 586/6/211 583/76/211 368/76/211 440/6/211
f 443/141/258 585/6/258 586/6/258 444/88/258
f 438/145/259 592/145/259 587/146/259 365/146/259
f 439/50/260 444/88/260 493/89/260 494/148/260 498/147/260 502/82/260 441/50/260
f 433/50/261 443/141/261 444/88/261 439/50/261
f 433/50/256 432/11/256 442/122/256 443/141/256
f 375/99/218 566/100/218 567/150/218 565/149/218 564/103/218 374/104/218 445/11/218 446/50/218
f 432/11/262 445/11/262 464/11/262 463/11/262
f 432/11/263 433/50/263 573/50/263 571/152/263 570/151/263 569/50/263 446/50/263 445/11/263
f 439/50/264 441/50/264 515/50/264 512/153/264 509/50/264 508/154/264 507/50/264 505/50/264 506/153/264 510/120/264 513/50/264 448/50/264 447/50/264
f 433/50/265 439/50/265 447/50/265 446/50/265 569/50/265 568/118/265 572/153/265 573/50/265
f 449/122/224 384/123/224 383/124/224 450/10/224
f 392/128/266 391/10/266 390/10/266 455/10/266 456/10/266
f 451/126/267 452/126/267 466/126/267 465/126/267
f 457/10/268 450/10/268 454/10/268 453/10/268
f 453/10/269 454/10/269 456/10/269 455/10/269
f 450/10/230 383/124/230 389/124/230 454/10/230
f 454/10/233 389/124/233 392/124/233 456/10/233
f 434/129/270 435/130/270 585/6/270 457/10/270
f 435/130/235 437/75/235 581/76/235 585/6/235
f 436/74/236 434/129/236 457/10/236 396/128/236
f 437/75/237 435/130/237 460/130/237 461/75/237
f 434/129/238 436/74/238 462/74/238 459/129/238
f 435/130/271 434/129/271 459/129/271 460/130/271
f 386/126/272 385/125/272 402/127/272 403/11/272 401/11/272 379/122/272 384/123/272 381/125/272 382/126/272
f 404/125/240 465/126/240 466/126/240 406/125/240
f 452/126/273 385/125/273 406/125/273 466/126/273
f 381/125/274 451/126/274 465/126/274 404/125/274
f 470/1/192 469/5/192 467/22/192 468/16/192
f 444/88/275 586/6/275 440/6/275 504/131/275 501/132/275 497/158/275 496/157/275 495/156/275 492/155/275 493/89/275
f 468/16/244 467/22/244 415/11/244 414/50/244
f 470/24/245 412/6/245 419/6/245 471/24/245
f 468/23/246 414/50/246 412/6/246 470/24/246
f 415/11/247 467/137/247 469/138/247 413/10/247
f 419/6/248 418/10/248 472/139/248 471/140/248
f 469/5/192 470/1/192 471/1/192 472/5/192
f 413/10/249 469/138/249 472/138/249 418/10/249
f 474/16/250 473/22/250 427/11/250 426/50/250
f 476/24/251 424/6/251 431/6/251 477/24/251
f 474/23/252 426/50/252 424/6/252 476/24/252
f 427/11/253 473/137/253 475/138/253 425/10/253
f 431/6/254 430/10/254 478/139/254 477/140/254
f 425/10/255 475/138/255 478/138/255 430/10/255
f 488/159/276 491/160/276 487/65/276 352/49/276
f 490/161/192 486/170/192 488/169/192 352/168/192 353/167/192 354/166/192 355/165/192 356/164/192 357/163/192 358/162/192
f 501/171/276 504/174/276 503/173/276 345/172/276
f 496/175/205 497/177/205 346/140/205 347/176/205
f 497/177/204 501/171/204 345/172/204 346/140/204
f 498/178/209 494/181/209 350/180/209 351/179/209
f 503/182/14 499/191/14 500/190/14 351/189/14 350/188/14 349/187/14 348/186/14 347/185/14 346/184/14 345/183/14
f 495/192/206 496/175/206 347/176/206 348/193/206
f 500/194/210 502/195/210 498/178/210 351/179/210
f 494/181/208 493/198/208 492/197/208 349/196/208 350/180/208
f 492/197/207 495/192/207 348/193/207 349/196/207
f 505/199/207 507/200/207 341/193/207 342/196/207
f 511/201/210 513/203/210 510/202/210 344/179/210
f 510/202/209 506/204/209 343/180/209 344/179/209
f 509/205/204 512/206/204 338/172/204 339/140/204
f 507/200/206 508/207/206 340/176/206 341/193/206
f 514/208/14 511/209/14 344/189/14 343/188/14 342/187/14 341/186/14 340/185/14 339/184/14 338/183/14
f 512/206/276 515/211/276 514/210/276 338/172/276
f 508/207/205 509/205/205 339/140/205 340/176/205
f 506/204/208 505/199/208 342/196/208 343/180/208
f 525/212/192 523/213/192 331/168/192 332/167/192 333/166/192 334/165/192 335/164/192 336/163/192 337/162/192
f 523/214/276 526/215/276 522/52/276 331/49/276
f 522/50/222 526/50/222 370/50/222 532/50/222 531/216/222 527/50/222 529/120/222
f 531/217/193 532/219/193 530/218/193 328/139/193 327/140/193
f 530/220/194 528/221/194 330/137/194 328/138/194
f 543/222/277 544/225/277 536/224/277 325/223/277 321/140/277
f 534/226/278 535/227/278 324/137/278 322/138/278
f 536/224/279 537/230/279 533/229/279 534/228/279 322/139/279 325/223/279
f 457/10/280 442/122/280 432/11/280 463/11/280 449/122/280 450/10/280
f 537/106/281 582/6/281 393/10/281 533/144/281
f 373/50/221 556/50/221 558/231/221
f 548/232/193 547/233/193 318/139/193 317/140/193
f 547/234/194 546/235/194 320/137/194 318/138/194
f 552/236/193 551/237/193 314/139/193 313/140/193
f 551/238/194 550/239/194 316/137/194 314/138/194
f 373/50/221 558/231/221 557/117/221
f 555/240/193 560/243/193 561/242/193 559/241/193 310/139/193 309/140/193
f 559/244/194 553/245/194 312/137/194 310/138/194
f 562/246/14 563/247/14 308/10/14 307/6/14
f 567/248/203 566/249/203 562/246/203 307/6/203 305/24/203
f 563/247/194 564/251/194 565/250/194 306/138/194 308/10/194
f 568/252/202 569/254/202 570/253/202 304/11/202 303/50/202
f 572/255/203 568/256/203 303/50/203 301/6/203
f 576/257/14 575/259/14 574/258/14 300/10/14 299/6/14
f 578/99/282 378/99/282 377/50/282 376/50/282 575/261/282 576/260/282
f 580/262/282 447/50/282 448/50/282 378/99/282 578/99/282 579/263/282
f 579/264/283 578/265/283 576/257/283 299/6/283 297/24/283
f 574/258/194 577/266/194 298/138/194 300/10/194
f 560/50/221 360/50/221 359/11/221 547/107/221 548/267/221 545/109/221 552/110/221 549/113/221 561/114/221
f 423/1/14 421/16/14 420/22/14 422/5/14 429/5/14 428/1/14
f 368/268/284 369/6/284 491/131/284 488/270/284 486/79/284 499/80/284 503/269/284 504/131/284 440/6/284
f 577/271/285 574/272/285 575/261/285 376/50/285 373/50/285 375/99/285 446/50/285 447/50/285 580/262/285
f 445/11/286 374/104/286 372/11/286 403/11/286 402/104/286 464/11/286
f 395/76/287 581/76/287 582/6/287 394/78/287
f 366/77/287 584/6/287 583/76/287 365/146/287
f 394/78/287 582/6/287 584/6/287 366/77/287
f 458/78/287 585/6/287 581/76/287 395/76/287
f 365/146/287 583/76/287 586/6/287 438/145/287
f 438/145/287 586/6/287 585/6/287 458/78/287
f 589/78/288 590/77/288 587/146/288 588/76/288
f 591/78/287 588/76/287 587/146/287 592/145/287
f 394/78/289 589/78/289 588/76/289 395/76/289
f 458/78/290 591/78/290 592/145/290 438/145/290
f 395/76/291 588/76/291 591/78/291 458/78/291
f 365/146/292 587/146/292 590/77/292 366/77/292
f 1/1/293 2/5/293 298/5/293 297/1/293
f 4/10/294 3/6/294 299/6/294 300/10/294
f 3/6/295 1/24/295 297/24/295 299/6/295
f 2/138/193 4/10/193 300/10/193 298/138/193
f 8/11/14 7/50/14 303/50/14 304/11/14
f 7/50/14 5/6/14 301/6/14 303/50/14
f 6/10/14 8/11/14 304/11/14 302/10/14
f 5/6/14 6/10/14 302/10/14 301/6/14
f 9/1/193 10/5/193 306/5/193 305/1/193
f 12/10/193 11/6/193 307/6/193 308/10/193
f 11/6/193 9/24/193 305/24/193 307/6/193
f 10/138/193 12/10/193 308/10/193 306/138/193
f 13/24/192 15/23/192 311/23/192 309/24/192
f 14/139/192 13/140/192 309/140/192 310/139/192
f 16/137/192 14/138/192 310/138/192 312/137/192
f 15/16/192 16/22/192 312/22/192 311/16/192
f 17/24/192 19/23/192 315/23/192 313/24/192
f 18/139/192 17/140/192 313/140/192 314/139/192
f 20/137/192 18/138/192 314/138/192 316/137/192
f 19/16/192 20/22/192 316/22/192 315/16/192
f 21/24/192 23/23/192 319/23/192 317/24/192
f 22/139/192 21/140/192 317/140/192 318/139/192
f 24/137/192 22/138/192 318/138/192 320/137/192
f 23/16/192 24/22/192 320/22/192 319/16/192
f 25/24/192 27/23/192 323/23/192 321/24/192
f 26/139/296 29/223/296 325/223/296 322/139/296
f 28/137/192 26/138/192 322/138/192 324/137/192
f 27/16/192 30/35/192 326/35/192 323/16/192
f 29/223/297 25/140/297 321/140/297 325/223/297
f 30/35/192 28/22/192 324/22/192 326/35/192
f 102/130/298 101/129/298 397/129/298 398/130/298
f 103/75/298 102/130/298 398/130/298 399/75/298
f 101/129/298 104/74/298 400/74/298 397/129/298
f 104/74/298 103/75/298 399/75/298 400/74/298
f 163/129/298 164/130/298 460/130/298 459/129/298
f 164/130/298 165/75/298 461/75/298 460/130/298
f 166/74/298 163/129/298 459/129/298 462/74/298
f 165/75/298 166/74/298 462/74/298 461/75/298
o Cylinder.004
v 0.638335 3.937967 1.544283
v 0.896755 3.937967 1.544283
v 0.638335 3.781868 1.575333
v 0.896755 3.781868 1.575333
v 0.638335 3.649533 1.663756
v 0.896755 3.649533 1.663756
v 0.638335 3.561110 1.796091
v 0.896755 3.561110 1.796091
v 0.638335 3.530060 1.952190
v 0.896755 3.530060 1.952190
v 0.638335 3.561110 2.108290
v 0.896755 3.561110 2.108290
v 0.638335 3.649533 2.240624
v 0.896755 3.649533 2.240624
v 0.638335 3.781868 2.329047
v 0.896755 3.781868 2.329047
v 0.638335 3.937967 2.360097
v 0.896755 3.937967 2.360097
v 0.638335 4.094066 2.329047
v 0.896755 4.094066 2.329047
v 0.638335 4.226401 2.240624
v 0.896755 4.226401 2.240624
v 0.638335 4.314824 2.108290
v 0.896755 4.314824 2.108290
v 0.638335 4.345874 1.952190
v 0.896755 4.345874 1.952190
v 0.638335 4.314824 1.796091
v 0.896755 4.314824 1.796091
v 0.638335 4.226401 1.663756
v 0.896755 4.226401 1.663756
v 0.638335 4.094066 1.575333
v 0.896755 4.094066 1.575333
vn -0.0000 -0.1951 -0.9808
vn -0.0000 -0.5556 -0.8315
vn -0.0000 -0.8315 -0.5556
vn -0.0000 -0.9808 -0.1951
vn -0.0000 -0.9808 0.1951
vn -0.0000 -0.8315 0.5556
vn -0.0000 -0.5556 0.8315
vn -0.0000 -0.1951 0.9808
vn -0.0000 0.1951 0.9808
vn -0.0000 0.5556 0.8315
vn -0.0000 0.8315 0.5556
vn -0.0000 0.9808 0.1951
vn -0.0000 0.9808 -0.1951
vn -0.0000 0.8315 -0.5556
vn 1.0000 -0.0000 -0.0000
vn -0.0000 0.5556 -0.8315
vn -0.0000 0.1951 -0.9808
vn -1.0000 -0.0000 -0.0000
vt 1.000000 0.500000
vt 1.000000 1.000000
vt 0.937500 1.000000
vt 0.937500 0.500000
vt 0.875000 1.000000
vt 0.875000 0.500000
vt 0.812500 1.000000
vt 0.812500 0.500000
vt 0.750000 1.000000
vt 0.750000 0.500000
vt 0.687500 1.000000
vt 0.687500 0.500000
vt 0.625000 1.000000
vt 0.625000 0.500000
vt 0.562500 1.000000
vt 0.562500 0.500000
vt 0.500000 1.000000
vt 0.500000 0.500000
vt 0.437500 1.000000
vt 0.437500 0.500000
vt 0.375000 1.000000
vt 0.375000 0.500000
vt 0.312500 1.000000
vt 0.312500 0.500000
vt 0.250000 1.000000
vt 0.250000 0.500000
vt 0.187500 1.000000
vt 0.187500 0.500000
vt 0.125000 1.000000
vt 0.125000 0.500000
vt 0.341844 0.471731
vt 0.250000 0.490000
vt 0.158156 0.471731
vt 0.080294 0.419706
vt 0.028269 0.341844
vt 0.010000 0.250000
vt 0.028269 0.158156
vt 0.080294 0.080294
vt 0.158156 0.028269
vt 0.250000 0.010000
vt 0.341844 0.028269
vt 0.419706 0.080294
vt 0.471731 0.158156
vt 0.490000 0.250000
vt 0.471731 0.341844
vt 0.419706 0.419706
vt 0.062500 1.000000
vt 0.062500 0.500000
vt 0.000000 1.000000
vt 0.000000 0.500000
vt 0.750000 0.490000
vt 0.841844 0.471731
vt 0.919706 0.419706
vt 0.971731 0.341844
vt 0.990000 0.250000
vt 0.971731 0.158156
vt 0.919706 0.080294
vt 0.841844 0.028269
vt 0.750000 0.010000
vt 0.658156 0.028269
vt 0.580294 0.080294
vt 0.528269 0.158156
vt 0.510000 0.250000
vt 0.528269 0.341844
vt 0.580294 0.419706
vt 0.658156 0.471731
s 0
f 593/273/299 594/274/299 596/275/299 595/276/299
f 595/276/300 596/275/300 598/277/300 597/278/300
f 597/278/301 598/277/301 600/279/301 599/280/301
f 599/280/302 600/279/302 602/281/302 601/282/302
f 601/282/303 602/281/303 604/283/303 603/284/303
f 603/284/304 604/283/304 606/285/304 605/286/304
f 605/286/305 606/285/305 608/287/305 607/288/305
f 607/288/306 608/287/306 610/289/306 609/290/306
f 609/290/307 610/289/307 612/291/307 611/292/307
f 611/292/308 612/291/308 614/293/308 613/294/308
f 613/294/309 614/293/309 616/295/309 615/296/309
f 615/296/310 616/295/310 618/297/310 617/298/310
f 617/298/311 618/297/311 620/299/311 619/300/311
f 619/300/312 620/299/312 622/301/312 621/302/312
f 596/303/313 594/304/313 624/305/313 622/306/313 620/307/313 618/308/313 616/309/313 614/310/313 612/311/313 610/312/313 608/313/313 606/314/313 604/315/313 602/316/313 600/317/313 598/318/313
f 621/302/314 622/301/314 624/319/314 623/320/314
f 623/320/315 624/319/315 594/321/315 593/322/315
f 593/323/316 595/324/316 597/325/316 599/326/316 601/327/316 603/328/316 605/329/316 607/330/316 609/331/316 611/332/316 613/333/316 615/334/316 617/335/316 619/336/316 621/337/316 623/338/316
o Cylinder.005
v -0.896587 3.938473 1.544283
v -0.638167 3.938473 1.544283
v -0.896587 3.782373 1.575333
v -0.638167 3.782373 1.575333
v -0.896587 3.650038 1.663756
v -0.638167 3.650038 1.663756
v -0.896587 3.561615 1.796091
v -0.638167 3.561615 1.796091
v -0.896587 3.530565 1.952190
v -0.638167 3.530565 1.952190
v -0.896587 3.561615 2.108290
v -0.638167 3.561615 2.108290
v -0.896587 3.650038 2.240624
v -0.638167 3.650038 2.240624
v -0.896587 3.782373 2.329047
v -0.638167 3.782373 2.329047
v -0.896587 3.938473 2.360097
v -0.638167 3.938473 2.360097
v -0.896587 4.094572 2.329047
v -0.638167 4.094572 2.329047
v -0.896587 4.226906 2.240624
v -0.638167 4.226906 2.240624
v -0.896587 4.315330 2.108290
v -0.638167 4.315330 2.108290
v -0.896587 4.346380 1.952190
v -0.638167 4.346380 1.952190
v -0.896587 4.315330 1.796091
v -0.638167 4.315330 1.796091
v -0.896587 4.226906 1.663756
v -0.638167 4.226906 1.663756
v -0.896587 4.094572 1.575333
v -0.638167 4.094572 1.575333
vn -0.0000 -0.1951 -0.9808
vn -0.0000 -0.5556 -0.8315
vn -0.0000 -0.8315 -0.5556
vn -0.0000 -0.9808 -0.1951
vn -0.0000 -0.9808 0.1951
vn -0.0000 -0.8315 0.5556
vn -0.0000 -0.5556 0.8315
vn -0.0000 -0.1951 0.9808
vn -0.0000 0.1951 0.9808
vn -0.0000 0.5556 0.8315
vn -0.0000 0.8315 0.5556
vn -0.0000 0.9808 0.1951
vn -0.0000 0.9808 -0.1951
vn -0.0000 0.8315 -0.5556
vn 1.0000 -0.0000 -0.0000
vn -0.0000 0.5556 -0.8315
vn -0.0000 0.1951 -0.9808
vn -1.0000 -0.0000 -0.0000
vt 1.000000 0.500000
vt 1.000000 1.000000
vt 0.937500 1.000000
vt 0.937500 0.500000
vt 0.875000 1.000000
vt 0.875000 0.500000
vt 0.812500 1.000000
vt 0.812500 0.500000
vt 0.750000 1.000000
vt 0.750000 0.500000
vt 0.687500 1.000000
vt 0.687500 0.500000
vt 0.625000 1.000000
vt 0.625000 0.500000
vt 0.562500 1.000000
vt 0.562500 0.500000
vt 0.500000 1.000000
vt 0.500000 0.500000
vt 0.437500 1.000000
vt 0.437500 0.500000
vt 0.375000 1.000000
vt 0.375000 0.500000
vt 0.312500 1.000000
vt 0.312500 0.500000
vt 0.250000 1.000000
vt 0.250000 0.500000
vt 0.187500 1.000000
vt 0.187500 0.500000
vt 0.125000 1.000000
vt 0.125000 0.500000
vt 0.341844 0.471731
vt 0.250000 0.490000
vt 0.158156 0.471731
vt 0.080294 0.419706
vt 0.028269 0.341844
vt 0.010000 0.250000
vt 0.028269 0.158156
vt 0.080294 0.080294
vt 0.158156 0.028269
vt 0.250000 0.010000
vt 0.341844 0.028269
vt 0.419706 0.080294
vt 0.471731 0.158156
vt 0.490000 0.250000
vt 0.471731 0.341844
vt 0.419706 0.419706
vt 0.062500 1.000000
vt 0.062500 0.500000
vt 0.000000 1.000000
vt 0.000000 0.500000
vt 0.750000 0.490000
vt 0.841844 0.471731
vt 0.919706 0.419706
vt 0.971731 0.341844
vt 0.990000 0.250000
vt 0.971731 0.158156
vt 0.919706 0.080294
vt 0.841844 0.028269
vt 0.750000 0.010000
vt 0.658156 0.028269
vt 0.580294 0.080294
vt 0.528269 0.158156
vt 0.510000 0.250000
vt 0.528269 0.341844
vt 0.580294 0.419706
vt 0.658156 0.471731
s 0
f 625/339/317 626/340/317 628/341/317 627/342/317
f 627/342/318 628/341/318 630/343/318 629/344/318
f 629/344/319 630/343/319 632/345/319 631/346/319
f 631/346/320 632/345/320 634/347/320 633/348/320
f 633/348/321 634/347/321 636/349/321 635/350/321
f 635/350/322 636/349/322 638/351/322 637/352/322
f 637/352/323 638/351/323 640/353/323 639/354/323
f 639/354/324 640/353/324 642/355/324 641/356/324
f 641/356/325 642/355/325 644/357/325 643/358/325
f 643/358/326 644/357/326 646/359/326 645/360/326
f 645/360/327 646/359/327 648/361/327 647/362/327
f 647/362/328 648/361/328 650/363/328 649/364/328
f 649/364/329 650/363/329 652/365/329 651/366/329
f 651/366/330 652/365/330 654/367/330 653/368/330
f 628/369/331 626/370/331 656/371/331 654/372/331 652/373/331 650/374/331 648/375/331 646/376/331 644/377/331 642/378/331 640/379/331 638/380/331 636/381/331 634/382/331 632/383/331 630/384/331
f 653/368/332 654/367/332 656/385/332 655/386/332
f 655/386/333 656/385/333 626/387/333 625/388/333
f 625/389/334 627/390/334 629/391/334 631/392/334 633/393/334 635/394/334 637/395/334 639/396/334 641/397/334 643/398/334 645/399/334 647/400/334 649/401/334 651/402/334 653/403/334 655/404/334
o Cylinder.006
v 0.638335 3.937967 -2.390911
v 0.896755 3.937967 -2.390911
v 0.638335 3.781868 -2.359861
v 0.896755 3.781868 -2.359861
v 0.638335 3.649533 -2.271438
v 0.896755 3.649533 -2.271438
v 0.638335 3.561110 -2.139103
v 0.896755 3.561110 -2.139103
v 0.638335 3.530060 -1.983004
v 0.896755 3.530060 -1.983004
v 0.638335 3.561110 -1.826905
v 0.896755 3.561110 -1.826905
v 0.638335 3.649533 -1.694570
v 0.896755 3.649533 -1.694570
v 0.638335 3.781868 -1.606147
v 0.896755 3.781868 -1.606147
v 0.638335 3.937967 -1.575097
v 0.896755 3.937967 -1.575097
v 0.638335 4.094066 -1.606147
v 0.896755 4.094066 -1.606147
v 0.638335 4.226401 -1.694570
v 0.896755 4.226401 -1.694570
v 0.638335 4.314824 -1.826905
v 0.896755 4.314824 -1.826905
v 0.638335 4.345874 -1.983004
v 0.896755 4.345874 -1.983004
v 0.638335 4.314824 -2.139103
v 0.896755 4.314824 -2.139103
v 0.638335 4.226401 -2.271438
v 0.896755 4.226401 -2.271438
v 0.638335 4.094066 -2.359861
v 0.896755 4.094066 -2.359861
vn -0.0000 -0.1951 -0.9808
vn -0.0000 -0.5556 -0.8315
vn -0.0000 -0.8315 -0.5556
vn -0.0000 -0.9808 -0.1951
vn -0.0000 -0.9808 0.1951
vn -0.0000 -0.8315 0.5556
vn -0.0000 -0.5556 0.8315
vn -0.0000 -0.1951 0.9808
vn -0.0000 0.1951 0.9808
vn -0.0000 0.5556 0.8315
vn -0.0000 0.8315 0.5556
vn -0.0000 0.9808 0.1951
vn -0.0000 0.9808 -0.1951
vn -0.0000 0.8315 -0.5556
vn 1.0000 -0.0000 -0.0000
vn -0.0000 0.5556 -0.8315
vn -0.0000 0.1951 -0.9808
vn -1.0000 -0.0000 -0.0000
vt 1.000000 0.500000
vt 1.000000 1.000000
vt 0.937500 1.000000
vt 0.937500 0.500000
vt 0.875000 1.000000
vt 0.875000 0.500000
vt 0.812500 1.000000
vt 0.812500 0.500000
vt 0.750000 1.000000
vt 0.750000 0.500000
vt 0.687500 1.000000
vt 0.687500 0.500000
vt 0.625000 1.000000
vt 0.625000 0.500000
vt 0.562500 1.000000
vt 0.562500 0.500000
vt 0.500000 1.000000
vt 0.500000 0.500000
vt 0.437500 1.000000
vt 0.437500 0.500000
vt 0.375000 1.000000
vt 0.375000 0.500000
vt 0.312500 1.000000
vt 0.312500 0.500000
vt 0.250000 1.000000
vt 0.250000 0.500000
vt 0.187500 1.000000
vt 0.187500 0.500000
vt 0.125000 1.000000
vt 0.125000 0.500000
vt 0.341844 0.471731
vt 0.250000 0.490000
vt 0.158156 0.471731
vt 0.080294 0.419706
vt 0.028269 0.341844
vt 0.010000 0.250000
vt 0.028269 0.158156
vt 0.080294 0.080294
vt 0.158156 0.028269
vt 0.250000 0.010000
vt 0.341844 0.028269
vt 0.419706 0.080294
vt 0.471731 0.158156
vt 0.490000 0.250000
vt 0.471731 0.341844
vt 0.419706 0.419706
vt 0.062500 1.000000
vt 0.062500 0.500000
vt 0.000000 1.000000
vt 0.000000 0.500000
vt 0.750000 0.490000
vt 0.841844 0.471731
vt 0.919706 0.419706
vt 0.971731 0.341844
vt 0.990000 0.250000
vt 0.971731 0.158156
vt 0.919706 0.080294
vt 0.841844 0.028269
vt 0.750000 0.010000
vt 0.658156 0.028269
vt 0.580294 0.080294
vt 0.528269 0.158156
vt 0.510000 0.250000
vt 0.528269 0.341844
vt 0.580294 0.419706
vt 0.658156 0.471731
s 0
f 657/405/335 658/406/335 660/407/335 659/408/335
f 659/408/336 660/407/336 662/409/336 661/410/336
f 661/410/337 662/409/337 664/411/337 663/412/337
f 663/412/338 664/411/338 666/413/338 665/414/338
f 665/414/339 666/413/339 668/415/339 667/416/339
f 667/416/340 668/415/340 670/417/340 669/418/340
f 669/418/341 670/417/341 672/419/341 671/420/341
f 671/420/342 672/419/342 674/421/342 673/422/342
f 673/422/343 674/421/343 676/423/343 675/424/343
f 675/424/344 676/423/344 678/425/344 677/426/344
f 677/426/345 678/425/345 680/427/345 679/428/345
f 679/428/346 680/427/346 682/429/346 681/430/346
f 681/430/347 682/429/347 684/431/347 683/432/347
f 683/432/348 684/431/348 686/433/348 685/434/348
f 660/435/349 658/436/349 688/437/349 686/438/349 684/439/349 682/440/349 680/441/349 678/442/349 676/443/349 674/444/349 672/445/349 670/446/349 668/447/349 666/448/349 664/449/349 662/450/349
f 685/434/350 686/433/350 688/451/350 687/452/350
f 687/452/351 688/451/351 658/453/351 657/454/351
f 657/455/352 659/456/352 661/457/352 663/458/352 665/459/352 667/460/352 669/461/352 671/462/352 673/463/352 675/464/352 677/465/352 679/466/352 681/467/352 683/468/352 685/469/352 687/470/352
o Cylinder.007
v -0.896587 3.938473 -2.390911
v -0.638167 3.938473 -2.390911
v -0.896587 3.782373 -2.359861
v -0.638167 3.782373 -2.359861
v -0.896587 3.650038 -2.271438
v -0.638167 3.650038 -2.271438
v -0.896587 3.561615 -2.139103
v -0.638167 3.561615 -2.139103
v -0.896587 3.530565 -1.983004
v -0.638167 3.530565 -1.983004
v -0.896587 3.561615 -1.826905
v -0.638167 3.561615 -1.826905
v -0.896587 3.650038 -1.694570
v -0.638167 3.650038 -1.694570
v -0.896587 3.782373 -1.606147
v -0.638167 3.782373 -1.606147
v -0.896587 3.938473 -1.575097
v -0.638167 3.938473 -1.575097
v -0.896587 4.094572 -1.606147
v -0.638167 4.094572 -1.606147
v -0.896587 4.226906 -1.694570
v -0.638167 4.226906 -1.694570
v -0.896587 4.315330 -1.826905
v -0.638167 4.315330 -1.826905
v -0.896587 4.346380 -1.983004
v -0.638167 4.346380 -1.983004
v -0.896587 4.315330 -2.139103
v -0.638167 4.315330 -2.139103
v -0.896587 4.226906 -2.271438
v -0.638167 4.226906 -2.271438
v -0.896587 4.094572 -2.359861
v -0.638167 4.094572 -2.359861
vn -0.0000 -0.1951 -0.9808
vn -0.0000 -0.5556 -0.8315
vn -0.0000 -0.8315 -0.5556
vn -0.0000 -0.9808 -0.1951
vn -0.0000 -0.9808 0.1951
vn -0.0000 -0.8315 0.5556
vn -0.0000 -0.5556 0.8315
vn -0.0000 -0.1951 0.9808
vn -0.0000 0.1951 0.9808
vn -0.0000 0.5556 0.8315
vn -0.0000 0.8315 0.5556
vn -0.0000 0.9808 0.1951
vn -0.0000 0.9808 -0.1951
vn -0.0000 0.8315 -0.5556
vn 1.0000 -0.0000 -0.0000
vn -0.0000 0.5556 -0.8315
vn -0.0000 0.1951 -0.9808
vn -1.0000 -0.0000 -0.0000
vt 1.000000 0.500000
vt 1.000000 1.000000
vt 0.937500 1.000000
vt 0.937500 0.500000
vt 0.875000 1.000000
vt 0.875000 0.500000
vt 0.812500 1.000000
vt 0.812500 0.500000
vt 0.750000 1.000000
vt 0.750000 0.500000
vt 0.687500 1.000000
vt 0.687500 0.500000
vt 0.625000 1.000000
vt 0.625000 0.500000
vt 0.562500 1.000000
vt 0.562500 0.500000
vt 0.500000 1.000000
vt 0.500000 0.500000
vt 0.437500 1.000000
vt 0.437500 0.500000
vt 0.375000 1.000000
vt 0.375000 0.500000
vt 0.312500 1.000000
vt 0.312500 0.500000
vt 0.250000 1.000000
vt 0.250000 0.500000
vt 0.187500 1.000000
vt 0.187500 0.500000
vt 0.125000 1.000000
vt 0.125000 0.500000
vt 0.341844 0.471731
vt 0.250000 0.490000
vt 0.158156 0.471731
vt 0.080294 0.419706
vt 0.028269 0.341844
vt 0.010000 0.250000
vt 0.028269 0.158156
vt 0.080294 0.080294
vt 0.158156 0.028269
vt 0.250000 0.010000
vt 0.341844 0.028269
vt 0.419706 0.080294
vt 0.471731 0.158156
vt 0.490000 0.250000
vt 0.471731 0.341844
vt 0.419706 0.419706
vt 0.062500 1.000000
vt 0.062500 0.500000
vt 0.000000 1.000000
vt 0.000000 0.500000
vt 0.750000 0.490000
vt 0.841844 0.471731
vt 0.919706 0.419706
vt 0.971731 0.341844
vt 0.990000 0.250000
vt 0.971731 0.158156
vt 0.919706 0.080294
vt 0.841844 0.028269
vt 0.750000 0.010000
vt 0.658156 0.028269
vt 0.580294 0.080294
vt 0.528269 0.158156
vt 0.510000 0.250000
vt 0.528269 0.341844
vt 0.580294 0.419706
vt 0.658156 0.471731
s 0
f 689/471/353 690/472/353 692/473/353 691/474/353
f 691/474/354 692/473/354 694/475/354 693/476/354
f 693/476/355 694/475/355 696/477/355 695/478/355
f 695/478/356 696/477/356 698/479/356 697/480/356
f 697/480/357 698/479/357 700/481/357 699/482/357
f 699/482/358 700/481/358 702/483/358 701/484/358
f 701/484/359 702/483/359 704/485/359 703/486/359
f 703/486/360 704/485/360 706/487/360 705/488/360
f 705/488/361 706/487/361 708/489/361 707/490/361
f 707/490/362 708/489/362 710/491/362 709/492/362
f 709/492/363 710/491/363 712/493/363 711/494/363
f 711/494/364 712/493/364 714/495/364 713/496/364
f 713/496/365 714/495/365 716/497/365 715/498/365
f 715/498/366 716/497/366 718/499/366 717/500/366
f 692/501/367 690/502/367 720/503/367 718/504/367 716/505/367 714/506/367 712/507/367 710/508/367 708/509/367 706/510/367 704/511/367 702/512/367 700/513/367 698/514/367 696/515/367 694/516/367
f 717/500/368 718/499/368 720/517/368 719/518/368
f 719/518/369 720/517/369 690/519/369 689/520/369
f 689/521/370 691/522/370 693/523/370 695/524/370 697/525/370 699/526/370 701/527/370 703/528/370 705/529/370 707/530/370 709/531/370 711/532/370 713/533/370 715/534/370 717/535/370 719/536/370
o Cube.001
v 0.897313 4.435341 1.375848
v 0.897313 6.123899 1.492707
v 0.897313 4.431677 0.749405
v 0.897313 6.123899 0.767725
v 0.965752 4.435341 1.375848
v 0.962852 6.123899 1.492707
v 0.965752 4.431677 0.749405
v 0.962852 6.123899 0.767725
v 0.897313 4.771349 1.490587
v 0.897313 4.748025 0.749405
v 0.962852 4.748025 0.749405
v 0.962852 4.771349 1.490587
v 0.962613 5.449717 0.868946
v 0.962613 5.449717 0.825767
v 0.962613 5.367771 0.824676
v 0.962613 5.369160 0.868820
v 0.975591 5.449717 0.825767
v 0.975591 5.449717 0.868946
v 0.975591 5.367771 0.824676
v 0.975591 5.369160 0.868820
v 0.987860 5.449717 0.825767
v 0.987860 5.449717 0.868946
v 0.987860 5.367771 0.824676
v 0.987860 5.369160 0.868820
v 0.972657 5.261889 0.828008
v 0.972657 5.263278 0.872152
v 0.984926 5.261889 0.828008
v 0.984926 5.263278 0.872152
vn -1.0000 -0.0000 -0.0000
vn -0.0000 0.0133 -0.9999
vn 1.0000 -0.0000 -0.0000
vn -0.0000 -0.0016 1.0000
vn -0.0000 -1.0000 0.0058
vn -0.0000 1.0000 -0.0000
vn -0.0000 -0.3232 0.9463
vn 1.0000 0.0089 -0.0002
vn -0.0000 -0.0000 -1.0000
vn -0.0000 -0.9995 0.0315
vn -0.0000 -0.0315 -0.9995
vn 0.9996 -0.0277 0.0009
vn -0.9996 0.0277 -0.0009
vn -0.0000 0.0315 0.9995
vt 0.420852 0.000000
vt 0.625000 0.000000
vt 0.625000 0.250000
vt 0.420852 0.250000
vt 0.625000 0.500000
vt 0.420852 0.500000
vt 0.625000 0.750000
vt 0.420852 0.750000
vt 0.625000 1.000000
vt 0.420852 1.000000
vt 0.125000 0.500000
vt 0.375000 0.500000
vt 0.375000 0.750000
vt 0.125000 0.750000
vt 0.875000 0.500000
vt 0.875000 0.750000
vt 0.375000 1.000000
vt 0.375000 0.250000
vt 0.375000 0.000000
s 0
f 729/537/371 722/538/371 724/539/371 730/540/371
f 730/540/372 724/539/372 728/541/372 731/542/372
f 731/542/373 728/541/373 726/543/373 732/544/373
f 732/544/374 726/543/374 722/545/374 729/546/374
f 723/547/375 727/548/375 725/549/375 721/550/375
f 728/541/376 724/551/376 722/552/376 726/543/376
f 725/549/377 732/544/377 729/546/377 721/553/377
f 727/548/378 731/542/378 732/544/378 725/549/378
f 723/554/379 730/540/379 731/542/379 727/548/379
f 721/555/371 729/537/371 730/540/371 723/554/371
f 735/542/371 736/544/371 733/543/371 734/541/371
f 738/543/374 740/544/374 744/544/374 742/543/374
f 736/544/380 735/542/380 739/542/380 740/544/380
f 735/542/372 734/541/372 737/541/372 739/542/372
f 733/543/374 736/544/374 740/544/374 738/543/374
f 734/541/376 733/543/376 738/543/376 737/541/376
f 743/542/373 741/541/373 742/543/373 744/544/373
f 737/541/376 738/543/376 742/543/376 741/541/376
f 739/542/381 743/542/381 747/542/381 745/542/381
f 739/542/372 737/541/372 741/541/372 743/542/372
f 746/544/380 745/542/380 747/542/380 748/544/380
f 743/542/382 744/544/382 748/544/382 747/542/382
f 740/544/383 739/542/383 745/542/383 746/544/383
f 744/544/384 740/544/384 746/544/384 748/544/384
o Cube.005
v -0.935290 4.451073 -0.614125
v -0.935290 5.736525 -0.614125
v -0.935290 4.451073 -2.083842
v -0.935290 5.736525 -2.083842
v -0.859288 4.451073 -0.614125
v -0.859288 5.736525 -0.614125
v -0.859288 4.451073 -2.083842
v -0.859288 5.736525 -2.083842
v -0.859288 4.575210 -0.618407
v -0.859288 4.603695 -0.618407
v -0.859288 4.575210 -2.079568
v -0.859288 4.603695 -2.079568
v -0.634285 4.603695 -2.079568
v -0.634285 4.575210 -2.079568
v -0.634285 4.575210 -0.618407
v -0.634285 4.603695 -0.618407
v -0.859288 4.910206 -0.618407
v -0.859288 4.940548 -0.618407
v -0.859288 4.910206 -2.079568
v -0.859288 4.940548 -2.079568
v -0.634285 4.940548 -2.079568
v -0.634285 4.910206 -2.079568
v -0.634285 4.910206 -0.618407
v -0.634285 4.940548 -0.618407
v -0.859288 5.206703 -0.618407
v -0.859288 5.233832 -0.618407
v -0.859288 5.206703 -2.079568
v -0.859288 5.233832 -2.079568
v -0.634285 5.233832 -2.079568
v -0.634285 5.206703 -2.079568
v -0.634285 5.206703 -0.618407
v -0.634285 5.233832 -0.618407
v -0.859288 5.540145 -0.618407
v -0.859288 5.567708 -0.618407
v -0.859288 5.540145 -2.079568
v -0.859288 5.567708 -2.079568
v -0.634285 5.567708 -2.079568
v -0.634285 5.540145 -2.079568
v -0.634285 5.540145 -0.618407
v -0.634285 5.567708 -0.618407
v -0.935290 5.763075 -0.614125
v -0.935290 5.763075 -2.083842
v -0.859288 5.763075 -2.083842
v -0.859288 5.763075 -0.614125
v -0.633637 5.736525 -2.083842
v -0.633637 5.736525 -0.614125
v -0.633637 5.763075 -2.083842
v -0.633637 5.763075 -0.614125
vn -0.0000 -0.0000 -1.0000
vn 1.0000 -0.0000 -0.0000
vn -0.0000 -0.0000 1.0000
vn -1.0000 -0.0000 -0.0000
vn -0.0000 1.0000 -0.0000
vn -0.0000 -1.0000 -0.0000
vt 0.375000 0.250000
vt 0.625000 0.250000
vt 0.625000 0.500000
vt 0.375000 0.500000
vt 0.625000 0.750000
vt 0.375000 0.750000
vt 0.625000 1.000000
vt 0.375000 1.000000
vt 0.000000 0.000000
vt 0.875000 0.500000
vt 0.875000 0.750000
s 0
f 751/556/385 752/557/385 756/558/385 755/559/385
f 755/559/386 756/558/386 754/560/386 753/561/386
f 753/561/387 754/560/387 750/562/387 749/563/387
f 752/564/388 750/564/388 789/564/388 790/564/388
f 770/559/386 769/558/386 772/560/386 771/561/386
f 762/559/386 761/558/386 764/560/386 763/561/386
f 760/558/389 758/560/389 764/560/389 761/558/389
f 759/559/385 760/558/385 761/558/385 762/559/385
f 758/560/387 757/561/387 763/561/387 764/560/387
f 768/558/389 766/560/389 772/560/389 769/558/389
f 767/559/385 768/558/385 769/558/385 770/559/385
f 766/560/387 765/561/387 771/561/387 772/560/387
f 778/559/386 777/558/386 780/560/386 779/561/386
f 776/558/389 774/560/389 780/560/389 777/558/389
f 775/559/385 776/558/385 777/558/385 778/559/385
f 774/560/387 773/561/387 779/561/387 780/560/387
f 786/559/386 785/558/386 788/560/386 787/561/386
f 784/558/389 782/560/389 788/560/389 785/558/389
f 783/559/385 784/558/385 785/558/385 786/559/385
f 782/560/387 781/561/387 787/561/387 788/560/387
f 771/561/390 765/561/390 767/559/390 770/559/390
f 779/561/390 773/561/390 775/559/390 778/559/390
f 787/561/390 781/561/390 783/559/390 786/559/390
f 791/558/389 790/565/389 789/566/389 792/560/389
f 750/562/387 754/560/387 792/560/387 789/562/387
f 756/558/385 752/557/385 790/557/385 791/558/385
f 756/558/385 791/558/385 795/558/385 793/558/385
f 794/560/386 793/558/386 795/558/386 796/560/386
f 792/560/387 754/560/387 794/560/387 796/560/387
f 754/560/390 756/558/390 793/558/390 794/560/390
f 791/558/389 792/560/389 796/560/389 795/558/389
o Cube.006
v -0.556295 4.228905 -3.992092
v -0.554175 4.862367 -3.992092
v -0.556295 4.228905 -4.062371
v -0.554175 4.862367 -4.062371
v 0.547892 4.228905 -3.992092
v 0.550012 4.862367 -3.992092
v 0.547892 4.228905 -4.062371
v 0.550012 4.862367 -4.062371
v 0.064958 4.327465 -4.061687
v 0.065058 4.376771 -4.061687
v 0.116996 4.327465 -4.061687
v 0.117096 4.376771 -4.061687
v 0.065058 4.376771 -4.081491
v 0.064958 4.327465 -4.081491
v 0.116996 4.327465 -4.081491
v 0.117096 4.376771 -4.081491
v 0.065058 4.376771 -4.099284
v 0.064958 4.327465 -4.099284
v 0.116996 4.327465 -4.099284
v 0.117096 4.376771 -4.099284
v -0.028050 4.377142 -4.081491
v -0.028150 4.327836 -4.081491
v -0.028050 4.377142 -4.099284
v -0.028150 4.327836 -4.099284
v -0.080007 4.327465 -4.061687
v -0.079907 4.376771 -4.061687
v -0.027969 4.327465 -4.061687
v -0.027869 4.376771 -4.061687
v -0.079907 4.376771 -4.081491
v -0.080007 4.327465 -4.081491
v -0.027969 4.327465 -4.081491
v -0.027869 4.376771 -4.081491
v -0.079907 4.376771 -4.099284
v -0.080007 4.327465 -4.099284
v -0.027969 4.327465 -4.099284
v -0.027869 4.376771 -4.099284
vn -1.0000 0.0033 -0.0000
vn -0.0000 -0.0000 -1.0000
vn 1.0000 -0.0033 -0.0000
vn -0.0000 -0.0000 1.0000
vn -0.0000 -1.0000 -0.0000
vn -0.0000 1.0000 -0.0000
vn 1.0000 -0.0020 -0.0000
vn -1.0000 0.0020 -0.0000
vn -0.0040 -1.0000 -0.0000
vn 0.0040 1.0000 -0.0000
vt 0.375000 0.000000
vt 0.625000 0.000000
vt 0.625000 0.250000
vt 0.375000 0.250000
vt 0.625000 0.500000
vt 0.375000 0.500000
vt 0.625000 0.750000
vt 0.375000 0.750000
vt 0.625000 1.000000
vt 0.375000 1.000000
vt 0.125000 0.500000
vt 0.125000 0.750000
vt 0.875000 0.500000
vt 0.875000 0.750000
s 0
f 797/567/391 798/568/391 800/569/391 799/570/391
f 799/570/392 800/569/392 804/571/392 803/572/392
f 803/572/393 804/571/393 802/573/393 801/574/393
f 801/574/394 802/573/394 798/575/394 797/576/394
f 799/577/395 803/572/395 801/574/395 797/578/395
f 804/571/396 800/579/396 798/580/396 802/573/396
f 812/571/397 811/572/397 815/572/397 816/571/397
f 808/571/397 807/572/397 811/572/397 812/571/397
f 807/572/395 805/570/395 810/570/395 811/572/395
f 806/569/396 808/571/396 812/571/396 809/569/396
f 805/570/398 806/569/398 809/569/398 810/570/398
f 814/570/392 813/569/392 816/571/392 815/572/392
f 811/572/395 810/570/395 814/570/395 815/572/395
f 809/569/396 812/571/396 816/571/396 813/569/396
f 814/570/399 810/570/399 818/570/399 820/570/399
f 818/570/398 817/569/398 819/569/398 820/570/398
f 813/569/392 814/570/392 820/570/392 819/569/392
f 809/569/400 813/569/400 819/569/400 817/569/400
f 810/570/394 809/569/394 817/569/394 818/570/394
f 824/571/397 823/572/397 827/572/397 828/571/397
f 823/572/395 821/570/395 826/570/395 827/572/395
f 822/569/396 824/571/396 828/571/396 825/569/396
f 821/570/398 822/569/398 825/569/398 826/570/398
f 830/570/392 829/569/392 832/571/392 831/572/392
f 827/572/395 826/570/395 830/570/395 831/572/395
f 825/569/396 828/571/396 832/571/396 829/569/396
f 826/570/398 825/569/398 829/569/398 830/570/398
o Plane
v -1.000803 4.449387 2.148628
v 0.999197 4.449387 2.148628
v -1.000803 4.449387 -2.507510
v 0.999197 4.449387 -2.507510
v -0.995273 4.671010 -2.558002
v 0.920499 4.671010 -2.558002
v -0.976566 4.876337 -2.638010
v 0.882485 4.876337 -2.638010
v -0.970190 4.891104 -4.051847
v 0.944246 4.891104 -4.051847
v -0.941924 4.999298 2.103667
v 0.962771 4.997424 2.114788
vn -0.0000 1.0000 -0.0000
vn -0.0000 0.2221 0.9750
vn -0.0000 0.3631 0.9318
vn -0.0000 0.9999 0.0104
vn 0.0028 -0.0716 -0.9974
vt 0.000000 0.000000
vt 1.000000 0.000000
vt 1.000000 1.000000
vt 0.000000 1.000000
s 0
f 833/581/401 834/582/401 836/583/401 835/584/401
f 835/584/402 836/583/402 838/583/402 837/584/402
f 837/584/403 838/583/403 840/583/403 839/584/403
f 839/584/404 840/583/404 842/583/404 841/584/404
f 834/582/405 833/581/405 843/581/405 844/582/405
o Cube.007
v 0.743697 5.050784 1.338449
v 0.559635 5.354990 1.338449
v 0.743697 5.050784 1.480966
v 0.559635 5.354990 1.480966
v 0.440664 5.047839 1.338449
v 0.440664 5.380022 1.338449
v 0.440664 5.047839 1.480966
v 0.440664 5.380022 1.480966
v 0.614117 5.213194 1.338449
v 0.614117 5.213194 1.480966
v 0.440664 5.213930 1.480966
v 0.440664 5.213930 1.338449
v 0.780452 4.800500 1.496978
v 0.780452 4.800500 1.322438
v 0.440664 4.796894 1.496978
v 0.440664 4.796894 1.322438
v 0.783238 4.538006 1.496978
v 0.783238 4.538006 1.322438
v 0.440664 4.534400 1.496978
v 0.440664 4.534400 1.322438
v 0.784224 4.444364 1.496978
v 0.784224 4.444364 1.322438
v 0.440664 4.440757 1.496978
v 0.440664 4.440757 1.322438
v 0.440663 4.529162 1.953336
v 0.751396 4.532350 1.953336
v 0.440663 4.446414 1.953336
v 0.752150 4.449601 1.953336
v 0.137631 5.050784 1.338449
v 0.321692 5.354990 1.338449
v 0.137631 5.050784 1.480966
v 0.321692 5.354990 1.480966
v 0.267210 5.213194 1.338449
v 0.267210 5.213194 1.480966
v 0.100875 4.800500 1.496978
v 0.100875 4.800500 1.322438
v 0.098089 4.538006 1.496978
v 0.098089 4.538006 1.322438
v 0.097103 4.444364 1.496978
v 0.097103 4.444364 1.322438
v 0.129931 4.532350 1.953336
v 0.129177 4.449601 1.953336
vn -0.0000 -0.0000 -1.0000
vn 0.9335 0.3587 -0.0000
vn -1.0000 -0.0000 -0.0000
vn 0.2059 0.9786 -0.0000
vn -0.0006 0.0637 -0.9980
vn -0.0000 -0.0000 1.0000
vn 0.7817 0.6237 -0.0000
vn 0.9894 0.1453 -0.0000
vn -0.0006 0.0637 0.9980
vn 0.9999 0.0106 -0.0000
vn 0.0105 -0.9999 -0.0000
vn 0.0104 -0.9999 0.0123
vn -0.0104 0.9999 0.0116
vn 0.9987 0.0100 0.0497
vn -0.9335 0.3587 -0.0000
vn -0.2059 0.9786 -0.0000
vn 0.0006 0.0637 -0.9980
vn -0.7817 0.6237 -0.0000
vn -0.9894 0.1453 -0.0000
vn 0.0006 0.0637 0.9980
vn -0.9999 0.0106 -0.0000
vn -0.0105 -0.9999 -0.0000
vn -0.0104 -0.9999 0.0123
vn 0.0104 0.9999 0.0116
vn -0.9987 0.0100 0.0497
vt 0.500000 0.125000
vt 0.625000 0.125000
vt 0.625000 0.250000
vt 0.500000 0.250000
vt 0.625000 0.500000
vt 0.500000 0.500000
vt 0.375000 0.375000
vt 0.125000 0.625000
vt 0.375000 0.625000
vt 0.500000 0.625000
vt 0.875000 0.500000
vt 0.875000 0.625000
vt 0.625000 0.625000
vt 0.375000 0.125000
vt 0.375000 0.250000
vt 0.375000 0.500000
vt 0.125000 0.500000
s 0
f 856/585/406 850/586/406 846/587/406 853/588/406
f 853/588/407 846/587/407 848/589/407 854/590/407
f 856/591/408 849/592/408 851/593/408 855/594/408
f 848/589/409 846/595/409 850/596/409 852/597/409
f 849/598/410 845/599/410 858/599/410 860/598/410
f 854/590/411 848/589/411 852/597/411 855/594/411
f 847/600/411 854/590/411 855/594/411 851/593/411
f 850/586/408 856/591/408 855/594/408 852/597/408
f 845/599/412 853/588/412 854/590/412 847/600/412
f 849/598/406 856/585/406 853/588/406 845/599/406
f 860/598/406 858/599/406 862/599/406 864/598/406
f 845/599/413 847/600/413 857/600/413 858/599/413
f 851/593/408 849/592/408 860/592/408 859/593/408
f 847/600/414 851/593/414 859/593/414 857/600/414
f 864/598/406 862/599/406 866/599/406 868/598/406
f 858/599/415 857/600/415 861/600/415 862/599/415
f 859/593/408 860/592/408 864/592/408 863/593/408
f 857/600/411 859/593/411 863/593/411 861/600/411
f 866/601/416 865/600/416 867/593/416 868/592/416
f 863/593/408 864/592/408 868/592/408 867/593/408
f 863/593/408 867/593/408 871/593/408 869/593/408
f 870/600/411 869/593/411 871/593/411 872/600/411
f 867/593/417 865/600/417 872/600/417 871/593/417
f 861/600/418 863/593/418 869/593/418 870/600/418
f 861/600/419 870/600/419 872/600/419 865/600/419 866/599/419 862/599/419
f 856/585/406 877/588/406 874/587/406 850/586/406
f 877/588/420 878/590/420 876/589/420 874/587/420
f 876/589/421 852/597/421 850/596/421 874/595/421
f 849/598/422 860/598/422 880/599/422 873/599/422
f 878/590/411 855/594/411 852/597/411 876/589/411
f 875/600/411 851/593/411 855/594/411 878/590/411
f 873/599/423 875/600/423 878/590/423 877/588/423
f 849/598/406 873/599/406 877/588/406 856/585/406
f 860/598/406 864/598/406 882/599/406 880/599/406
f 873/599/424 880/599/424 879/600/424 875/600/424
f 875/600/425 879/600/425 859/593/425 851/593/425
f 864/598/406 868/598/406 884/599/406 882/599/406
f 880/599/426 882/599/426 881/600/426 879/600/426
f 879/600/411 881/600/411 863/593/411 859/593/411
f 884/601/427 868/592/427 867/593/427 883/600/427
f 885/600/411 886/600/411 871/593/411 869/593/411
f 867/593/428 871/593/428 886/600/428 883/600/428
f 881/600/429 885/600/429 869/593/429 863/593/429
f 881/600/430 882/599/430 884/599/430 883/600/430 886/600/430 885/600/430
o Cube.008
v 0.842411 5.138356 2.033587
v 0.816220 5.210879 2.033587
v 0.095324 5.138356 2.033587
v 0.124971 5.216057 2.033587
v 0.842411 5.138356 1.932133
v 0.816220 5.210879 1.932133
v 0.095324 5.138356 1.932133
v 0.124971 5.216057 1.932133
v 0.065666 5.039966 2.033587
v 0.875524 5.039966 2.033587
v 0.875524 5.039966 1.932133
v 0.069470 4.900600 2.124379
v 0.879098 4.919346 2.129056
v 0.070822 4.865993 2.029019
v 0.880450 4.884740 2.033696
vn -0.0000 -0.0000 1.0000
vn -0.9343 0.3565 -0.0000
vn -0.0127 -0.2892 -0.9572
vn 0.9405 0.3397 -0.0000
vn 0.9478 0.3190 -0.0000
vn 0.0075 1.0000 -0.0000
vn 0.9995 0.0317 0.0013
vn 0.0198 -0.9397 0.3413
vn -0.0091 0.5822 0.8130
vn -0.9907 0.0475 -0.1274
vt 0.375000 0.000000
vt 0.625000 0.000000
vt 0.625000 0.250000
vt 0.375000 0.250000
vt 0.625000 0.500000
vt 0.375000 0.500000
vt 0.375000 0.750000
vt 0.625000 0.750000
vt 0.625000 1.000000
vt 0.375000 1.000000
vt 0.875000 0.500000
vt 0.875000 0.750000
vt 0.125000 0.500000
vt 0.125000 0.750000
s 0
f 887/602/431 888/603/431 890/604/431 889/605/431
f 889/605/432 890/604/432 894/606/432 893/607/432
f 891/608/433 897/608/433 901/608/433 900/607/433 893/607/433 894/606/433 892/609/433
f 891/608/434 892/609/434 888/610/434 887/611/434
f 891/608/435 887/611/435 896/611/435 897/608/435
f 894/606/436 890/612/436 888/613/436 892/609/436
f 897/608/437 896/611/437 899/611/437 901/608/437
f 887/602/431 889/605/431 895/605/431 896/602/431
f 898/614/438 900/607/438 901/608/438 899/615/438
f 896/602/439 895/605/439 898/605/439 899/602/439
f 893/607/440 900/607/440 898/605/440 895/605/440 889/605/440
o Cube.011
v -0.186203 5.050784 1.338449
v -0.370264 5.354990 1.338449
v -0.186203 5.050784 1.480966
v -0.370264 5.354990 1.480966
v -0.489236 5.047839 1.338449
v -0.489236 5.380022 1.338449
v -0.489236 5.047839 1.480966
v -0.489236 5.380022 1.480966
v -0.315782 5.213194 1.338449
v -0.315782 5.213194 1.480966
v -0.489236 5.213930 1.480966
v -0.489236 5.213930 1.338449
v -0.149448 4.800500 1.496978
v -0.149448 4.800500 1.322438
v -0.489236 4.796894 1.496978
v -0.489236 4.796894 1.322438
v -0.146661 4.538006 1.496978
v -0.146661 4.538006 1.322438
v -0.489236 4.534400 1.496978
v -0.489236 4.534400 1.322438
v -0.145676 4.444364 1.496978
v -0.145676 4.444364 1.322438
v -0.489236 4.440757 1.496978
v -0.489236 4.440757 1.322438
v -0.489236 4.529162 1.953336
v -0.178504 4.532350 1.953336
v -0.489236 4.446414 1.953336
v -0.177750 4.449601 1.953336
v -0.792269 5.050784 1.338449
v -0.608208 5.354990 1.338449
v -0.792269 5.050784 1.480966
v -0.608208 5.354990 1.480966
v -0.662690 5.213194 1.338449
v -0.662690 5.213194 1.480966
v -0.829024 4.800500 1.496978
v -0.829024 4.800500 1.322438
v -0.831811 4.538006 1.496978
v -0.831811 4.538006 1.322438
v -0.832797 4.444364 1.496978
v -0.832797 4.444364 1.322438
v -0.799969 4.532350 1.953336
v -0.800722 4.449601 1.953336
vn -0.0000 -0.0000 -1.0000
vn 0.9335 0.3587 -0.0000
vn -1.0000 -0.0000 -0.0000
vn 0.2059 0.9786 -0.0000
vn -0.0006 0.0637 -0.9980
vn -0.0000 -0.0000 1.0000
vn 0.7817 0.6237 -0.0000
vn 0.9894 0.1453 -0.0000
vn -0.0006 0.0637 0.9980
vn 0.9999 0.0106 -0.0000
vn 0.0105 -0.9999 -0.0000
vn 0.0104 -0.9999 0.0123
vn -0.0104 0.9999 0.0116
vn 0.9987 0.0100 0.0497
vn -0.9335 0.3587 -0.0000
vn -0.2059 0.9786 -0.0000
vn 0.0006 0.0637 -0.9980
vn -0.7817 0.6237 -0.0000
vn -0.9894 0.1453 -0.0000
vn 0.0006 0.0637 0.9980
vn -0.9999 0.0106 -0.0000
vn -0.0105 -0.9999 -0.0000
vn -0.0104 -0.9999 0.0123
vn 0.0104 0.9999 0.0116
vn -0.9987 0.0100 0.0497
vt 0.500000 0.125000
vt 0.625000 0.125000
vt 0.625000 0.250000
vt 0.500000 0.250000
vt 0.625000 0.500000
vt 0.500000 0.500000
vt 0.375000 0.375000
vt 0.125000 0.625000
vt 0.375000 0.625000
vt 0.500000 0.625000
vt 0.875000 0.500000
vt 0.875000 0.625000
vt 0.625000 0.625000
vt 0.375000 0.125000
vt 0.375000 0.250000
vt 0.375000 0.500000
vt 0.125000 0.500000
s 0
f 913/616/441 907/617/441 903/618/441 910/619/441
f 910/619/442 903/618/442 905/620/442 911/621/442
f 913/622/443 906/623/443 908/624/443 912/625/443
f 905/620/444 903/626/444 907/627/444 909/628/444
f 906/629/445 902/630/445 915/630/445 917/629/445
f 911/621/446 905/620/446 909/628/446 912/625/446
f 904/631/446 911/621/446 912/625/446 908/624/446
f 907/617/443 913/622/443 912/625/443 909/628/443
f 902/630/447 910/619/447 911/621/447 904/631/447
f 906/629/441 913/616/441 910/619/441 902/630/441
f 917/629/441 915/630/441 919/630/441 921/629/441
f 902/630/448 904/631/448 914/631/448 915/630/448
f 908/624/443 906/623/443 917/623/443 916/624/443
f 904/631/449 908/624/449 916/624/449 914/631/449
f 921/629/441 919/630/441 923/630/441 925/629/441
f 915/630/450 914/631/450 918/631/450 919/630/450
f 916/624/443 917/623/443 921/623/443 920/624/443
f 914/631/446 916/624/446 920/624/446 918/631/446
f 923/632/451 922/631/451 924/624/451 925/623/451
f 920/624/443 921/623/443 925/623/443 924/624/443
f 920/624/443 924/624/443 928/624/443 926/624/443
f 927/631/446 926/624/446 928/624/446 929/631/446
f 924/624/452 922/631/452 929/631/452 928/624/452
f 918/631/453 920/624/453 926/624/453 927/631/453
f 918/631/454 927/631/454 929/631/454 922/631/454 923/630/454 919/630/454
f 913/616/441 934/619/441 931/618/441 907/617/441
f 934/619/455 935/621/455 933/620/455 931/618/455
f 933/620/456 909/628/456 907/627/456 931/626/456
f 906/629/457 917/629/457 937/630/457 930/630/457
f 935/621/446 912/625/446 909/628/446 933/620/446
f 932/631/446 908/624/446 912/625/446 935/621/446
f 930/630/458 932/631/458 935/621/458 934/619/458
f 906/629/441 930/630/441 934/619/441 913/616/441
f 917/629/441 921/629/441 939/630/441 937/630/441
f 930/630/459 937/630/459 936/631/459 932/631/459
f 932/631/460 936/631/460 916/624/460 908/624/460
f 921/629/441 925/629/441 941/630/441 939/630/441
f 937/630/461 939/630/461 938/631/461 936/631/461
f 936/631/446 938/631/446 920/624/446 916/624/446
f 941/632/462 925/623/462 924/624/462 940/631/462
f 942/631/446 943/631/446 928/624/446 926/624/446
f 924/624/463 928/624/463 943/631/463 940/631/463
f 938/631/464 942/631/464 926/624/464 920/624/464
f 938/631/465 939/630/465 941/630/465 940/631/465 943/631/465 942/631/465
o Cube.012
v 1.011267 4.105304 -0.498068
v 1.007873 4.419854 -0.521107
v 0.999606 4.107602 -1.278770
v 1.000454 4.420939 -1.272207
v 1.064537 4.105304 -0.517153
v 1.061143 4.419854 -0.540192
v 1.052876 4.107602 -1.278770
v 1.053724 4.420939 -1.272207
v 1.054381 4.358205 -1.218107
v 1.053939 4.399203 -1.219504
v 1.052861 4.358505 -1.264286
v 1.052971 4.399344 -1.263888
v 1.060051 4.399371 -1.263930
v 1.059940 4.358531 -1.264328
v 1.061460 4.358232 -1.218149
v 1.061018 4.399230 -1.219546
v 1.069879 4.399407 -1.263988
v 1.069769 4.358568 -1.264386
v 1.071288 4.358268 -1.218207
v 1.070846 4.399266 -1.219604
v 1.061838 4.255528 -1.218296
v 1.060318 4.255827 -1.264474
v 1.071666 4.255565 -1.218354
v 1.070147 4.255864 -1.264533
vn -0.9999 -0.0037 0.0124
vn -0.0000 0.0209 -0.9998
vn 0.9999 0.0037 -0.0128
vn 0.3364 0.0724 0.9389
vn -0.0005 -1.0000 -0.0030
vn 0.0003 1.0000 0.0015
vn -0.0037 1.0000 0.0033
vn -0.0060 0.0098 -0.9999
vn 0.0058 0.0341 0.9994
vn 0.9996 0.0037 -0.0274
vn 0.0059 -0.0014 1.0000
vn 0.0037 -1.0000 -0.0066
vn 0.9995 0.0037 -0.0329
vn -0.0059 0.0014 -1.0000
vn -0.9995 -0.0037 0.0329
vt 0.375000 0.000000
vt 0.625000 0.000000
vt 0.625000 0.250000
vt 0.375000 0.250000
vt 0.625000 0.500000
vt 0.375000 0.500000
vt 0.625000 0.750000
vt 0.375000 0.750000
vt 0.625000 1.000000
vt 0.375000 1.000000
vt 0.125000 0.500000
vt 0.125000 0.750000
vt 0.875000 0.500000
vt 0.875000 0.750000
s 0
f 944/633/466 945/634/466 947/635/466 946/636/466
f 946/636/467 947/635/467 951/637/467 950/638/467
f 950/638/468 951/637/468 949/639/468 948/640/468
f 948/640/469 949/639/469 945/641/469 944/642/469
f 946/643/470 950/638/470 948/640/470 944/644/470
f 951/637/471 947/645/471 945/646/471 949/639/471
f 956/637/472 959/639/472 963/639/472 960/637/472
f 955/637/472 953/639/472 959/639/472 956/637/472
f 954/638/473 955/637/473 956/637/473 957/638/473
f 953/639/474 952/640/474 958/640/474 959/639/474
f 961/638/475 960/637/475 963/639/475 962/640/475
f 957/638/473 956/637/473 960/637/473 961/638/473
f 959/639/474 958/640/474 962/640/474 963/639/474
f 962/640/476 958/640/476 964/640/476 966/640/476
f 964/640/477 965/638/477 967/638/477 966/640/477
f 961/638/478 962/640/478 966/640/478 967/638/478
f 957/638/479 961/638/479 967/638/479 965/638/479
f 958/640/480 957/638/480 965/638/480 964/640/480
o Cylinder.008
v 0.462281 5.360261 1.956240
v 0.462281 5.342984 1.993291
v 0.620544 5.300848 1.928536
v 0.620544 5.283571 1.965587
v 0.686099 5.157413 1.861651
v 0.686099 5.140136 1.898702
v 0.620544 5.013978 1.794766
v 0.620544 4.996701 1.831817
v 0.462281 4.954565 1.767061
v 0.462281 4.937288 1.804112
v 0.304018 5.013978 1.794766
v 0.304018 4.996701 1.831817
v 0.238463 5.157413 1.861651
v 0.238463 5.140136 1.898702
v 0.304018 5.300848 1.928536
v 0.304018 5.283571 1.965587
vn 0.3827 0.8373 0.3904
vn 0.9239 0.3468 0.1617
vn 0.9239 -0.3468 -0.1617
vn 0.3827 -0.8373 -0.3904
vn -0.3827 -0.8373 -0.3904
vn -0.9239 -0.3468 -0.1617
vn -0.0000 -0.4226 0.9063
vn -0.9239 0.3468 0.1617
vn -0.3827 0.8373 0.3904
vn -0.0000 0.4226 -0.9063
vt 1.000000 0.500000
vt 1.000000 1.000000
vt 0.875000 1.000000
vt 0.875000 0.500000
vt 0.750000 1.000000
vt 0.750000 0.500000
vt 0.625000 1.000000
vt 0.625000 0.500000
vt 0.500000 1.000000
vt 0.500000 0.500000
vt 0.375000 1.000000
vt 0.375000 0.500000
vt 0.250000 1.000000
vt 0.250000 0.500000
vt 0.419706 0.419706
vt 0.250000 0.490000
vt 0.080294 0.419706
vt 0.010000 0.250000
vt 0.080294 0.080294
vt 0.250000 0.010000
vt 0.419706 0.080294
vt 0.490000 0.250000
vt 0.125000 1.000000
vt 0.125000 0.500000
vt 0.000000 1.000000
vt 0.000000 0.500000
vt 0.750000 0.490000
vt 0.919706 0.419706
vt 0.990000 0.250000
vt 0.919706 0.080294
vt 0.750000 0.010000
vt 0.580294 0.080294
vt 0.510000 0.250000
vt 0.580294 0.419706
s 0
f 968/647/481 969/648/481 971/649/481 970/650/481
f 970/650/482 971/649/482 973/651/482 972/652/482
f 972/652/483 973/651/483 975/653/483 974/654/483
f 974/654/484 975/653/484 977/655/484 976/656/484
f 976/656/485 977/655/485 979/657/485 978/658/485
f 978/658/486 979/657/486 981/659/486 980/660/486
f 971/661/487 969/662/487 983/663/487 981/664/487 979/665/487 977/666/487 975/667/487 973/668/487
f 980/660/488 981/659/488 983/669/488 982/670/488
f 982/670/489 983/669/489 969/671/489 968/672/489
f 968/673/490 970/674/490 972/675/490 974/676/490 976/677/490 978/678/490 980/679/490 982/680/490
o Cube.013
v -0.119786 4.915290 2.111644
v -0.141224 5.112773 2.069324
v -0.138250 4.933681 2.012312
v -0.141224 5.112773 1.959623
v 0.103971 4.926469 2.102938
v 0.093101 5.112773 2.069324
v 0.087208 4.939198 2.011422
v 0.093101 5.112773 1.959623
v -0.111961 5.015382 1.984522
v -0.112226 5.031323 1.979832
v 0.079282 5.015873 1.984443
v 0.079807 5.031323 1.979832
v -0.114445 4.980724 1.996562
v -0.114710 4.996665 1.991872
v 0.076798 4.981215 1.996483
v 0.077323 4.996665 1.991872
vn -0.9955 -0.0433 0.0841
vn 0.0016 -0.2841 -0.9588
vn 0.9965 -0.0060 -0.0834
vn 0.0331 -0.9854 -0.1668
vn -0.0000 1.0000 -0.0000
vn 0.0002 -0.2841 -0.9588
vt 0.375000 0.000000
vt 0.625000 0.000000
vt 0.625000 0.250000
vt 0.375000 0.250000
vt 0.625000 0.500000
vt 0.375000 0.500000
vt 0.625000 0.750000
vt 0.375000 0.750000
vt 0.125000 0.500000
vt 0.125000 0.750000
vt 0.875000 0.500000
vt 0.875000 0.750000
s 0
f 984/681/491 985/682/491 987/683/491 986/684/491
f 986/684/492 987/683/492 991/685/492 990/686/492
f 990/686/493 991/685/493 989/687/493 988/688/493
f 986/689/494 990/686/494 988/688/494 984/690/494
f 991/685/495 987/691/495 985/692/495 989/687/495
f 992/684/496 993/683/496 995/685/496 994/686/496
f 996/684/496 997/683/496 999/685/496 998/686/496
o Cylinder.009
v 0.054718 5.062964 1.988269
v 0.055454 5.056346 1.962913
v 0.065122 5.082561 1.983456
v 0.065859 5.075943 1.958101
v 0.042453 5.081360 1.983111
v 0.043190 5.074742 1.957755
vn 0.8884 -0.4373 0.1400
vn -0.0473 0.9662 -0.2536
vn 0.0281 -0.2524 -0.9672
vn -0.8411 -0.5289 0.1136
vt 1.000000 0.500000
vt 1.000000 1.000000
vt 0.666667 1.000000
vt 0.666667 0.500000
vt 0.333333 1.000000
vt 0.333333 0.500000
vt 0.457846 0.130000
vt 0.250000 0.490000
vt 0.042154 0.130000
vt -0.000000 1.000000
vt -0.000000 0.500000
s 0
f 1000/693/497 1001/694/497 1003/695/497 1002/696/497
f 1002/696/498 1003/695/498 1005/697/498 1004/698/498
f 1003/699/499 1001/700/499 1005/701/499
f 1004/698/500 1005/697/500 1001/702/500 1000/703/500
o Cylinder.010
v -0.077343 5.075621 1.961680
v -0.077845 5.082273 1.986597
v -0.066121 5.069539 1.963530
v -0.066624 5.076190 1.988447
v -0.066013 5.057078 1.966858
v -0.066515 5.063730 1.991776
v -0.077125 5.050701 1.968336
v -0.077628 5.057353 1.993254
v -0.088347 5.056784 1.966486
v -0.088849 5.063435 1.991404
v -0.088456 5.069244 1.963158
v -0.088958 5.075895 1.988076
vn 0.4926 0.8433 -0.2152
vn 0.9998 0.0132 0.0166
vn 0.5072 -0.8301 0.2318
vn -0.4926 -0.8433 0.2152
vn -0.9998 -0.0132 -0.0166
vn -0.5072 0.8301 -0.2318
vn 0.0195 -0.2579 -0.9660
vt 1.000000 0.500000
vt 1.000000 1.000000
vt 0.833333 1.000000
vt 0.833333 0.500000
vt 0.666667 1.000000
vt 0.666667 0.500000
vt 0.500000 1.000000
vt 0.500000 0.500000
vt 0.333333 1.000000
vt 0.333333 0.500000
vt 0.166667 1.000000
vt 0.166667 0.500000
vt -0.000000 1.000000
vt -0.000000 0.500000
vt 0.750000 0.490000
vt 0.957846 0.370000
vt 0.957846 0.130000
vt 0.750000 0.010000
vt 0.542154 0.130000
vt 0.542154 0.370000
s 0
f 1006/704/501 1007/705/501 1009/706/501 1008/707/501
f 1008/707/502 1009/706/502 1011/708/502 1010/709/502
f 1010/709/503 1011/708/503 1013/710/503 1012/711/503
f 1012/711/504 1013/710/504 1015/712/504 1014/713/504
f 1014/713/505 1015/712/505 1017/714/505 1016/715/505
f 1016/715/506 1017/714/506 1007/716/506 1006/717/506
f 1006/718/507 1008/719/507 1010/720/507 1012/721/507 1014/722/507 1016/723/507
o Cylinder.011
v -0.044389 5.075621 1.961680
v -0.044892 5.082273 1.986597
v -0.033168 5.069539 1.963530
v -0.033670 5.076190 1.988447
v -0.033059 5.057078 1.966858
v -0.033561 5.063730 1.991776
v -0.044171 5.050701 1.968336
v -0.044674 5.057353 1.993254
v -0.055393 5.056784 1.966486
v -0.055895 5.063435 1.991404
v -0.055502 5.069244 1.963158
v -0.056004 5.075895 1.988076
vn 0.4926 0.8433 -0.2152
vn 0.9998 0.0132 0.0166
vn 0.5072 -0.8301 0.2318
vn -0.4926 -0.8433 0.2152
vn -0.9998 -0.0132 -0.0166
vn -0.5072 0.8301 -0.2318
vn 0.0195 -0.2579 -0.9660
vt 1.000000 0.500000
vt 1.000000 1.000000
vt 0.833333 1.000000
vt 0.833333 0.500000
vt 0.666667 1.000000
vt 0.666667 0.500000
vt 0.500000 1.000000
vt 0.500000 0.500000
vt 0.333333 1.000000
vt 0.333333 0.500000
vt 0.166667 1.000000
vt 0.166667 0.500000
vt -0.000000 1.000000
vt -0.000000 0.500000
vt 0.750000 0.490000
vt 0.957846 0.370000
vt 0.957846 0.130000
vt 0.750000 0.010000
vt 0.542154 0.130000
vt 0.542154 0.370000
s 0
f 1018/724/508 1019/725/508 1021/726/508 1020/727/508
f 1020/727/509 1021/726/509 1023/728/509 1022/729/509
f 1022/729/510 1023/728/510 1025/730/510 1024/731/510
f 1024/731/511 1025/730/511 1027/732/511 1026/733/511
f 1026/733/512 1027/732/512 1029/734/512 1028/735/512
f 1028/735/513 1029/734/513 1019/736/513 1018/737/513
f 1018/738/514 1020/739/514 1022/740/514 1024/741/514 1026/742/514 1028/743/514
o Cylinder.012
v 0.176769 5.193714 1.930721
v 0.177004 5.207363 1.958050
v 0.240724 5.174987 1.958982
v 0.244594 5.103874 1.965082
v 0.184744 5.065136 1.970252
v 0.121024 5.097513 1.969321
v 0.117154 5.168626 1.963220
v 0.176161 5.204891 1.929762
v 0.239881 5.172514 1.930693
v 0.243751 5.101401 1.936794
v 0.183901 5.062664 1.941964
v 0.120181 5.095040 1.941033
v 0.116311 5.166153 1.934932
v 0.175560 5.203130 1.909619
v 0.239280 5.170754 1.910550
v 0.115711 5.164392 1.914789
v 0.176169 5.191953 1.910578
vn 0.4522 0.8873 -0.0910
vn 0.9981 0.0514 -0.0342
vn 0.5459 -0.8359 0.0568
vn -0.4522 -0.8873 0.0910
vn -0.9981 -0.0514 0.0342
vn -0.5459 0.8359 -0.0568
vn 0.4177 -0.9061 0.0668
vn -0.0297 -0.0870 -0.9958
vn -0.3170 -0.9439 0.0920
vt 1.000000 0.500000
vt 1.000000 1.000000
vt 0.833333 1.000000
vt 0.833333 0.500000
vt 0.666667 1.000000
vt 0.666667 0.500000
vt 0.500000 1.000000
vt 0.500000 0.500000
vt 0.333333 1.000000
vt 0.333333 0.500000
vt 0.166667 1.000000
vt 0.166667 0.500000
vt -0.000000 1.000000
vt -0.000000 0.500000
vt 0.750000 0.452280
vt 0.542154 0.370000
vt 0.957846 0.370000
vt 0.957846 0.130000
vt 0.750000 0.010000
vt 0.542154 0.130000
vt 0.750000 0.490000
s 0
f 1037/744/515 1031/745/515 1032/746/515 1038/747/515
f 1038/747/516 1032/746/516 1033/748/516 1039/749/516
f 1039/749/517 1033/748/517 1034/750/517 1040/751/517
f 1040/751/518 1034/750/518 1035/752/518 1041/753/518
f 1041/753/519 1035/752/519 1036/754/519 1042/755/519
f 1042/755/520 1036/754/520 1031/756/520 1037/757/520
f 1030/758/521 1042/759/521 1045/759/521 1046/758/521
f 1037/744/515 1038/747/515 1044/747/515 1043/744/515
f 1030/758/522 1038/760/522 1039/761/522 1040/762/522 1041/763/522 1042/759/522
f 1046/758/522 1043/764/522 1044/760/522
f 1046/758/522 1045/759/522 1043/764/522
f 1038/760/523 1030/758/523 1046/758/523 1044/760/523
f 1042/755/520 1037/757/520 1043/757/520 1045/755/520
o Cylinder.013
v 0.755649 5.193837 1.919384
v 0.756586 5.207513 1.946691
v 0.825185 5.171883 1.947457
v 0.825398 5.100621 1.953688
v 0.757013 5.064990 1.959152
v 0.688415 5.100621 1.958386
v 0.688201 5.171883 1.952155
v 0.755616 5.205037 1.918405
v 0.824214 5.169406 1.919171
v 0.824428 5.098145 1.925402
v 0.756043 5.062514 1.930867
v 0.687445 5.098145 1.930101
v 0.687231 5.169406 1.923870
v 0.754925 5.203274 1.898264
v 0.823524 5.167643 1.899030
v 0.686540 5.167643 1.903729
v 0.754959 5.192074 1.899244
vn 0.4598 0.8832 -0.0931
vn 0.9994 -0.0000 -0.0343
vn 0.4651 -0.8832 0.0614
vn -0.4598 -0.8832 0.0931
vn -0.9994 -0.0000 0.0343
vn -0.4651 0.8832 -0.0614
vn 0.3395 -0.9379 0.0705
vn -0.0341 -0.0872 -0.9956
vn -0.3339 -0.9379 0.0936
vt 1.000000 0.500000
vt 1.000000 1.000000
vt 0.833333 1.000000
vt 0.833333 0.500000
vt 0.666667 1.000000
vt 0.666667 0.500000
vt 0.500000 1.000000
vt 0.500000 0.500000
vt 0.333333 1.000000
vt 0.333333 0.500000
vt 0.166667 1.000000
vt 0.166667 0.500000
vt -0.000000 1.000000
vt -0.000000 0.500000
vt 0.750000 0.452280
vt 0.542154 0.370000
vt 0.957846 0.370000
vt 0.957846 0.130000
vt 0.750000 0.010000
vt 0.542154 0.130000
vt 0.750000 0.490000
s 0
f 1054/765/524 1048/766/524 1049/767/524 1055/768/524
f 1055/768/525 1049/767/525 1050/769/525 1056/770/525
f 1056/770/526 1050/769/526 1051/771/526 1057/772/526
f 1057/772/527 1051/771/527 1052/773/527 1058/774/527
f 1058/774/528 1052/773/528 1053/775/528 1059/776/528
f 1059/776/529 1053/775/529 1048/777/529 1054/778/529
f 1047/779/530 1059/780/530 1062/780/530 1063/779/530
f 1054/765/524 1055/768/524 1061/768/524 1060/765/524
f 1047/779/531 1055/781/531 1056/782/531 1057/783/531 1058/784/531 1059/780/531
f 1063/779/531 1060/785/531 1061/781/531
f 1063/779/531 1062/780/531 1060/785/531
f 1055/781/532 1047/779/532 1063/779/532 1061/781/532
f 1059/776/529 1054/778/529 1060/778/529 1062/776/529
o Cube.014
v -0.117547 4.419120 1.886965
v -0.074981 4.505455 1.819576
v -0.117547 4.419120 1.588545
v -0.074981 4.505455 1.655934
v 0.070948 4.419120 1.886965
v 0.028382 4.505455 1.819576
v 0.070948 4.419120 1.588545
v 0.028382 4.505455 1.655934
v -0.117547 4.505455 1.886965
v -0.117547 4.505455 1.588545
v 0.070948 4.505455 1.588545
v 0.070948 4.505455 1.886965
v -0.074981 4.496302 1.819576
v -0.074981 4.496302 1.655934
v 0.028382 4.496302 1.655934
v 0.028382 4.496302 1.819576
vn -1.0000 -0.0000 -0.0000
vn -0.0000 -0.0000 -1.0000
vn 1.0000 -0.0000 -0.0000
vn -0.0000 -0.0000 1.0000
vn -0.0000 1.0000 -0.0000
vt 0.375000 0.000000
vt 0.625000 0.000000
vt 0.625000 0.250000
vt 0.375000 0.250000
vt 0.625000 0.500000
vt 0.375000 0.500000
vt 0.625000 0.750000
vt 0.375000 0.750000
vt 0.625000 1.000000
vt 0.375000 1.000000
vt 0.681455 0.693545
vt 0.818545 0.693545
vt 0.818545 0.556455
vt 0.681455 0.556455
vt 0.875000 0.500000
vt 0.875000 0.750000
s 0
f 1064/786/533 1072/787/533 1073/788/533 1066/789/533
f 1066/789/534 1073/788/534 1074/790/534 1070/791/534
f 1070/791/535 1074/790/535 1075/792/535 1068/793/535
f 1068/793/536 1075/792/536 1072/794/536 1064/795/536
f 1069/796/537 1065/797/537 1067/798/537 1071/799/537 1074/790/537 1073/800/537 1072/801/537 1075/792/537
f 1071/799/537 1069/796/537 1075/792/537 1074/790/537
f 1071/799/536 1067/798/536 1077/798/536 1078/799/536
f 1076/797/537 1079/796/537 1078/799/537 1077/798/537
f 1069/796/533 1071/799/533 1078/799/533 1079/796/533
f 1067/798/535 1065/797/535 1076/797/535 1077/798/535
f 1065/797/534 1069/796/534 1079/796/534 1076/797/534
o Cube.015
v -0.043057 4.486259 1.761477
v -0.043057 4.486259 1.716791
v 0.001629 4.486259 1.761477
v 0.001629 4.486259 1.716791
v -0.043057 4.727120 1.761477
v -0.043057 4.727120 1.716791
v 0.001629 4.727120 1.716791
v 0.001629 4.727120 1.761477
v -0.047849 4.727120 1.766269
v -0.047849 4.727120 1.711998
v 0.006422 4.727120 1.711998
v 0.006422 4.727120 1.766269
v -0.047849 4.754366 1.766269
v -0.047849 4.754366 1.711998
v 0.006422 4.754366 1.711998
v 0.006422 4.754366 1.766269
vn -0.0000 -0.0000 -1.0000
vn 1.0000 -0.0000 -0.0000
vn -0.0000 -0.0000 1.0000
vn -1.0000 -0.0000 -0.0000
vn -0.0000 1.0000 -0.0000
vt 0.375000 0.250000
vt 0.625000 0.250000
vt 0.625000 0.500000
vt 0.375000 0.500000
vt 0.625000 0.750000
vt 0.375000 0.750000
vt 0.625000 1.000000
vt 0.375000 1.000000
vt 0.375000 0.000000
vt 0.625000 0.000000
vt 0.875000 0.500000
vt 0.875000 0.750000
s 0
f 1081/802/538 1085/803/538 1086/804/538 1083/805/538
f 1083/805/539 1086/804/539 1087/806/539 1082/807/539
f 1082/807/540 1087/806/540 1084/808/540 1080/809/540
f 1088/808/540 1091/806/540 1095/806/540 1092/808/540
f 1080/810/541 1084/811/541 1085/803/541 1081/802/541
f 1094/804/542 1093/812/542 1092/813/542 1095/806/542
f 1090/804/538 1089/803/538 1093/803/538 1094/804/538
f 1091/806/539 1090/804/539 1094/804/539 1095/806/539
f 1089/803/541 1088/811/541 1092/811/541 1093/803/541
o Cube.016
v 0.544359 4.478256 2.132766
v 0.544359 4.495206 2.143774
v 0.564571 4.478256 2.132766
v 0.564571 4.495206 2.143774
v 0.544359 4.538111 2.077706
v 0.544359 4.521161 2.066698
v 0.564571 4.521161 2.066698
v 0.564571 4.538111 2.077706
v 0.495341 4.555601 2.083576
v 0.495341 4.508684 2.053108
v 0.613589 4.508684 2.053108
v 0.613589 4.555601 2.083576
vn -0.0000 -0.8387 -0.5446
vn 1.0000 -0.0000 -0.0000
vn -0.0000 0.8387 0.5446
vn -0.0000 0.5446 -0.8387
vn -1.0000 -0.0000 -0.0000
vt 0.125000 0.750000
vt 0.125000 0.500000
vt 0.375000 0.500000
vt 0.375000 0.750000
vt 0.625000 0.500000
vt 0.625000 0.750000
vt 0.875000 0.750000
vt 0.875000 0.500000
vt 0.375000 0.250000
vt 0.625000 0.250000
vt 0.625000 0.000000
vt 0.375000 0.000000
s 0
f 1096/814/543 1101/815/543 1102/816/543 1098/817/543
f 1098/817/544 1102/816/544 1103/818/544 1099/819/544
f 1097/820/545 1099/819/545 1103/818/545 1100/821/545
f 1105/822/546 1104/823/546 1107/818/546 1106/816/546
f 1097/824/547 1100/823/547 1101/822/547 1096/825/547
o Cube.017
v 0.375489 4.478256 2.132766
v 0.375489 4.495206 2.143774
v 0.395700 4.478256 2.132766
v 0.395700 4.495206 2.143774
v 0.375489 4.538111 2.077706
v 0.375489 4.521161 2.066698
v 0.395700 4.521161 2.066698
v 0.395700 4.538111 2.077706
v 0.363124 4.583899 2.093594
v 0.354509 4.497413 2.052524
v 0.402876 4.497413 2.052524
v 0.411492 4.583899 2.093594
vn -0.0000 -0.8387 -0.5446
vn 1.0000 -0.0000 -0.0000
vn -0.0000 0.8387 0.5446
vn -0.0000 0.4290 -0.9033
vn -1.0000 -0.0000 -0.0000
vt 0.125000 0.750000
vt 0.125000 0.500000
vt 0.375000 0.500000
vt 0.375000 0.750000
vt 0.625000 0.500000
vt 0.625000 0.750000
vt 0.875000 0.750000
vt 0.875000 0.500000
vt 0.375000 0.250000
vt 0.625000 0.250000
vt 0.625000 0.000000
vt 0.375000 0.000000
s 0
f 1108/826/548 1113/827/548 1114/828/548 1110/829/548
f 1110/829/549 1114/828/549 1115/830/549 1111/831/549
f 1109/832/550 1111/831/550 1115/830/550 1112/833/550
f 1117/834/551 1116/835/551 1119/830/551 1118/828/551
f 1109/836/552 1112/835/552 1113/834/552 1108/837/552
o Cube.018
v 0.537752 4.445023 2.723640
v 0.537752 4.652277 2.723640
v 0.537752 4.445023 2.654427
v 0.537752 4.652277 2.654427
v 0.962948 4.445023 2.723640
v 0.962948 4.652277 2.723640
v 0.962948 4.445023 2.654427
v 0.962948 4.652277 2.654427
vn -1.0000 -0.0000 -0.0000
vn 1.0000 -0.0000 -0.0000
vn -0.0000 -0.0000 1.0000
vn -0.0000 -1.0000 -0.0000
vn -0.0000 1.0000 -0.0000
vt 0.375000 0.000000
vt 0.625000 0.000000
vt 0.625000 0.250000
vt 0.375000 0.250000
vt 0.375000 0.500000
vt 0.625000 0.500000
vt 0.625000 0.750000
vt 0.375000 0.750000
vt 0.625000 1.000000
vt 0.375000 1.000000
vt 0.125000 0.500000
vt 0.125000 0.750000
vt 0.875000 0.500000
vt 0.875000 0.750000
s 0
f 1120/838/553 1121/839/553 1123/840/553 1122/841/553
f 1126/842/554 1127/843/554 1125/844/554 1124/845/554
f 1124/845/555 1125/844/555 1121/846/555 1120/847/555
f 1122/848/556 1126/842/556 1124/845/556 1120/849/556
f 1127/843/557 1123/850/557 1121/851/557 1125/844/557
o Cube.019
v -0.956044 4.445023 2.723640
v -0.956044 4.652277 2.723640
v -0.956044 4.445023 2.654427
v -0.956044 4.652277 2.654427
v -0.530848 4.445023 2.723640
v -0.530848 4.652277 2.723640
v -0.530848 4.445023 2.654427
v -0.530848 4.652277 2.654427
vn -1.0000 -0.0000 -0.0000
vn 1.0000 -0.0000 -0.0000
vn -0.0000 -0.0000 1.0000
vn -0.0000 -1.0000 -0.0000
vn -0.0000 1.0000 -0.0000
vt 0.375000 0.000000
vt 0.625000 0.000000
vt 0.625000 0.250000
vt 0.375000 0.250000
vt 0.375000 0.500000
vt 0.625000 0.500000
vt 0.625000 0.750000
vt 0.375000 0.750000
vt 0.625000 1.000000
vt 0.375000 1.000000
vt 0.125000 0.500000
vt 0.125000 0.750000
vt 0.875000 0.500000
vt 0.875000 0.750000
s 0
f 1128/852/558 1129/853/558 1131/854/558 1130/855/558
f 1134/856/559 1135/857/559 1133/858/559 1132/859/559
f 1132/859/560 1133/858/560 1129/860/560 1128/861/560
f 1130/862/561 1134/856/561 1132/859/561 1128/863/561
f 1135/857/562 1131/864/562 1129/865/562 1133/858/562
o Cube.020
v 0.804085 4.652277 -4.106460
v 0.804085 4.445023 -4.106460
v 0.804085 4.652277 -4.037246
v 0.804085 4.445023 -4.037246
v 0.967129 4.652277 -4.106460
v 0.967129 4.445023 -4.106460
v 0.967129 4.652277 -4.037246
v 0.967129 4.445023 -4.037246
vn -1.0000 -0.0000 -0.0000
vn 1.0000 -0.0000 -0.0000
vn -0.0000 -0.0000 -1.0000
vn -0.0000 1.0000 -0.0000
vn -0.0000 -1.0000 -0.0000
vt 0.375000 0.000000
vt 0.625000 0.000000
vt 0.625000 0.250000
vt 0.375000 0.250000
vt 0.375000 0.500000
vt 0.625000 0.500000
vt 0.625000 0.750000
vt 0.375000 0.750000
vt 0.625000 1.000000
vt 0.375000 1.000000
vt 0.125000 0.500000
vt 0.125000 0.750000
vt 0.875000 0.500000
vt 0.875000 0.750000
s 0
f 1136/866/563 1137/867/563 1139/868/563 1138/869/563
f 1142/870/564 1143/871/564 1141/872/564 1140/873/564
f 1140/873/565 1141/872/565 1137/874/565 1136/875/565
f 1138/876/566 1142/870/566 1140/873/566 1136/877/566
f 1143/871/567 1139/878/567 1137/879/567 1141/872/567
o Cube.021
v -0.972309 4.652277 -4.106460
v -0.972309 4.445023 -4.106460
v -0.972309 4.652277 -4.037246
v -0.972309 4.445023 -4.037246
v -0.809265 4.652277 -4.106460
v -0.809265 4.445023 -4.106460
v -0.809265 4.652277 -4.037246
v -0.809265 4.445023 -4.037246
vn -1.0000 -0.0000 -0.0000
vn 1.0000 -0.0000 -0.0000
vn -0.0000 -0.0000 -1.0000
vn -0.0000 1.0000 -0.0000
vn -0.0000 -1.0000 -0.0000
vt 0.375000 0.000000
vt 0.625000 0.000000
vt 0.625000 0.250000
vt 0.375000 0.250000
vt 0.375000 0.500000
vt 0.625000 0.500000
vt 0.625000 0.750000
vt 0.375000 0.750000
vt 0.625000 1.000000
vt 0.375000 1.000000
vt 0.125000 0.500000
vt 0.125000 0.750000
vt 0.875000 0.500000
vt 0.875000 0.750000
s 0
f 1144/880/568 1145/881/568 1147/882/568 1146/883/568
f 1150/884/569 1151/885/569 1149/886/569 1148/887/569
f 1148/887/570 1149/886/570 1145/888/570 1144/889/570
f 1146/890/571 1150/884/571 1148/887/571 1144/891/571
f 1151/885/572 1147/892/572 1145/893/572 1149/886/572
o Cylinder
v 0.589030 3.969688 1.503109
v 1.022357 3.969688 1.503109
v 0.589030 3.798025 1.537255
v 1.022357 3.798025 1.537255
v 0.589030 3.652496 1.634495
v 1.022357 3.652496 1.634495
v 0.589030 3.555256 1.780024
v 1.022357 3.555256 1.780024
v 0.589030 3.521110 1.951687
v 1.022357 3.521110 1.951687
v 0.589030 3.555256 2.123350
v 1.022357 3.555256 2.123350
v 0.589030 3.652496 2.268879
v 1.022357 3.652496 2.268879
v 0.589030 3.798025 2.366119
v 1.022357 3.798025 2.366119
v 0.589030 3.969688 2.400265
v 1.022357 3.969688 2.400265
v 0.589030 4.141351 2.366119
v 1.022357 4.141351 2.366119
v 0.589030 4.286880 2.268879
v 1.022357 4.286880 2.268879
v 0.589030 4.384120 2.123350
v 1.022357 4.384120 2.123350
v 0.589030 4.418266 1.951687
v 1.022357 4.418266 1.951687
v 0.589030 4.384120 1.780024
v 1.022357 4.384120 1.780024
v 0.589030 4.286880 1.634495
v 1.022357 4.286880 1.634495
v 0.589030 4.141351 1.537255
v 1.022357 4.141351 1.537255
vn -0.0000 -0.1951 -0.9808
vn -0.0000 -0.5556 -0.8315
vn -0.0000 -0.8315 -0.5556
vn -0.0000 -0.9808 -0.1951
vn -0.0000 -0.9808 0.1951
vn -0.0000 -0.8315 0.5556
vn -0.0000 -0.5556 0.8315
vn -0.0000 -0.1951 0.9808
vn -0.0000 0.1951 0.9808
vn -0.0000 0.5556 0.8315
vn -0.0000 0.8315 0.5556
vn -0.0000 0.9808 0.1951
vn -0.0000 0.9808 -0.1951
vn -0.0000 0.8315 -0.5556
vn 1.0000 -0.0000 -0.0000
vn -0.0000 0.5556 -0.8315
vn -0.0000 0.1951 -0.9808
vn -1.0000 -0.0000 -0.0000
vt 1.000000 0.500000
vt 1.000000 1.000000
vt 0.937500 1.000000
vt 0.937500 0.500000
vt 0.875000 1.000000
vt 0.875000 0.500000
vt 0.812500 1.000000
vt 0.812500 0.500000
vt 0.750000 1.000000
vt 0.750000 0.500000
vt 0.687500 1.000000
vt 0.687500 0.500000
vt 0.625000 1.000000
vt 0.625000 0.500000
vt 0.562500 1.000000
vt 0.562500 0.500000
vt 0.500000 1.000000
vt 0.500000 0.500000
vt 0.437500 1.000000
vt 0.437500 0.500000
vt 0.375000 1.000000
vt 0.375000 0.500000
vt 0.312500 1.000000
vt 0.312500 0.500000
vt 0.250000 1.000000
vt 0.250000 0.500000
vt 0.187500 1.000000
vt 0.187500 0.500000
vt 0.125000 1.000000
vt 0.125000 0.500000
vt 0.341844 0.471731
vt 0.250000 0.490000
vt 0.158156 0.471731
vt 0.080294 0.419706
vt 0.028269 0.341844
vt 0.010000 0.250000
vt 0.028269 0.158156
vt 0.080294 0.080294
vt 0.158156 0.028269
vt 0.250000 0.010000
vt 0.341844 0.028269
vt 0.419706 0.080294
vt 0.471731 0.158156
vt 0.490000 0.250000
vt 0.471731 0.341844
vt 0.419706 0.419706
vt 0.062500 1.000000
vt 0.062500 0.500000
vt 0.000000 1.000000
vt 0.000000 0.500000
vt 0.750000 0.490000
vt 0.841844 0.471731
vt 0.919706 0.419706
vt 0.971731 0.341844
vt 0.990000 0.250000
vt 0.971731 0.158156
vt 0.919706 0.080294
vt 0.841844 0.028269
vt 0.750000 0.010000
vt 0.658156 0.028269
vt 0.580294 0.080294
vt 0.528269 0.158156
vt 0.510000 0.250000
vt 0.528269 0.341844
vt 0.580294 0.419706
vt 0.658156 0.471731
s 0
f 1152/894/573 1153/895/573 1155/896/573 1154/897/573
f 1154/897/574 1155/896/574 1157/898/574 1156/899/574
f 1156/899/575 1157/898/575 1159/900/575 1158/901/575
f 1158/901/576 1159/900/576 1161/902/576 1160/903/576
f 1160/903/577 1161/902/577 1163/904/577 1162/905/577
f 1162/905/578 1163/904/578 1165/906/578 1164/907/578
f 1164/907/579 1165/906/579 1167/908/579 1166/909/579
f 1166/909/580 1167/908/580 1169/910/580 1168/911/580
f 1168/911/581 1169/910/581 1171/912/581 1170/913/581
f 1170/913/582 1171/912/582 1173/914/582 1172/915/582
f 1172/915/583 1173/914/583 1175/916/583 1174/917/583
f 1174/917/584 1175/916/584 1177/918/584 1176/919/584
f 1176/919/585 1177/918/585 1179/920/585 1178/921/585
f 1178/921/586 1179/920/586 1181/922/586 1180/923/586
f 1155/924/587 1153/925/587 1183/926/587 1181/927/587 1179/928/587 1177/929/587 1175/930/587 1173/931/587 1171/932/587 1169/933/587 1167/934/587 1165/935/587 1163/936/587 1161/937/587 1159/938/587 1157/939/587
f 1180/923/588 1181/922/588 1183/940/588 1182/941/588
f 1182/941/589 1183/940/589 1153/942/589 1152/943/589
f 1152/944/590 1154/945/590 1156/946/590 1158/947/590 1160/948/590 1162/949/590 1164/950/590 1166/951/590 1168/952/590 1170/953/590 1172/954/590 1174/955/590 1176/956/590 1178/957/590 1180/958/590 1182/959/590
o Cylinder.002
v -1.033749 3.969688 1.503109
v -0.600421 3.969688 1.503109
v -1.033749 3.798025 1.537255
v -0.600421 3.798025 1.537255
v -1.033749 3.652496 1.634495
v -0.600421 3.652496 1.634495
v -1.033749 3.555256 1.780024
v -0.600421 3.555256 1.780024
v -1.033749 3.521110 1.951687
v -0.600421 3.521110 1.951687
v -1.033749 3.555256 2.123350
v -0.600421 3.555256 2.123350
v -1.033749 3.652496 2.268879
v -0.600421 3.652496 2.268879
v -1.033749 3.798025 2.366119
v -0.600421 3.798025 2.366119
v -1.033749 3.969688 2.400265
v -0.600421 3.969688 2.400265
v -1.033749 4.141351 2.366119
v -0.600421 4.141351 2.366119
v -1.033749 4.286880 2.268879
v -0.600421 4.286880 2.268879
v -1.033749 4.384120 2.123350
v -0.600421 4.384120 2.123350
v -1.033749 4.418266 1.951687
v -0.600421 4.418266 1.951687
v -1.033749 4.384120 1.780024
v -0.600421 4.384120 1.780024
v -1.033749 4.286880 1.634495
v -0.600421 4.286880 1.634495
v -1.033749 4.141351 1.537255
v -0.600421 4.141351 1.537255
vn -0.0000 -0.1951 -0.9808
vn -0.0000 -0.5556 -0.8315
vn -0.0000 -0.8315 -0.5556
vn -0.0000 -0.9808 -0.1951
vn -0.0000 -0.9808 0.1951
vn -0.0000 -0.8315 0.5556
vn -0.0000 -0.5556 0.8315
vn -0.0000 -0.1951 0.9808
vn -0.0000 0.1951 0.9808
vn -0.0000 0.5556 0.8315
vn -0.0000 0.8315 0.5556
vn -0.0000 0.9808 0.1951
vn -0.0000 0.9808 -0.1951
vn -0.0000 0.8315 -0.5556
vn 1.0000 -0.0000 -0.0000
vn -0.0000 0.5556 -0.8315
vn -0.0000 0.1951 -0.9808
vn -1.0000 -0.0000 -0.0000
vt 1.000000 0.500000
vt 1.000000 1.000000
vt 0.937500 1.000000
vt 0.937500 0.500000
vt 0.875000 1.000000
vt 0.875000 0.500000
vt 0.812500 1.000000
vt 0.812500 0.500000
vt 0.750000 1.000000
vt 0.750000 0.500000
vt 0.687500 1.000000
vt 0.687500 0.500000
vt 0.625000 1.000000
vt 0.625000 0.500000
vt 0.562500 1.000000
vt 0.562500 0.500000
vt 0.500000 1.000000
vt 0.500000 0.500000
vt 0.437500 1.000000
vt 0.437500 0.500000
vt 0.375000 1.000000
vt 0.375000 0.500000
vt 0.312500 1.000000
vt 0.312500 0.500000
vt 0.250000 1.000000
vt 0.250000 0.500000
vt 0.187500 1.000000
vt 0.187500 0.500000
vt 0.125000 1.000000
vt 0.125000 0.500000
vt 0.341844 0.471731
vt 0.250000 0.490000
vt 0.158156 0.471731
vt 0.080294 0.419706
vt 0.028269 0.341844
vt 0.010000 0.250000
vt 0.028269 0.158156
vt 0.080294 0.080294
vt 0.158156 0.028269
vt 0.250000 0.010000
vt 0.341844 0.028269
vt 0.419706 0.080294
vt 0.471731 0.158156
vt 0.490000 0.250000
vt 0.471731 0.341844
vt 0.419706 0.419706
vt 0.062500 1.000000
vt 0.062500 0.500000
vt 0.000000 1.000000
vt 0.000000 0.500000
vt 0.750000 0.490000
vt 0.841844 0.471731
vt 0.919706 0.419706
vt 0.971731 0.341844
vt 0.990000 0.250000
vt 0.971731 0.158156
vt 0.919706 0.080294
vt 0.841844 0.028269
vt 0.750000 0.010000
vt 0.658156 0.028269
vt 0.580294 0.080294
vt 0.528269 0.158156
vt 0.510000 0.250000
vt 0.528269 0.341844
vt 0.580294 0.419706
vt 0.658156 0.471731
s 0
f 1184/960/591 1185/961/591 1187/962/591 1186/963/591
f 1186/963/592 1187/962/592 1189/964/592 1188/965/592
f 1188/965/593 1189/964/593 1191/966/593 1190/967/593
f 1190/967/594 1191/966/594 1193/968/594 1192/969/594
f 1192/969/595 1193/968/595 1195/970/595 1194/971/595
f 1194/971/596 1195/970/596 1197/972/596 1196/973/596
f 1196/973/597 1197/972/597 1199/974/597 1198/975/597
f 1198/975/598 1199/974/598 1201/976/598 1200/977/598
f 1200/977/599 1201/976/599 1203/978/599 1202/979/599
f 1202/979/600 1203/978/600 1205/980/600 1204/981/600
f 1204/981/601 1205/980/601 1207/982/601 1206/983/601
f 1206/983/602 1207/982/602 1209/984/602 1208/985/602
f 1208/985/603 1209/984/603 1211/986/603 1210/987/603
f 1210/987/604 1211/986/604 1213/988/604 1212/989/604
f 1187/990/605 1185/991/605 1215/992/605 1213/993/605 1211/994/605 1209/995/605 1207/996/605 1205/997/605 1203/998/605 1201/999/605 1199/1000/605 1197/1001/605 1195/1002/605 1193/1003/605 1191/1004/605 1189/1005/605
f 1212/989/606 1213/988/606 1215/1006/606 1214/1007/606
f 1214/1007/607 1215/1006/607 1185/1008/607 1184/1009/607
f 1184/1010/608 1186/1011/608 1188/1012/608 1190/1013/608 1192/1014/608 1194/1015/608 1196/1016/608 1198/1017/608 1200/1018/608 1202/1019/608 1204/1020/608 1206/1021/608 1208/1022/608 1210/1023/608 1212/1024/608 1214/1025/608
o Cylinder.003
v -1.033749 3.969688 -2.444281
v -0.600421 3.969688 -2.444281
v -1.033749 3.798025 -2.410135
v -0.600421 3.798025 -2.410135
v -1.033749 3.652496 -2.312896
v -0.600421 3.652496 -2.312896
v -1.033749 3.555256 -2.167367
v -0.600421 3.555256 -2.167367
v -1.033749 3.521110 -1.995703
v -0.600421 3.521110 -1.995703
v -1.033749 3.555256 -1.824040
v -0.600421 3.555256 -1.824040
v -1.033749 3.652496 -1.678511
v -0.600421 3.652496 -1.678511
v -1.033749 3.798025 -1.581271
v -0.600421 3.798025 -1.581271
v -1.033749 3.969688 -1.547125
v -0.600421 3.969688 -1.547125
v -1.033749 4.141351 -1.581271
v -0.600421 4.141351 -1.581271
v -1.033749 4.286880 -1.678511
v -0.600421 4.286880 -1.678511
v -1.033749 4.384120 -1.824040
v -0.600421 4.384120 -1.824040
v -1.033749 4.418266 -1.995703
v -0.600421 4.418266 -1.995703
v -1.033749 4.384120 -2.167367
v -0.600421 4.384120 -2.167367
v -1.033749 4.286880 -2.312896
v -0.600421 4.286880 -2.312896
v -1.033749 4.141351 -2.410135
v -0.600421 4.141351 -2.410135
vn -0.0000 -0.1951 -0.9808
vn -0.0000 -0.5556 -0.8315
vn -0.0000 -0.8315 -0.5556
vn -0.0000 -0.9808 -0.1951
vn -0.0000 -0.9808 0.1951
vn -0.0000 -0.8315 0.5556
vn -0.0000 -0.5556 0.8315
vn -0.0000 -0.1951 0.9808
vn -0.0000 0.1951 0.9808
vn -0.0000 0.5556 0.8315
vn -0.0000 0.8315 0.5556
vn -0.0000 0.9808 0.1951
vn -0.0000 0.9808 -0.1951
vn -0.0000 0.8315 -0.5556
vn 1.0000 -0.0000 -0.0000
vn -0.0000 0.5556 -0.8315
vn -0.0000 0.1951 -0.9808
vn -1.0000 -0.0000 -0.0000
vt 1.000000 0.500000
vt 1.000000 1.000000
vt 0.937500 1.000000
vt 0.937500 0.500000
vt 0.875000 1.000000
vt 0.875000 0.500000
vt 0.812500 1.000000
vt 0.812500 0.500000
vt 0.750000 1.000000
vt 0.750000 0.500000
vt 0.687500 1.000000
vt 0.687500 0.500000
vt 0.625000 1.000000
vt 0.625000 0.500000
vt 0.562500 1.000000
vt 0.562500 0.500000
vt 0.500000 1.000000
vt 0.500000 0.500000
vt 0.437500 1.000000
vt 0.437500 0.500000
vt 0.375000 1.000000
vt 0.375000 0.500000
vt 0.312500 1.000000
vt 0.312500 0.500000
vt 0.250000 1.000000
vt 0.250000 0.500000
vt 0.187500 1.000000
vt 0.187500 0.500000
vt 0.125000 1.000000
vt 0.125000 0.500000
vt 0.341844 0.471731
vt 0.250000 0.490000
vt 0.158156 0.471731
vt 0.080294 0.419706
vt 0.028269 0.341844
vt 0.010000 0.250000
vt 0.028269 0.158156
vt 0.080294 0.080294
vt 0.158156 0.028269
vt 0.250000 0.010000
vt 0.341844 0.028269
vt 0.419706 0.080294
vt 0.471731 0.158156
vt 0.490000 0.250000
vt 0.471731 0.341844
vt 0.419706 0.419706
vt 0.062500 1.000000
vt 0.062500 0.500000
vt 0.000000 1.000000
vt 0.000000 0.500000
vt 0.750000 0.490000
vt 0.841844 0.471731
vt 0.919706 0.419706
vt 0.971731 0.341844
vt 0.990000 0.250000
vt 0.971731 0.158156
vt 0.919706 0.080294
vt 0.841844 0.028269
vt 0.750000 0.010000
vt 0.658156 0.028269
vt 0.580294 0.080294
vt 0.528269 0.158156
vt 0.510000 0.250000
vt 0.528269 0.341844
vt 0.580294 0.419706
vt 0.658156 0.471731
s 0
f 1216/1026/609 1217/1027/609 1219/1028/609 1218/1029/609
f 1218/1029/610 1219/1028/610 1221/1030/610 1220/1031/610
f 1220/1031/611 1221/1030/611 1223/1032/611 1222/1033/611
f 1222/1033/612 1223/1032/612 1225/1034/612 1224/1035/612
f 1224/1035/613 1225/1034/613 1227/1036/613 1226/1037/613
f 1226/1037/614 1227/1036/614 1229/1038/614 1228/1039/614
f 1228/1039/615 1229/1038/615 1231/1040/615 1230/1041/615
f 1230/1041/616 1231/1040/616 1233/1042/616 1232/1043/616
f 1232/1043/617 1233/1042/617 1235/1044/617 1234/1045/617
f 1234/1045/618 1235/1044/618 1237/1046/618 1236/1047/618
f 1236/1047/619 1237/1046/619 1239/1048/619 1238/1049/619
f 1238/1049/620 1239/1048/620 1241/1050/620 1240/1051/620
f 1240/1051/621 1241/1050/621 1243/1052/621 1242/1053/621
f 1242/1053/622 1243/1052/622 1245/1054/622 1244/1055/622
f 1219/1056/623 1217/1057/623 1247/1058/623 1245/1059/623 1243/1060/623 1241/1061/623 1239/1062/623 1237/1063/623 1235/1064/623 1233/1065/623 1231/1066/623 1229/1067/623 1227/1068/623 1225/1069/623 1223/1070/623 1221/1071/623
f 1244/1055/624 1245/1054/624 1247/1072/624 1246/1073/624
f 1246/1073/625 1247/1072/625 1217/1074/625 1216/1075/625
f 1216/1076/626 1218/1077/626 1220/1078/626 1222/1079/626 1224/1080/626 1226/1081/626 1228/1082/626 1230/1083/626 1232/1084/626 1234/1085/626 1236/1086/626 1238/1087/626 1240/1088/626 1242/1089/626 1244/1090/626 1246/1091/626
o Cylinder.001
v 0.618986 3.969688 -2.444281
v 1.052313 3.969688 -2.444281
v 0.618986 3.798025 -2.410135
v 1.052313 3.798025 -2.410135
v 0.618986 3.652496 -2.312896
v 1.052313 3.652496 -2.312896
v 0.618986 3.555256 -2.167367
v 1.052313 3.555256 -2.167367
v 0.618986 3.521110 -1.995703
v 1.052313 3.521110 -1.995703
v 0.618986 3.555256 -1.824040
v 1.052313 3.555256 -1.824040
v 0.618986 3.652496 -1.678511
v 1.052313 3.652496 -1.678511
v 0.618986 3.798025 -1.581271
v 1.052313 3.798025 -1.581271
v 0.618986 3.969688 -1.547125
v 1.052313 3.969688 -1.547125
v 0.618986 4.141351 -1.581271
v 1.052313 4.141351 -1.581271
v 0.618986 4.286880 -1.678511
v 1.052313 4.286880 -1.678511
v 0.618986 4.384120 -1.824040
v 1.052313 4.384120 -1.824040
v 0.618986 4.418266 -1.995703
v 1.052313 4.418266 -1.995703
v 0.618986 4.384120 -2.167367
v 1.052313 4.384120 -2.167367
v 0.618986 4.286880 -2.312896
v 1.052313 4.286880 -2.312896
v 0.618986 4.141351 -2.410135
v 1.052313 4.141351 -2.410135
vn -0.0000 -0.1951 -0.9808
vn -0.0000 -0.5556 -0.8315
vn -0.0000 -0.8315 -0.5556
vn -0.0000 -0.9808 -0.1951
vn -0.0000 -0.9808 0.1951
vn -0.0000 -0.8315 0.5556
vn -0.0000 -0.5556 0.8315
vn -0.0000 -0.1951 0.9808
vn -0.0000 0.1951 0.9808
vn -0.0000 0.5556 0.8315
vn -0.0000 0.8315 0.5556
vn -0.0000 0.9808 0.1951
vn -0.0000 0.9808 -0.1951
vn -0.0000 0.8315 -0.5556
vn 1.0000 -0.0000 -0.0000
vn -0.0000 0.5556 -0.8315
vn -0.0000 0.1951 -0.9808
vn -1.0000 -0.0000 -0.0000
vt 1.000000 0.500000
vt 1.000000 1.000000
vt 0.937500 1.000000
vt 0.937500 0.500000
vt 0.875000 1.000000
vt 0.875000 0.500000
vt 0.812500 1.000000
vt 0.812500 0.500000
vt 0.750000 1.000000
vt 0.750000 0.500000
vt 0.687500 1.000000
vt 0.687500 0.500000
vt 0.625000 1.000000
vt 0.625000 0.500000
vt 0.562500 1.000000
vt 0.562500 0.500000
vt 0.500000 1.000000
vt 0.500000 0.500000
vt 0.437500 1.000000
vt 0.437500 0.500000
vt 0.375000 1.000000
vt 0.375000 0.500000
vt 0.312500 1.000000
vt 0.312500 0.500000
vt 0.250000 1.000000
vt 0.250000 0.500000
vt 0.187500 1.000000
vt 0.187500 0.500000
vt 0.125000 1.000000
vt 0.125000 0.500000
vt 0.341844 0.471731
vt 0.250000 0.490000
vt 0.158156 0.471731
vt 0.080294 0.419706
vt 0.028269 0.341844
vt 0.010000 0.250000
vt 0.028269 0.158156
vt 0.080294 0.080294
vt 0.158156 0.028269
vt 0.250000 0.010000
vt 0.341844 0.028269
vt 0.419706 0.080294
vt 0.471731 0.158156
vt 0.490000 0.250000
vt 0.471731 0.341844
vt 0.419706 0.419706
vt 0.062500 1.000000
vt 0.062500 0.500000
vt 0.000000 1.000000
vt 0.000000 0.500000
vt 0.750000 0.490000
vt 0.841844 0.471731
vt 0.919706 0.419706
vt 0.971731 0.341844
vt 0.990000 0.250000
vt 0.971731 0.158156
vt 0.919706 0.080294
vt 0.841844 0.028269
vt 0.750000 0.010000
vt 0.658156 0.028269
vt 0.580294 0.080294
vt 0.528269 0.158156
vt 0.510000 0.250000
vt 0.528269 0.341844
vt 0.580294 0.419706
vt 0.658156 0.471731
s 0
f 1248/1092/627 1249/1093/627 1251/1094/627 1250/1095/627
f 1250/1095/628 1251/1094/628 1253/1096/628 1252/1097/628
f 1252/1097/629 1253/1096/629 1255/1098/629 1254/1099/629
f 1254/1099/630 1255/1098/630 1257/1100/630 1256/1101/630
f 1256/1101/631 1257/1100/631 1259/1102/631 1258/1103/631
f 1258/1103/632 1259/1102/632 1261/1104/632 1260/1105/632
f 1260/1105/633 1261/1104/633 1263/1106/633 1262/1107/633
f 1262/1107/634 1263/1106/634 1265/1108/634 1264/1109/634
f 1264/1109/635 1265/1108/635 1267/1110/635 1266/1111/635
f 1266/1111/636 1267/1110/636 1269/1112/636 1268/1113/636
f 1268/1113/637 1269/1112/637 1271/1114/637 1270/1115/637
f 1270/1115/638 1271/1114/638 1273/1116/638 1272/1117/638
f 1272/1117/639 1273/1116/639 1275/1118/639 1274/1119/639
f 1274/1119/640 1275/1118/640 1277/1120/640 1276/1121/640
f 1251/1122/641 1249/1123/641 1279/1124/641 1277/1125/641 1275/1126/641 1273/1127/641 1271/1128/641 1269/1129/641 1267/1130/641 1265/1131/641 1263/1132/641 1261/1133/641 1259/1134/641 1257/1135/641 1255/1136/641 1253/1137/641
f 1276/1121/642 1277/1120/642 1279/1138/642 1278/1139/642
f 1278/1139/643 1279/1138/643 1249/1140/643 1248/1141/643
f 1248/1142/644 1250/1143/644 1252/1144/644 1254/1145/644 1256/1146/644 1258/1147/644 1260/1148/644 1262/1149/644 1264/1150/644 1266/1151/644 1268/1152/644 1270/1153/644 1272/1154/644 1274/1155/644 1276/1156/644 1278/1157/644
o Cube.004
v 0.809096 4.436289 1.374130
v 0.809096 6.124945 1.481608
v 0.809096 4.432625 0.749895
v 0.809096 6.121892 0.780429
v 1.048121 4.436289 1.374130
v 1.048121 6.124945 1.481608
v 1.048121 4.432625 0.749895
v 1.048121 6.121892 0.780429
v 0.811700 4.771517 1.490797
v 0.809096 4.781566 0.752949
v 1.048121 4.781566 0.752949
v 1.050725 4.771517 1.490797
vn -1.0000 -0.0010 0.0018
vn -0.0000 0.0205 -0.9998
vn 1.0000 0.0010 -0.0018
vn -0.0000 0.0068 1.0000
vn -0.0000 -1.0000 0.0059
vn -0.0000 1.0000 -0.0044
vn -0.0000 -0.3287 0.9444
vn 1.0000 -0.0035 -0.0019
vn -0.0000 0.0087 -1.0000
vn -1.0000 0.0035 0.0019
vt 0.423491 0.000000
vt 0.625000 0.000000
vt 0.625000 0.250000
vt 0.423491 0.250000
vt 0.625000 0.500000
vt 0.423491 0.500000
vt 0.625000 0.750000
vt 0.423491 0.750000
vt 0.625000 1.000000
vt 0.423491 1.000000
vt 0.125000 0.500000
vt 0.375000 0.500000
vt 0.375000 0.750000
vt 0.125000 0.750000
vt 0.875000 0.500000
vt 0.875000 0.750000
vt 0.375000 1.000000
vt 0.375000 0.250000
vt 0.375000 0.000000
s 0
f 1288/1158/645 1281/1159/645 1283/1160/645 1289/1161/645
f 1289/1161/646 1283/1160/646 1287/1162/646 1290/1163/646
f 1290/1163/647 1287/1162/647 1285/1164/647 1291/1165/647
f 1291/1165/648 1285/1164/648 1281/1166/648 1288/1167/648
f 1282/1168/649 1286/1169/649 1284/1170/649 1280/1171/649
f 1287/1162/650 1283/1172/650 1281/1173/650 1285/1164/650
f 1284/1170/651 1291/1165/651 1288/1167/651 1280/1174/651
f 1286/1169/652 1290/1163/652 1291/1165/652 1284/1170/652
f 1282/1175/653 1289/1161/653 1290/1163/653 1286/1169/653
f 1280/1176/654 1288/1158/654 1289/1161/654 1282/1175/654
o Cube.009
v -1.080511 4.945679 -2.195076
v -1.080511 5.697909 -2.195076
v -1.080511 4.945679 -3.624769
v -1.080511 5.697909 -3.624769
v -0.861372 4.945679 -2.195076
v -0.861372 5.697909 -2.195076
v -0.861372 4.945679 -3.624769
v -0.861372 5.697909 -3.624769
vn -1.0000 -0.0000 -0.0000
vn -0.0000 -0.0000 -1.0000
vn 1.0000 -0.0000 -0.0000
vn -0.0000 -0.0000 1.0000
vn -0.0000 -1.0000 -0.0000
vn -0.0000 1.0000 -0.0000
vt 0.375000 0.000000
vt 0.625000 0.000000
vt 0.625000 0.250000
vt 0.375000 0.250000
vt 0.625000 0.500000
vt 0.375000 0.500000
vt 0.625000 0.750000
vt 0.375000 0.750000
vt 0.625000 1.000000
vt 0.375000 1.000000
vt 0.125000 0.500000
vt 0.125000 0.750000
vt 0.875000 0.500000
vt 0.875000 0.750000
s 0
f 1292/1177/655 1293/1178/655 1295/1179/655 1294/1180/655
f 1294/1180/656 1295/1179/656 1299/1181/656 1298/1182/656
f 1298/1182/657 1299/1181/657 1297/1183/657 1296/1184/657
f 1296/1184/658 1297/1183/658 1293/1185/658 1292/1186/658
f 1294/1187/659 1298/1182/659 1296/1184/659 1292/1188/659
f 1299/1181/660 1295/1189/660 1293/1190/660 1297/1183/660
o Cube.010
v -0.583486 4.205143 -3.972641
v -0.583486 4.883343 -3.972641
v -0.583486 4.207293 -4.206762
v -0.583486 4.883343 -4.206762
v 0.575726 4.205143 -3.972641
v 0.575726 4.883343 -3.972641
v 0.575726 4.207293 -4.206762
v 0.575726 4.883343 -4.206762
vn -1.0000 -0.0000 -0.0000
vn -0.0000 -0.0000 -1.0000
vn 1.0000 -0.0000 -0.0000
vn -0.0000 -0.0000 1.0000
vn -0.0000 -1.0000 -0.0092
vn -0.0000 1.0000 -0.0000
vt 0.375000 0.000000
vt 0.625000 0.000000
vt 0.625000 0.250000
vt 0.375000 0.250000
vt 0.625000 0.500000
vt 0.375000 0.500000
vt 0.625000 0.750000
vt 0.375000 0.750000
vt 0.625000 1.000000
vt 0.375000 1.000000
vt 0.125000 0.500000
vt 0.125000 0.750000
vt 0.875000 0.500000
vt 0.875000 0.750000
s 0
f 1300/1191/661 1301/1192/661 1303/1193/661 1302/1194/661
f 1302/1194/662 1303/1193/662 1307/1195/662 1306/1196/662
f 1306/1196/663 1307/1195/663 1305/1197/663 1304/1198/663
f 1304/1198/664 1305/1197/664 1301/1199/664 1300/1200/664
f 1302/1201/665 1306/1196/665 1304/1198/665 1300/1202/665
f 1307/1195/666 1303/1203/666 1301/1204/666 1305/1197/666
